incident_event_id,person_id,date,incident_type,intensity_level,recovery_requirement
INC-0001-008,P-0001,2026-01-08,ROUTINE_OPERATION,4,4.76
INC-0001-009,P-0001,2026-01-09,EMERGENCY_RESPONSE,5,6.14
INC-0001-015,P-0001,2026-01-15,ROUTINE_OPERATION,5,5.38
INC-0001-044,P-0001,2026-02-13,EXTENDED_OPERATION,3,4.53
INC-0001-048,P-0001,2026-02-17,HIGH_INTENSITY_OPERATION,5,5.67
INC-0001-064,P-0001,2026-03-05,EXTENDED_OPERATION,4,6.04
INC-0001-072,P-0001,2026-03-13,EXTENDED_OPERATION,3,4.08
INC-0001-076,P-0001,2026-03-17,HIGH_INTENSITY_OPERATION,1,2.97
INC-0001-091,P-0001,2026-04-01,ROUTINE_OPERATION,4,5.18
INC-0001-105,P-0001,2026-04-15,HIGH_INTENSITY_OPERATION,3,4.6
INC-0001-143,P-0001,2026-05-23,EMERGENCY_RESPONSE,1,2.88
INC-0002-011,P-0002,2026-01-11,ROUTINE_OPERATION,5,5.04
INC-0002-057,P-0002,2026-02-26,ROUTINE_OPERATION,5,6.67
INC-0002-108,P-0002,2026-04-18,ROUTINE_OPERATION,2,3.23
INC-0002-115,P-0002,2026-04-25,ROUTINE_OPERATION,2,3.57
INC-0003-028,P-0003,2026-01-28,EMERGENCY_RESPONSE,5,5.27
INC-0003-092,P-0003,2026-04-02,HIGH_INTENSITY_OPERATION,2,3.9
INC-0003-095,P-0003,2026-04-05,HIGH_INTENSITY_OPERATION,2,4.21
INC-0003-098,P-0003,2026-04-08,EMERGENCY_RESPONSE,5,6.29
INC-0003-133,P-0003,2026-05-13,HIGH_INTENSITY_OPERATION,4,4.23
INC-0003-136,P-0003,2026-05-16,HIGH_INTENSITY_OPERATION,4,4.99
INC-0003-143,P-0003,2026-05-23,ROUTINE_OPERATION,2,3.72
INC-0003-157,P-0003,2026-06-06,HIGH_INTENSITY_OPERATION,4,5.95
INC-0003-159,P-0003,2026-06-08,HIGH_INTENSITY_OPERATION,5,5.69
INC-0003-170,P-0003,2026-06-19,HIGH_INTENSITY_OPERATION,3,3.93
INC-0004-003,P-0004,2026-01-03,HIGH_INTENSITY_OPERATION,4,6.03
INC-0004-057,P-0004,2026-02-26,EMERGENCY_RESPONSE,5,6.37
INC-0004-078,P-0004,2026-03-19,EMERGENCY_RESPONSE,3,4.68
INC-0004-143,P-0004,2026-05-23,HIGH_INTENSITY_OPERATION,3,4.11
INC-0004-165,P-0004,2026-06-14,EMERGENCY_RESPONSE,4,5.07
INC-0005-030,P-0005,2026-01-30,EMERGENCY_RESPONSE,4,6.42
INC-0005-122,P-0005,2026-05-02,HIGH_INTENSITY_OPERATION,2,3.23
INC-0005-171,P-0005,2026-06-20,ROUTINE_OPERATION,1,1.78
INC-0006-025,P-0006,2026-01-25,ROUTINE_OPERATION,2,3.33
INC-0006-116,P-0006,2026-04-26,ROUTINE_OPERATION,3,4.46
INC-0006-142,P-0006,2026-05-22,ROUTINE_OPERATION,3,4.45
INC-0007-025,P-0007,2026-01-25,HIGH_INTENSITY_OPERATION,4,4.76
INC-0007-056,P-0007,2026-02-25,ROUTINE_OPERATION,3,4.96
INC-0007-077,P-0007,2026-03-18,HIGH_INTENSITY_OPERATION,5,5.98
INC-0007-078,P-0007,2026-03-19,ROUTINE_OPERATION,3,4.33
INC-0007-088,P-0007,2026-03-29,ROUTINE_OPERATION,5,5.73
INC-0007-090,P-0007,2026-03-31,EMERGENCY_RESPONSE,5,5.48
INC-0007-095,P-0007,2026-04-05,HIGH_INTENSITY_OPERATION,2,4.3
INC-0007-101,P-0007,2026-04-11,ROUTINE_OPERATION,5,6.18
INC-0007-103,P-0007,2026-04-13,ROUTINE_OPERATION,5,6.56
INC-0007-128,P-0007,2026-05-08,HIGH_INTENSITY_OPERATION,2,3.7
INC-0007-156,P-0007,2026-06-05,EXTENDED_OPERATION,5,5.64
INC-0008-056,P-0008,2026-02-25,HIGH_INTENSITY_OPERATION,5,6.16
INC-0008-131,P-0008,2026-05-11,HIGH_INTENSITY_OPERATION,3,4.97
INC-0008-137,P-0008,2026-05-17,EXTENDED_OPERATION,5,7.07
INC-0008-140,P-0008,2026-05-20,HIGH_INTENSITY_OPERATION,5,6.19
INC-0009-016,P-0009,2026-01-16,EXTENDED_OPERATION,4,5.53
INC-0009-017,P-0009,2026-01-17,EMERGENCY_RESPONSE,2,3.06
INC-0009-124,P-0009,2026-05-04,EMERGENCY_RESPONSE,2,3.39
INC-0009-152,P-0009,2026-06-01,EMERGENCY_RESPONSE,3,4.46
INC-0009-173,P-0009,2026-06-22,ROUTINE_OPERATION,3,5.32
INC-0010-001,P-0010,2026-01-01,HIGH_INTENSITY_OPERATION,3,4.38
INC-0010-016,P-0010,2026-01-16,ROUTINE_OPERATION,4,5.78
INC-0010-020,P-0010,2026-01-20,EMERGENCY_RESPONSE,5,5.99
INC-0010-051,P-0010,2026-02-20,HIGH_INTENSITY_OPERATION,4,5.92
INC-0010-053,P-0010,2026-02-22,HIGH_INTENSITY_OPERATION,5,5.09
INC-0010-068,P-0010,2026-03-09,EXTENDED_OPERATION,4,5.9
INC-0010-071,P-0010,2026-03-12,HIGH_INTENSITY_OPERATION,4,6.36
INC-0010-074,P-0010,2026-03-15,HIGH_INTENSITY_OPERATION,4,4.95
INC-0010-100,P-0010,2026-04-10,EXTENDED_OPERATION,4,4.72
INC-0010-103,P-0010,2026-04-13,ROUTINE_OPERATION,5,5.28
INC-0010-104,P-0010,2026-04-14,ROUTINE_OPERATION,5,5.89
INC-0010-117,P-0010,2026-04-27,ROUTINE_OPERATION,3,3.05
INC-0010-138,P-0010,2026-05-18,HIGH_INTENSITY_OPERATION,4,5.02
INC-0010-164,P-0010,2026-06-13,EMERGENCY_RESPONSE,4,3.65
INC-0010-172,P-0010,2026-06-21,HIGH_INTENSITY_OPERATION,5,6.11
INC-0010-180,P-0010,2026-06-29,HIGH_INTENSITY_OPERATION,5,6.79
INC-0011-005,P-0011,2026-01-05,EMERGENCY_RESPONSE,4,5.52
INC-0011-022,P-0011,2026-01-22,EXTENDED_OPERATION,3,4.53
INC-0011-024,P-0011,2026-01-24,EXTENDED_OPERATION,5,5.28
INC-0011-035,P-0011,2026-02-04,ROUTINE_OPERATION,4,5.34
INC-0011-056,P-0011,2026-02-25,EMERGENCY_RESPONSE,3,3.49
INC-0011-057,P-0011,2026-02-26,EMERGENCY_RESPONSE,5,6.93
INC-0011-095,P-0011,2026-04-05,HIGH_INTENSITY_OPERATION,4,4.79
INC-0011-106,P-0011,2026-04-16,ROUTINE_OPERATION,5,6.0
INC-0011-114,P-0011,2026-04-24,HIGH_INTENSITY_OPERATION,5,5.78
INC-0011-123,P-0011,2026-05-03,HIGH_INTENSITY_OPERATION,5,6.22
INC-0011-124,P-0011,2026-05-04,EMERGENCY_RESPONSE,5,6.86
INC-0011-137,P-0011,2026-05-17,EXTENDED_OPERATION,4,3.78
INC-0011-143,P-0011,2026-05-23,EXTENDED_OPERATION,4,5.4
INC-0011-148,P-0011,2026-05-28,HIGH_INTENSITY_OPERATION,5,6.25
INC-0011-165,P-0011,2026-06-14,EMERGENCY_RESPONSE,3,3.38
INC-0011-170,P-0011,2026-06-19,EXTENDED_OPERATION,4,6.11
INC-0012-001,P-0012,2026-01-01,EXTENDED_OPERATION,5,5.84
INC-0012-024,P-0012,2026-01-24,EMERGENCY_RESPONSE,5,6.88
INC-0012-059,P-0012,2026-02-28,EMERGENCY_RESPONSE,4,5.05
INC-0012-064,P-0012,2026-03-05,HIGH_INTENSITY_OPERATION,4,5.73
INC-0012-078,P-0012,2026-03-19,EMERGENCY_RESPONSE,4,5.64
INC-0013-027,P-0013,2026-01-27,HIGH_INTENSITY_OPERATION,3,4.38
INC-0013-089,P-0013,2026-03-30,EMERGENCY_RESPONSE,4,5.13
INC-0013-112,P-0013,2026-04-22,ROUTINE_OPERATION,5,6.52
INC-0013-140,P-0013,2026-05-20,ROUTINE_OPERATION,3,4.07
INC-0013-144,P-0013,2026-05-24,HIGH_INTENSITY_OPERATION,4,4.65
INC-0013-155,P-0013,2026-06-04,EMERGENCY_RESPONSE,5,7.49
INC-0013-168,P-0013,2026-06-17,EMERGENCY_RESPONSE,4,5.51
INC-0014-002,P-0014,2026-01-02,EXTENDED_OPERATION,5,6.17
INC-0014-004,P-0014,2026-01-04,HIGH_INTENSITY_OPERATION,4,5.01
INC-0014-023,P-0014,2026-01-23,EMERGENCY_RESPONSE,5,6.24
INC-0014-033,P-0014,2026-02-02,EMERGENCY_RESPONSE,4,4.2
INC-0014-044,P-0014,2026-02-13,HIGH_INTENSITY_OPERATION,4,4.57
INC-0014-060,P-0014,2026-03-01,EXTENDED_OPERATION,5,6.11
INC-0014-071,P-0014,2026-03-12,EXTENDED_OPERATION,5,5.07
INC-0014-072,P-0014,2026-03-13,HIGH_INTENSITY_OPERATION,5,5.72
INC-0014-075,P-0014,2026-03-16,HIGH_INTENSITY_OPERATION,4,4.87
INC-0014-083,P-0014,2026-03-24,EXTENDED_OPERATION,4,5.73
INC-0014-095,P-0014,2026-04-05,HIGH_INTENSITY_OPERATION,4,5.48
INC-0014-099,P-0014,2026-04-09,EMERGENCY_RESPONSE,3,3.85
INC-0014-103,P-0014,2026-04-13,EMERGENCY_RESPONSE,5,6.36
INC-0014-105,P-0014,2026-04-15,EMERGENCY_RESPONSE,5,5.68
INC-0014-108,P-0014,2026-04-18,HIGH_INTENSITY_OPERATION,3,5.17
INC-0014-121,P-0014,2026-05-01,ROUTINE_OPERATION,4,4.89
INC-0014-124,P-0014,2026-05-04,ROUTINE_OPERATION,4,3.89
INC-0014-136,P-0014,2026-05-16,ROUTINE_OPERATION,1,2.91
INC-0014-140,P-0014,2026-05-20,EXTENDED_OPERATION,3,2.96
INC-0014-159,P-0014,2026-06-08,EMERGENCY_RESPONSE,5,6.11
INC-0014-171,P-0014,2026-06-20,EMERGENCY_RESPONSE,4,5.64
INC-0014-178,P-0014,2026-06-27,ROUTINE_OPERATION,5,6.74
INC-0015-013,P-0015,2026-01-13,EMERGENCY_RESPONSE,5,6.07
INC-0015-026,P-0015,2026-01-26,HIGH_INTENSITY_OPERATION,4,5.23
INC-0015-033,P-0015,2026-02-02,ROUTINE_OPERATION,5,6.02
INC-0015-040,P-0015,2026-02-09,EMERGENCY_RESPONSE,4,5.78
INC-0015-045,P-0015,2026-02-14,EMERGENCY_RESPONSE,5,5.65
INC-0015-054,P-0015,2026-02-23,HIGH_INTENSITY_OPERATION,5,5.51
INC-0015-082,P-0015,2026-03-23,HIGH_INTENSITY_OPERATION,4,5.91
INC-0015-110,P-0015,2026-04-20,ROUTINE_OPERATION,4,5.73
INC-0015-119,P-0015,2026-04-29,EXTENDED_OPERATION,4,5.27
INC-0015-160,P-0015,2026-06-09,EXTENDED_OPERATION,4,5.31
INC-0015-164,P-0015,2026-06-13,HIGH_INTENSITY_OPERATION,2,3.18
INC-0016-016,P-0016,2026-01-16,ROUTINE_OPERATION,4,4.5
INC-0016-032,P-0016,2026-02-01,HIGH_INTENSITY_OPERATION,4,5.13
INC-0016-034,P-0016,2026-02-03,ROUTINE_OPERATION,5,5.57
INC-0016-056,P-0016,2026-02-25,HIGH_INTENSITY_OPERATION,5,6.62
INC-0016-057,P-0016,2026-02-26,EMERGENCY_RESPONSE,4,5.57
INC-0016-076,P-0016,2026-03-17,ROUTINE_OPERATION,5,6.4
INC-0016-084,P-0016,2026-03-25,EMERGENCY_RESPONSE,5,5.58
INC-0016-116,P-0016,2026-04-26,EMERGENCY_RESPONSE,5,5.91
INC-0016-130,P-0016,2026-05-10,HIGH_INTENSITY_OPERATION,5,5.57
INC-0016-131,P-0016,2026-05-11,HIGH_INTENSITY_OPERATION,5,5.33
INC-0016-142,P-0016,2026-05-22,ROUTINE_OPERATION,4,5.46
INC-0016-148,P-0016,2026-05-28,HIGH_INTENSITY_OPERATION,5,5.94
INC-0016-172,P-0016,2026-06-21,EXTENDED_OPERATION,5,6.2
INC-0017-017,P-0017,2026-01-17,HIGH_INTENSITY_OPERATION,1,2.58
INC-0017-038,P-0017,2026-02-07,HIGH_INTENSITY_OPERATION,4,5.66
INC-0017-051,P-0017,2026-02-20,ROUTINE_OPERATION,2,3.61
INC-0017-061,P-0017,2026-03-02,ROUTINE_OPERATION,5,5.28
INC-0017-088,P-0017,2026-03-29,EMERGENCY_RESPONSE,5,5.36
INC-0017-089,P-0017,2026-03-30,EMERGENCY_RESPONSE,5,6.95
INC-0017-093,P-0017,2026-04-03,ROUTINE_OPERATION,1,3.0
INC-0017-099,P-0017,2026-04-09,ROUTINE_OPERATION,5,6.73
INC-0017-117,P-0017,2026-04-27,ROUTINE_OPERATION,4,4.62
INC-0017-119,P-0017,2026-04-29,ROUTINE_OPERATION,2,3.8
INC-0017-123,P-0017,2026-05-03,ROUTINE_OPERATION,1,3.2
INC-0017-166,P-0017,2026-06-15,EXTENDED_OPERATION,5,6.02
INC-0017-168,P-0017,2026-06-17,ROUTINE_OPERATION,5,6.1
INC-0017-172,P-0017,2026-06-21,ROUTINE_OPERATION,4,3.76
INC-0017-179,P-0017,2026-06-28,ROUTINE_OPERATION,5,5.77
INC-0018-020,P-0018,2026-01-20,EMERGENCY_RESPONSE,4,6.33
INC-0018-021,P-0018,2026-01-21,ROUTINE_OPERATION,3,4.15
INC-0018-031,P-0018,2026-01-31,ROUTINE_OPERATION,5,5.22
INC-0018-040,P-0018,2026-02-09,HIGH_INTENSITY_OPERATION,5,4.41
INC-0018-108,P-0018,2026-04-18,ROUTINE_OPERATION,3,4.99
INC-0018-150,P-0018,2026-05-30,HIGH_INTENSITY_OPERATION,4,5.43
INC-0019-026,P-0019,2026-01-26,EXTENDED_OPERATION,5,6.59
INC-0019-030,P-0019,2026-01-30,HIGH_INTENSITY_OPERATION,5,6.96
INC-0019-043,P-0019,2026-02-12,EXTENDED_OPERATION,4,4.88
INC-0019-064,P-0019,2026-03-05,ROUTINE_OPERATION,4,3.34
INC-0019-134,P-0019,2026-05-14,EMERGENCY_RESPONSE,3,3.76
INC-0019-180,P-0019,2026-06-29,ROUTINE_OPERATION,3,4.14
INC-0020-024,P-0020,2026-01-24,HIGH_INTENSITY_OPERATION,3,3.11
INC-0020-122,P-0020,2026-05-02,EMERGENCY_RESPONSE,3,3.86
INC-0020-157,P-0020,2026-06-06,HIGH_INTENSITY_OPERATION,5,5.61
INC-0021-022,P-0021,2026-01-22,EMERGENCY_RESPONSE,5,5.73
INC-0021-113,P-0021,2026-04-23,ROUTINE_OPERATION,4,6.55
INC-0021-121,P-0021,2026-05-01,ROUTINE_OPERATION,3,4.82
INC-0021-175,P-0021,2026-06-24,HIGH_INTENSITY_OPERATION,3,3.81
INC-0022-017,P-0022,2026-01-17,EMERGENCY_RESPONSE,5,4.94
INC-0022-033,P-0022,2026-02-02,ROUTINE_OPERATION,4,4.93
INC-0022-042,P-0022,2026-02-11,HIGH_INTENSITY_OPERATION,3,4.63
INC-0022-067,P-0022,2026-03-08,HIGH_INTENSITY_OPERATION,5,5.65
INC-0022-110,P-0022,2026-04-20,HIGH_INTENSITY_OPERATION,5,6.0
INC-0022-155,P-0022,2026-06-04,EMERGENCY_RESPONSE,3,3.47
INC-0023-002,P-0023,2026-01-02,ROUTINE_OPERATION,1,3.04
INC-0023-015,P-0023,2026-01-15,ROUTINE_OPERATION,1,2.55
INC-0023-049,P-0023,2026-02-18,ROUTINE_OPERATION,5,5.45
INC-0023-149,P-0023,2026-05-29,ROUTINE_OPERATION,1,2.31
INC-0023-155,P-0023,2026-06-04,ROUTINE_OPERATION,5,5.82
INC-0024-054,P-0024,2026-02-23,HIGH_INTENSITY_OPERATION,1,2.02
INC-0024-080,P-0024,2026-03-21,HIGH_INTENSITY_OPERATION,5,5.19
INC-0024-086,P-0024,2026-03-27,EMERGENCY_RESPONSE,5,5.5
INC-0024-143,P-0024,2026-05-23,EMERGENCY_RESPONSE,5,6.14
INC-0024-159,P-0024,2026-06-08,EMERGENCY_RESPONSE,5,5.69
INC-0024-165,P-0024,2026-06-14,HIGH_INTENSITY_OPERATION,3,3.34
INC-0025-034,P-0025,2026-02-03,ROUTINE_OPERATION,4,5.14
INC-0025-035,P-0025,2026-02-04,HIGH_INTENSITY_OPERATION,3,4.71
INC-0025-053,P-0025,2026-02-22,ROUTINE_OPERATION,2,3.33
INC-0025-106,P-0025,2026-04-16,HIGH_INTENSITY_OPERATION,3,4.48
INC-0025-123,P-0025,2026-05-03,ROUTINE_OPERATION,2,3.95
INC-0025-174,P-0025,2026-06-23,EXTENDED_OPERATION,2,3.45
INC-0026-001,P-0026,2026-01-01,ROUTINE_OPERATION,2,3.74
INC-0026-011,P-0026,2026-01-11,ROUTINE_OPERATION,4,4.68
INC-0026-016,P-0026,2026-01-16,EXTENDED_OPERATION,2,4.01
INC-0026-059,P-0026,2026-02-28,ROUTINE_OPERATION,1,3.42
INC-0026-107,P-0026,2026-04-17,ROUTINE_OPERATION,3,5.08
INC-0026-171,P-0026,2026-06-20,HIGH_INTENSITY_OPERATION,2,3.71
INC-0027-025,P-0027,2026-01-25,ROUTINE_OPERATION,5,5.98
INC-0027-027,P-0027,2026-01-27,ROUTINE_OPERATION,3,4.89
INC-0027-117,P-0027,2026-04-27,ROUTINE_OPERATION,2,3.73
INC-0027-157,P-0027,2026-06-06,HIGH_INTENSITY_OPERATION,3,3.68
INC-0027-169,P-0027,2026-06-18,HIGH_INTENSITY_OPERATION,2,4.01
INC-0027-171,P-0027,2026-06-20,ROUTINE_OPERATION,2,3.57
INC-0028-017,P-0028,2026-01-17,EXTENDED_OPERATION,5,6.48
INC-0028-030,P-0028,2026-01-30,ROUTINE_OPERATION,5,5.44
INC-0028-052,P-0028,2026-02-21,HIGH_INTENSITY_OPERATION,4,4.01
INC-0028-054,P-0028,2026-02-23,HIGH_INTENSITY_OPERATION,4,5.69
INC-0028-065,P-0028,2026-03-06,EMERGENCY_RESPONSE,4,4.97
INC-0028-071,P-0028,2026-03-12,HIGH_INTENSITY_OPERATION,4,4.18
INC-0028-075,P-0028,2026-03-16,EMERGENCY_RESPONSE,4,6.44
INC-0028-116,P-0028,2026-04-26,HIGH_INTENSITY_OPERATION,3,4.37
INC-0028-147,P-0028,2026-05-27,EMERGENCY_RESPONSE,3,4.43
INC-0028-159,P-0028,2026-06-08,ROUTINE_OPERATION,4,5.6
INC-0029-008,P-0029,2026-01-08,EXTENDED_OPERATION,5,5.49
INC-0029-024,P-0029,2026-01-24,HIGH_INTENSITY_OPERATION,5,5.85
INC-0029-057,P-0029,2026-02-26,EXTENDED_OPERATION,4,5.14
INC-0030-021,P-0030,2026-01-21,ROUTINE_OPERATION,4,5.96
INC-0030-022,P-0030,2026-01-22,ROUTINE_OPERATION,3,4.66
INC-0030-084,P-0030,2026-03-25,HIGH_INTENSITY_OPERATION,5,6.53
INC-0030-139,P-0030,2026-05-19,ROUTINE_OPERATION,1,3.08
INC-0031-037,P-0031,2026-02-06,HIGH_INTENSITY_OPERATION,4,4.91
INC-0031-040,P-0031,2026-02-09,HIGH_INTENSITY_OPERATION,5,6.68
INC-0032-068,P-0032,2026-03-09,HIGH_INTENSITY_OPERATION,2,3.15
INC-0032-128,P-0032,2026-05-08,EMERGENCY_RESPONSE,3,4.39
INC-0033-012,P-0033,2026-01-12,HIGH_INTENSITY_OPERATION,5,6.41
INC-0033-053,P-0033,2026-02-22,HIGH_INTENSITY_OPERATION,4,4.98
INC-0033-076,P-0033,2026-03-17,EMERGENCY_RESPONSE,4,5.01
INC-0033-083,P-0033,2026-03-24,EMERGENCY_RESPONSE,3,4.04
INC-0033-086,P-0033,2026-03-27,EMERGENCY_RESPONSE,3,5.89
INC-0033-121,P-0033,2026-05-01,ROUTINE_OPERATION,3,4.25
INC-0033-126,P-0033,2026-05-06,EXTENDED_OPERATION,5,5.72
INC-0033-129,P-0033,2026-05-09,EXTENDED_OPERATION,4,6.14
INC-0033-152,P-0033,2026-06-01,HIGH_INTENSITY_OPERATION,4,6.32
INC-0033-153,P-0033,2026-06-02,ROUTINE_OPERATION,3,2.5
INC-0033-155,P-0033,2026-06-04,EMERGENCY_RESPONSE,3,4.92
INC-0033-161,P-0033,2026-06-10,EXTENDED_OPERATION,3,3.48
INC-0033-180,P-0033,2026-06-29,ROUTINE_OPERATION,3,4.14
INC-0034-144,P-0034,2026-05-24,HIGH_INTENSITY_OPERATION,4,4.9
INC-0035-013,P-0035,2026-01-13,HIGH_INTENSITY_OPERATION,5,7.37
INC-0035-058,P-0035,2026-02-27,ROUTINE_OPERATION,1,3.06
INC-0035-075,P-0035,2026-03-16,ROUTINE_OPERATION,4,5.24
INC-0035-077,P-0035,2026-03-18,EMERGENCY_RESPONSE,3,4.8
INC-0035-120,P-0035,2026-04-30,ROUTINE_OPERATION,3,4.36
INC-0035-130,P-0035,2026-05-10,ROUTINE_OPERATION,3,4.18
INC-0035-148,P-0035,2026-05-28,EMERGENCY_RESPONSE,2,3.99
INC-0035-153,P-0035,2026-06-02,HIGH_INTENSITY_OPERATION,3,5.12
INC-0035-159,P-0035,2026-06-08,EMERGENCY_RESPONSE,1,2.54
INC-0035-171,P-0035,2026-06-20,EMERGENCY_RESPONSE,3,4.66
INC-0035-177,P-0035,2026-06-26,EMERGENCY_RESPONSE,4,5.32
INC-0036-007,P-0036,2026-01-07,ROUTINE_OPERATION,2,4.24
INC-0036-034,P-0036,2026-02-03,HIGH_INTENSITY_OPERATION,3,4.86
INC-0036-059,P-0036,2026-02-28,EMERGENCY_RESPONSE,5,6.64
INC-0036-064,P-0036,2026-03-05,ROUTINE_OPERATION,2,3.72
INC-0036-091,P-0036,2026-04-01,HIGH_INTENSITY_OPERATION,5,6.17
INC-0037-016,P-0037,2026-01-16,HIGH_INTENSITY_OPERATION,3,4.84
INC-0037-021,P-0037,2026-01-21,ROUTINE_OPERATION,3,5.56
INC-0037-056,P-0037,2026-02-25,ROUTINE_OPERATION,3,3.14
INC-0037-134,P-0037,2026-05-14,HIGH_INTENSITY_OPERATION,5,6.34
INC-0037-135,P-0037,2026-05-15,ROUTINE_OPERATION,4,5.12
INC-0037-141,P-0037,2026-05-21,EMERGENCY_RESPONSE,4,6.64
INC-0037-151,P-0037,2026-05-31,ROUTINE_OPERATION,2,4.34
INC-0037-168,P-0037,2026-06-17,HIGH_INTENSITY_OPERATION,4,5.22
INC-0038-028,P-0038,2026-01-28,HIGH_INTENSITY_OPERATION,5,6.36
INC-0038-038,P-0038,2026-02-07,EMERGENCY_RESPONSE,5,5.13
INC-0038-042,P-0038,2026-02-11,EMERGENCY_RESPONSE,5,6.17
INC-0038-053,P-0038,2026-02-22,EMERGENCY_RESPONSE,4,5.46
INC-0038-063,P-0038,2026-03-04,EXTENDED_OPERATION,5,5.74
INC-0038-147,P-0038,2026-05-27,EXTENDED_OPERATION,5,6.24
INC-0038-173,P-0038,2026-06-22,EMERGENCY_RESPONSE,1,3.42
INC-0038-176,P-0038,2026-06-25,ROUTINE_OPERATION,4,5.57
INC-0039-023,P-0039,2026-01-23,ROUTINE_OPERATION,4,4.76
INC-0039-071,P-0039,2026-03-12,HIGH_INTENSITY_OPERATION,4,4.12
INC-0039-081,P-0039,2026-03-22,ROUTINE_OPERATION,4,3.98
INC-0039-104,P-0039,2026-04-14,HIGH_INTENSITY_OPERATION,5,5.66
INC-0039-160,P-0039,2026-06-09,EMERGENCY_RESPONSE,3,3.43
INC-0039-168,P-0039,2026-06-17,EXTENDED_OPERATION,5,6.28
INC-0039-178,P-0039,2026-06-27,EXTENDED_OPERATION,5,5.6
INC-0040-023,P-0040,2026-01-23,HIGH_INTENSITY_OPERATION,5,4.29
INC-0040-033,P-0040,2026-02-02,ROUTINE_OPERATION,1,1.88
INC-0040-055,P-0040,2026-02-24,HIGH_INTENSITY_OPERATION,3,4.11
INC-0040-083,P-0040,2026-03-24,ROUTINE_OPERATION,5,5.74
INC-0040-088,P-0040,2026-03-29,ROUTINE_OPERATION,4,4.69
INC-0040-094,P-0040,2026-04-04,HIGH_INTENSITY_OPERATION,3,3.16
INC-0040-127,P-0040,2026-05-07,HIGH_INTENSITY_OPERATION,5,5.56
INC-0040-141,P-0040,2026-05-21,HIGH_INTENSITY_OPERATION,4,4.69
INC-0040-157,P-0040,2026-06-06,EXTENDED_OPERATION,3,4.5
INC-0040-167,P-0040,2026-06-16,EXTENDED_OPERATION,4,5.42
INC-0040-168,P-0040,2026-06-17,EXTENDED_OPERATION,3,4.95
INC-0040-173,P-0040,2026-06-22,EXTENDED_OPERATION,3,3.68
INC-0040-176,P-0040,2026-06-25,ROUTINE_OPERATION,5,6.25
INC-0040-178,P-0040,2026-06-27,HIGH_INTENSITY_OPERATION,5,6.03
INC-0041-012,P-0041,2026-01-12,EMERGENCY_RESPONSE,4,5.19
INC-0041-021,P-0041,2026-01-21,ROUTINE_OPERATION,5,6.59
INC-0041-049,P-0041,2026-02-18,EMERGENCY_RESPONSE,3,5.02
INC-0041-079,P-0041,2026-03-20,HIGH_INTENSITY_OPERATION,5,6.06
INC-0041-089,P-0041,2026-03-30,ROUTINE_OPERATION,4,5.09
INC-0041-090,P-0041,2026-03-31,HIGH_INTENSITY_OPERATION,4,5.97
INC-0041-091,P-0041,2026-04-01,EMERGENCY_RESPONSE,5,5.23
INC-0041-094,P-0041,2026-04-04,ROUTINE_OPERATION,4,3.81
INC-0041-135,P-0041,2026-05-15,HIGH_INTENSITY_OPERATION,4,6.02
INC-0041-173,P-0041,2026-06-22,EMERGENCY_RESPONSE,5,5.74
INC-0042-036,P-0042,2026-02-05,HIGH_INTENSITY_OPERATION,3,4.24
INC-0042-116,P-0042,2026-04-26,ROUTINE_OPERATION,4,4.71
INC-0042-140,P-0042,2026-05-20,EMERGENCY_RESPONSE,5,6.19
INC-0042-177,P-0042,2026-06-26,HIGH_INTENSITY_OPERATION,4,5.33
INC-0042-179,P-0042,2026-06-28,EXTENDED_OPERATION,4,5.68
INC-0043-016,P-0043,2026-01-16,HIGH_INTENSITY_OPERATION,2,4.85
INC-0043-053,P-0043,2026-02-22,ROUTINE_OPERATION,2,2.92
INC-0043-054,P-0043,2026-02-23,ROUTINE_OPERATION,3,3.21
INC-0043-065,P-0043,2026-03-06,HIGH_INTENSITY_OPERATION,2,2.97
INC-0043-068,P-0043,2026-03-09,EXTENDED_OPERATION,5,6.71
INC-0043-070,P-0043,2026-03-11,ROUTINE_OPERATION,3,4.48
INC-0043-091,P-0043,2026-04-01,EMERGENCY_RESPONSE,4,6.78
INC-0043-114,P-0043,2026-04-24,ROUTINE_OPERATION,5,5.66
INC-0043-146,P-0043,2026-05-26,EMERGENCY_RESPONSE,5,4.91
INC-0043-148,P-0043,2026-05-28,EMERGENCY_RESPONSE,5,5.7
INC-0043-168,P-0043,2026-06-17,HIGH_INTENSITY_OPERATION,5,5.66
INC-0043-170,P-0043,2026-06-19,ROUTINE_OPERATION,4,4.13
INC-0043-179,P-0043,2026-06-28,ROUTINE_OPERATION,3,4.26
INC-0044-030,P-0044,2026-01-30,HIGH_INTENSITY_OPERATION,5,5.29
INC-0044-039,P-0044,2026-02-08,ROUTINE_OPERATION,5,6.61
INC-0044-041,P-0044,2026-02-10,ROUTINE_OPERATION,5,7.24
INC-0044-050,P-0044,2026-02-19,HIGH_INTENSITY_OPERATION,5,6.21
INC-0044-052,P-0044,2026-02-21,HIGH_INTENSITY_OPERATION,4,4.93
INC-0044-055,P-0044,2026-02-24,ROUTINE_OPERATION,4,4.6
INC-0044-081,P-0044,2026-03-22,HIGH_INTENSITY_OPERATION,5,6.69
INC-0044-093,P-0044,2026-04-03,EMERGENCY_RESPONSE,5,5.71
INC-0044-103,P-0044,2026-04-13,EMERGENCY_RESPONSE,5,6.12
INC-0044-123,P-0044,2026-05-03,EXTENDED_OPERATION,4,5.18
INC-0044-140,P-0044,2026-05-20,EMERGENCY_RESPONSE,4,4.69
INC-0044-149,P-0044,2026-05-29,HIGH_INTENSITY_OPERATION,4,4.2
INC-0045-019,P-0045,2026-01-19,HIGH_INTENSITY_OPERATION,1,3.41
INC-0045-026,P-0045,2026-01-26,HIGH_INTENSITY_OPERATION,3,4.05
INC-0045-040,P-0045,2026-02-09,HIGH_INTENSITY_OPERATION,3,5.25
INC-0045-041,P-0045,2026-02-10,EXTENDED_OPERATION,4,4.93
INC-0045-045,P-0045,2026-02-14,EMERGENCY_RESPONSE,4,5.15
INC-0045-052,P-0045,2026-02-21,HIGH_INTENSITY_OPERATION,5,7.33
INC-0045-060,P-0045,2026-03-01,EXTENDED_OPERATION,3,4.71
INC-0045-066,P-0045,2026-03-07,ROUTINE_OPERATION,4,5.51
INC-0045-079,P-0045,2026-03-20,HIGH_INTENSITY_OPERATION,4,3.87
INC-0045-108,P-0045,2026-04-18,HIGH_INTENSITY_OPERATION,1,2.54
INC-0045-146,P-0045,2026-05-26,HIGH_INTENSITY_OPERATION,5,7.33
INC-0046-008,P-0046,2026-01-08,ROUTINE_OPERATION,3,3.68
INC-0046-020,P-0046,2026-01-20,HIGH_INTENSITY_OPERATION,5,6.12
INC-0046-042,P-0046,2026-02-11,ROUTINE_OPERATION,2,5.39
INC-0046-050,P-0046,2026-02-19,EMERGENCY_RESPONSE,2,3.66
INC-0046-073,P-0046,2026-03-14,HIGH_INTENSITY_OPERATION,1,2.28
INC-0046-089,P-0046,2026-03-30,EMERGENCY_RESPONSE,3,4.08
INC-0046-129,P-0046,2026-05-09,HIGH_INTENSITY_OPERATION,5,5.12
INC-0046-157,P-0046,2026-06-06,EXTENDED_OPERATION,4,5.21
INC-0047-016,P-0047,2026-01-16,HIGH_INTENSITY_OPERATION,5,6.75
INC-0047-043,P-0047,2026-02-12,EMERGENCY_RESPONSE,5,6.4
INC-0047-047,P-0047,2026-02-16,EMERGENCY_RESPONSE,2,4.05
INC-0047-051,P-0047,2026-02-20,HIGH_INTENSITY_OPERATION,5,5.57
INC-0047-062,P-0047,2026-03-03,EMERGENCY_RESPONSE,5,5.63
INC-0047-070,P-0047,2026-03-11,EXTENDED_OPERATION,3,4.7
INC-0047-096,P-0047,2026-04-06,EXTENDED_OPERATION,3,4.65
INC-0047-115,P-0047,2026-04-25,EXTENDED_OPERATION,2,2.89
INC-0047-151,P-0047,2026-05-31,ROUTINE_OPERATION,5,6.61
INC-0047-160,P-0047,2026-06-09,ROUTINE_OPERATION,4,5.01
INC-0047-174,P-0047,2026-06-23,ROUTINE_OPERATION,3,2.65
INC-0048-069,P-0048,2026-03-10,ROUTINE_OPERATION,3,4.75
INC-0048-097,P-0048,2026-04-07,HIGH_INTENSITY_OPERATION,2,3.67
INC-0049-022,P-0049,2026-01-22,EXTENDED_OPERATION,4,5.86
INC-0049-049,P-0049,2026-02-18,EXTENDED_OPERATION,3,5.08
INC-0049-061,P-0049,2026-03-02,EMERGENCY_RESPONSE,5,5.24
INC-0049-067,P-0049,2026-03-08,HIGH_INTENSITY_OPERATION,3,4.07
INC-0049-074,P-0049,2026-03-15,EMERGENCY_RESPONSE,4,5.27
INC-0049-111,P-0049,2026-04-21,ROUTINE_OPERATION,5,5.0
INC-0049-127,P-0049,2026-05-07,EXTENDED_OPERATION,3,3.44
INC-0049-128,P-0049,2026-05-08,EMERGENCY_RESPONSE,5,4.67
INC-0049-153,P-0049,2026-06-02,HIGH_INTENSITY_OPERATION,3,3.16
INC-0049-158,P-0049,2026-06-07,HIGH_INTENSITY_OPERATION,4,5.48
INC-0050-024,P-0050,2026-01-24,HIGH_INTENSITY_OPERATION,2,3.35
INC-0050-055,P-0050,2026-02-24,HIGH_INTENSITY_OPERATION,5,6.35
INC-0050-063,P-0050,2026-03-04,ROUTINE_OPERATION,4,4.97
INC-0050-125,P-0050,2026-05-05,HIGH_INTENSITY_OPERATION,2,3.62
INC-0051-003,P-0051,2026-01-03,EMERGENCY_RESPONSE,5,5.61
INC-0051-020,P-0051,2026-01-20,EMERGENCY_RESPONSE,4,4.96
INC-0051-050,P-0051,2026-02-19,HIGH_INTENSITY_OPERATION,4,4.57
INC-0051-055,P-0051,2026-02-24,EMERGENCY_RESPONSE,5,6.72
INC-0051-157,P-0051,2026-06-06,HIGH_INTENSITY_OPERATION,3,4.51
INC-0052-079,P-0052,2026-03-20,ROUTINE_OPERATION,4,5.63
INC-0052-088,P-0052,2026-03-29,HIGH_INTENSITY_OPERATION,5,6.48
INC-0052-099,P-0052,2026-04-09,HIGH_INTENSITY_OPERATION,3,4.09
INC-0052-121,P-0052,2026-05-01,ROUTINE_OPERATION,1,1.96
INC-0052-148,P-0052,2026-05-28,ROUTINE_OPERATION,2,2.46
INC-0052-152,P-0052,2026-06-01,EMERGENCY_RESPONSE,4,4.26
INC-0053-001,P-0053,2026-01-01,EMERGENCY_RESPONSE,4,4.28
INC-0053-003,P-0053,2026-01-03,HIGH_INTENSITY_OPERATION,3,5.22
INC-0053-009,P-0053,2026-01-09,ROUTINE_OPERATION,2,3.74
INC-0053-021,P-0053,2026-01-21,EMERGENCY_RESPONSE,4,5.62
INC-0053-103,P-0053,2026-04-13,HIGH_INTENSITY_OPERATION,3,4.94
INC-0053-104,P-0053,2026-04-14,HIGH_INTENSITY_OPERATION,4,5.63
INC-0053-122,P-0053,2026-05-02,ROUTINE_OPERATION,5,6.23
INC-0053-136,P-0053,2026-05-16,HIGH_INTENSITY_OPERATION,4,5.14
INC-0053-171,P-0053,2026-06-20,EXTENDED_OPERATION,5,4.84
INC-0053-177,P-0053,2026-06-26,EXTENDED_OPERATION,5,6.7
INC-0054-002,P-0054,2026-01-02,EXTENDED_OPERATION,4,5.45
INC-0054-040,P-0054,2026-02-09,EXTENDED_OPERATION,4,3.4
INC-0054-047,P-0054,2026-02-16,ROUTINE_OPERATION,4,5.59
INC-0054-099,P-0054,2026-04-09,ROUTINE_OPERATION,1,2.13
INC-0054-115,P-0054,2026-04-25,HIGH_INTENSITY_OPERATION,4,4.84
INC-0054-159,P-0054,2026-06-08,ROUTINE_OPERATION,2,3.29
INC-0054-174,P-0054,2026-06-23,ROUTINE_OPERATION,3,3.88
INC-0055-059,P-0055,2026-02-28,HIGH_INTENSITY_OPERATION,5,7.24
INC-0055-142,P-0055,2026-05-22,ROUTINE_OPERATION,4,4.83
INC-0055-157,P-0055,2026-06-06,HIGH_INTENSITY_OPERATION,3,2.91
INC-0056-003,P-0056,2026-01-03,EMERGENCY_RESPONSE,5,5.11
INC-0056-019,P-0056,2026-01-19,EMERGENCY_RESPONSE,2,3.54
INC-0056-030,P-0056,2026-01-30,HIGH_INTENSITY_OPERATION,5,5.55
INC-0056-046,P-0056,2026-02-15,ROUTINE_OPERATION,4,4.76
INC-0056-069,P-0056,2026-03-10,ROUTINE_OPERATION,4,6.38
INC-0056-079,P-0056,2026-03-20,ROUTINE_OPERATION,5,6.13
INC-0056-117,P-0056,2026-04-27,EMERGENCY_RESPONSE,4,5.16
INC-0056-119,P-0056,2026-04-29,HIGH_INTENSITY_OPERATION,4,4.22
INC-0056-125,P-0056,2026-05-05,ROUTINE_OPERATION,4,7.17
INC-0056-143,P-0056,2026-05-23,HIGH_INTENSITY_OPERATION,5,5.55
INC-0056-154,P-0056,2026-06-03,EMERGENCY_RESPONSE,5,5.64
INC-0056-176,P-0056,2026-06-25,EXTENDED_OPERATION,4,5.05
INC-0056-180,P-0056,2026-06-29,EXTENDED_OPERATION,5,5.72
INC-0057-021,P-0057,2026-01-21,ROUTINE_OPERATION,2,2.76
INC-0057-052,P-0057,2026-02-21,HIGH_INTENSITY_OPERATION,2,4.2
INC-0057-066,P-0057,2026-03-07,EMERGENCY_RESPONSE,3,4.46
INC-0057-085,P-0057,2026-03-26,HIGH_INTENSITY_OPERATION,5,3.92
INC-0057-096,P-0057,2026-04-06,ROUTINE_OPERATION,3,5.59
INC-0057-098,P-0057,2026-04-08,ROUTINE_OPERATION,2,3.53
INC-0057-102,P-0057,2026-04-12,HIGH_INTENSITY_OPERATION,4,4.4
INC-0057-137,P-0057,2026-05-17,HIGH_INTENSITY_OPERATION,4,6.21
INC-0057-139,P-0057,2026-05-19,EXTENDED_OPERATION,3,4.24
INC-0057-165,P-0057,2026-06-14,HIGH_INTENSITY_OPERATION,4,4.66
INC-0057-178,P-0057,2026-06-27,EXTENDED_OPERATION,5,6.91
INC-0058-003,P-0058,2026-01-03,HIGH_INTENSITY_OPERATION,3,5.82
INC-0058-039,P-0058,2026-02-08,ROUTINE_OPERATION,4,4.44
INC-0058-054,P-0058,2026-02-23,EXTENDED_OPERATION,5,6.19
INC-0058-118,P-0058,2026-04-28,ROUTINE_OPERATION,4,5.01
INC-0058-174,P-0058,2026-06-23,HIGH_INTENSITY_OPERATION,3,4.2
INC-0059-007,P-0059,2026-01-07,ROUTINE_OPERATION,5,6.08
INC-0059-012,P-0059,2026-01-12,ROUTINE_OPERATION,5,5.96
INC-0059-063,P-0059,2026-03-04,ROUTINE_OPERATION,2,4.36
INC-0059-078,P-0059,2026-03-19,EXTENDED_OPERATION,4,6.45
INC-0059-117,P-0059,2026-04-27,HIGH_INTENSITY_OPERATION,3,4.3
INC-0059-125,P-0059,2026-05-05,HIGH_INTENSITY_OPERATION,2,3.37
INC-0059-132,P-0059,2026-05-12,ROUTINE_OPERATION,5,6.16
INC-0059-171,P-0059,2026-06-20,ROUTINE_OPERATION,4,5.85
INC-0060-006,P-0060,2026-01-06,EMERGENCY_RESPONSE,5,6.47
INC-0060-010,P-0060,2026-01-10,EMERGENCY_RESPONSE,5,6.72
INC-0060-061,P-0060,2026-03-02,EXTENDED_OPERATION,4,5.58
INC-0060-066,P-0060,2026-03-07,EMERGENCY_RESPONSE,5,6.17
INC-0060-077,P-0060,2026-03-18,HIGH_INTENSITY_OPERATION,5,6.18
INC-0060-081,P-0060,2026-03-22,HIGH_INTENSITY_OPERATION,5,6.73
INC-0060-101,P-0060,2026-04-11,HIGH_INTENSITY_OPERATION,4,5.56
INC-0060-115,P-0060,2026-04-25,EMERGENCY_RESPONSE,4,5.47
INC-0060-120,P-0060,2026-04-30,EXTENDED_OPERATION,5,6.03
INC-0060-121,P-0060,2026-05-01,EMERGENCY_RESPONSE,4,5.67
INC-0060-151,P-0060,2026-05-31,EMERGENCY_RESPONSE,4,5.42
INC-0060-177,P-0060,2026-06-26,HIGH_INTENSITY_OPERATION,2,2.69
INC-0061-001,P-0061,2026-01-01,ROUTINE_OPERATION,4,4.81
INC-0061-039,P-0061,2026-02-08,HIGH_INTENSITY_OPERATION,2,3.17
INC-0061-072,P-0061,2026-03-13,ROUTINE_OPERATION,3,5.36
INC-0061-079,P-0061,2026-03-20,EMERGENCY_RESPONSE,5,5.78
INC-0061-089,P-0061,2026-03-30,EXTENDED_OPERATION,4,4.81
INC-0061-120,P-0061,2026-04-30,HIGH_INTENSITY_OPERATION,4,3.84
INC-0061-132,P-0061,2026-05-12,HIGH_INTENSITY_OPERATION,3,4.25
INC-0061-142,P-0061,2026-05-22,ROUTINE_OPERATION,2,3.12
INC-0061-162,P-0061,2026-06-11,HIGH_INTENSITY_OPERATION,4,5.9
INC-0062-006,P-0062,2026-01-06,ROUTINE_OPERATION,4,4.81
INC-0062-015,P-0062,2026-01-15,ROUTINE_OPERATION,2,3.39
INC-0062-039,P-0062,2026-02-08,HIGH_INTENSITY_OPERATION,4,5.91
INC-0062-110,P-0062,2026-04-20,EMERGENCY_RESPONSE,4,5.46
INC-0063-003,P-0063,2026-01-03,ROUTINE_OPERATION,5,6.37
INC-0063-010,P-0063,2026-01-10,HIGH_INTENSITY_OPERATION,5,5.55
INC-0063-028,P-0063,2026-01-28,HIGH_INTENSITY_OPERATION,5,6.13
INC-0063-029,P-0063,2026-01-29,HIGH_INTENSITY_OPERATION,5,5.96
INC-0063-034,P-0063,2026-02-03,EMERGENCY_RESPONSE,5,5.42
INC-0063-048,P-0063,2026-02-17,ROUTINE_OPERATION,3,4.79
INC-0063-052,P-0063,2026-02-21,EMERGENCY_RESPONSE,5,6.87
INC-0063-053,P-0063,2026-02-22,HIGH_INTENSITY_OPERATION,4,5.46
INC-0063-059,P-0063,2026-02-28,EMERGENCY_RESPONSE,3,4.72
INC-0063-062,P-0063,2026-03-03,ROUTINE_OPERATION,4,4.62
INC-0063-086,P-0063,2026-03-27,HIGH_INTENSITY_OPERATION,5,5.84
INC-0063-089,P-0063,2026-03-30,HIGH_INTENSITY_OPERATION,5,5.66
INC-0063-091,P-0063,2026-04-01,EXTENDED_OPERATION,5,5.89
INC-0063-100,P-0063,2026-04-10,EXTENDED_OPERATION,5,5.22
INC-0063-101,P-0063,2026-04-11,HIGH_INTENSITY_OPERATION,5,6.2
INC-0063-107,P-0063,2026-04-17,ROUTINE_OPERATION,5,6.85
INC-0063-108,P-0063,2026-04-18,HIGH_INTENSITY_OPERATION,4,4.49
INC-0063-110,P-0063,2026-04-20,HIGH_INTENSITY_OPERATION,5,5.4
INC-0063-121,P-0063,2026-05-01,HIGH_INTENSITY_OPERATION,5,4.05
INC-0063-122,P-0063,2026-05-02,EXTENDED_OPERATION,5,5.9
INC-0063-134,P-0063,2026-05-14,EMERGENCY_RESPONSE,4,5.0
INC-0063-138,P-0063,2026-05-18,ROUTINE_OPERATION,5,4.89
INC-0063-141,P-0063,2026-05-21,EMERGENCY_RESPONSE,5,6.18
INC-0063-143,P-0063,2026-05-23,EXTENDED_OPERATION,3,3.96
INC-0063-149,P-0063,2026-05-29,ROUTINE_OPERATION,5,5.58
INC-0063-151,P-0063,2026-05-31,EMERGENCY_RESPONSE,3,4.02
INC-0063-152,P-0063,2026-06-01,HIGH_INTENSITY_OPERATION,5,5.46
INC-0063-154,P-0063,2026-06-03,HIGH_INTENSITY_OPERATION,5,5.82
INC-0063-155,P-0063,2026-06-04,HIGH_INTENSITY_OPERATION,4,5.44
INC-0063-157,P-0063,2026-06-06,ROUTINE_OPERATION,5,6.21
INC-0064-007,P-0064,2026-01-07,EXTENDED_OPERATION,5,5.46
INC-0064-060,P-0064,2026-03-01,ROUTINE_OPERATION,5,7.69
INC-0064-081,P-0064,2026-03-22,EXTENDED_OPERATION,5,5.79
INC-0064-082,P-0064,2026-03-23,ROUTINE_OPERATION,3,3.57
INC-0064-103,P-0064,2026-04-13,EMERGENCY_RESPONSE,5,5.93
INC-0064-127,P-0064,2026-05-07,ROUTINE_OPERATION,5,6.38
INC-0064-153,P-0064,2026-06-02,ROUTINE_OPERATION,4,4.77
INC-0064-167,P-0064,2026-06-16,HIGH_INTENSITY_OPERATION,3,3.83
INC-0065-032,P-0065,2026-02-01,HIGH_INTENSITY_OPERATION,5,6.73
INC-0065-119,P-0065,2026-04-29,EXTENDED_OPERATION,4,5.01
INC-0066-090,P-0066,2026-03-31,HIGH_INTENSITY_OPERATION,3,4.11
INC-0066-161,P-0066,2026-06-10,HIGH_INTENSITY_OPERATION,4,5.56
INC-0067-016,P-0067,2026-01-16,HIGH_INTENSITY_OPERATION,5,6.21
INC-0067-037,P-0067,2026-02-06,HIGH_INTENSITY_OPERATION,5,4.6
INC-0067-045,P-0067,2026-02-14,ROUTINE_OPERATION,4,5.46
INC-0067-074,P-0067,2026-03-15,EMERGENCY_RESPONSE,5,5.88
INC-0067-100,P-0067,2026-04-10,HIGH_INTENSITY_OPERATION,5,5.1
INC-0067-123,P-0067,2026-05-03,EMERGENCY_RESPONSE,4,5.9
INC-0067-134,P-0067,2026-05-14,HIGH_INTENSITY_OPERATION,5,6.35
INC-0067-148,P-0067,2026-05-28,HIGH_INTENSITY_OPERATION,4,6.01
INC-0067-161,P-0067,2026-06-10,ROUTINE_OPERATION,1,2.2
INC-0067-169,P-0067,2026-06-18,EXTENDED_OPERATION,2,3.22
INC-0068-003,P-0068,2026-01-03,EMERGENCY_RESPONSE,4,5.22
INC-0068-005,P-0068,2026-01-05,HIGH_INTENSITY_OPERATION,4,3.69
INC-0068-021,P-0068,2026-01-21,ROUTINE_OPERATION,5,6.64
INC-0068-045,P-0068,2026-02-14,HIGH_INTENSITY_OPERATION,3,4.46
INC-0068-046,P-0068,2026-02-15,ROUTINE_OPERATION,3,3.98
INC-0068-062,P-0068,2026-03-03,HIGH_INTENSITY_OPERATION,4,5.65
INC-0068-064,P-0068,2026-03-05,HIGH_INTENSITY_OPERATION,5,6.15
INC-0068-070,P-0068,2026-03-11,ROUTINE_OPERATION,5,5.99
INC-0068-093,P-0068,2026-04-03,EXTENDED_OPERATION,5,6.75
INC-0068-102,P-0068,2026-04-12,EXTENDED_OPERATION,5,6.09
INC-0068-107,P-0068,2026-04-17,EMERGENCY_RESPONSE,5,6.31
INC-0068-141,P-0068,2026-05-21,EXTENDED_OPERATION,5,5.95
INC-0068-157,P-0068,2026-06-06,HIGH_INTENSITY_OPERATION,5,6.14
INC-0068-168,P-0068,2026-06-17,HIGH_INTENSITY_OPERATION,4,5.02
INC-0068-172,P-0068,2026-06-21,HIGH_INTENSITY_OPERATION,5,4.96
INC-0069-013,P-0069,2026-01-13,ROUTINE_OPERATION,3,4.44
INC-0069-057,P-0069,2026-02-26,ROUTINE_OPERATION,4,5.02
INC-0069-064,P-0069,2026-03-05,ROUTINE_OPERATION,3,3.34
INC-0069-099,P-0069,2026-04-09,EXTENDED_OPERATION,2,3.65
INC-0069-100,P-0069,2026-04-10,HIGH_INTENSITY_OPERATION,3,4.98
INC-0069-102,P-0069,2026-04-12,HIGH_INTENSITY_OPERATION,3,3.43
INC-0069-105,P-0069,2026-04-15,HIGH_INTENSITY_OPERATION,4,4.85
INC-0069-114,P-0069,2026-04-24,HIGH_INTENSITY_OPERATION,4,4.67
INC-0069-139,P-0069,2026-05-19,EMERGENCY_RESPONSE,3,4.76
INC-0069-144,P-0069,2026-05-24,ROUTINE_OPERATION,4,5.59
INC-0069-169,P-0069,2026-06-18,HIGH_INTENSITY_OPERATION,4,5.62
INC-0069-171,P-0069,2026-06-20,EMERGENCY_RESPONSE,5,5.57
INC-0070-043,P-0070,2026-02-12,ROUTINE_OPERATION,3,5.28
INC-0070-044,P-0070,2026-02-13,ROUTINE_OPERATION,4,5.43
INC-0070-122,P-0070,2026-05-02,EMERGENCY_RESPONSE,1,2.99
INC-0071-015,P-0071,2026-01-15,EMERGENCY_RESPONSE,4,5.14
INC-0071-018,P-0071,2026-01-18,EMERGENCY_RESPONSE,3,4.34
INC-0071-041,P-0071,2026-02-10,EXTENDED_OPERATION,2,3.74
INC-0071-053,P-0071,2026-02-22,HIGH_INTENSITY_OPERATION,1,2.73
INC-0071-110,P-0071,2026-04-20,ROUTINE_OPERATION,3,4.02
INC-0071-116,P-0071,2026-04-26,ROUTINE_OPERATION,4,4.08
INC-0071-157,P-0071,2026-06-06,ROUTINE_OPERATION,4,5.64
INC-0072-002,P-0072,2026-01-02,HIGH_INTENSITY_OPERATION,4,3.74
INC-0072-041,P-0072,2026-02-10,EXTENDED_OPERATION,3,3.57
INC-0072-043,P-0072,2026-02-12,HIGH_INTENSITY_OPERATION,5,4.94
INC-0072-047,P-0072,2026-02-16,HIGH_INTENSITY_OPERATION,5,6.99
INC-0072-048,P-0072,2026-02-17,EXTENDED_OPERATION,4,4.79
INC-0072-050,P-0072,2026-02-19,HIGH_INTENSITY_OPERATION,5,5.32
INC-0072-053,P-0072,2026-02-22,ROUTINE_OPERATION,4,5.61
INC-0072-054,P-0072,2026-02-23,EXTENDED_OPERATION,5,6.23
INC-0072-056,P-0072,2026-02-25,EMERGENCY_RESPONSE,5,4.28
INC-0072-067,P-0072,2026-03-08,ROUTINE_OPERATION,5,5.31
INC-0072-075,P-0072,2026-03-16,HIGH_INTENSITY_OPERATION,5,5.63
INC-0072-092,P-0072,2026-04-02,EMERGENCY_RESPONSE,5,5.75
INC-0072-094,P-0072,2026-04-04,HIGH_INTENSITY_OPERATION,5,5.88
INC-0072-095,P-0072,2026-04-05,EMERGENCY_RESPONSE,5,6.58
INC-0072-104,P-0072,2026-04-14,EMERGENCY_RESPONSE,5,6.5
INC-0072-109,P-0072,2026-04-19,HIGH_INTENSITY_OPERATION,5,5.93
INC-0072-128,P-0072,2026-05-08,EXTENDED_OPERATION,5,5.95
INC-0072-132,P-0072,2026-05-12,EXTENDED_OPERATION,4,4.51
INC-0072-144,P-0072,2026-05-24,EXTENDED_OPERATION,5,6.11
INC-0072-155,P-0072,2026-06-04,EMERGENCY_RESPONSE,3,4.26
INC-0072-164,P-0072,2026-06-13,ROUTINE_OPERATION,5,5.68
INC-0073-015,P-0073,2026-01-15,ROUTINE_OPERATION,2,4.2
INC-0073-026,P-0073,2026-01-26,HIGH_INTENSITY_OPERATION,5,6.3
INC-0073-032,P-0073,2026-02-01,HIGH_INTENSITY_OPERATION,5,5.46
INC-0073-037,P-0073,2026-02-06,ROUTINE_OPERATION,2,3.93
INC-0073-064,P-0073,2026-03-05,ROUTINE_OPERATION,2,3.01
INC-0073-143,P-0073,2026-05-23,EXTENDED_OPERATION,3,4.75
INC-0074-008,P-0074,2026-01-08,EXTENDED_OPERATION,5,5.96
INC-0074-021,P-0074,2026-01-21,EXTENDED_OPERATION,5,6.16
INC-0074-036,P-0074,2026-02-05,EMERGENCY_RESPONSE,5,5.51
INC-0074-042,P-0074,2026-02-11,HIGH_INTENSITY_OPERATION,5,5.42
INC-0074-043,P-0074,2026-02-12,EXTENDED_OPERATION,5,5.9
INC-0074-052,P-0074,2026-02-21,ROUTINE_OPERATION,5,6.13
INC-0074-058,P-0074,2026-02-27,EMERGENCY_RESPONSE,5,4.99
INC-0074-096,P-0074,2026-04-06,EXTENDED_OPERATION,3,5.49
INC-0074-104,P-0074,2026-04-14,HIGH_INTENSITY_OPERATION,3,4.37
INC-0074-117,P-0074,2026-04-27,HIGH_INTENSITY_OPERATION,4,6.11
INC-0074-130,P-0074,2026-05-10,ROUTINE_OPERATION,5,5.44
INC-0075-003,P-0075,2026-01-03,HIGH_INTENSITY_OPERATION,3,4.34
INC-0075-009,P-0075,2026-01-09,HIGH_INTENSITY_OPERATION,4,4.4
INC-0075-012,P-0075,2026-01-12,EXTENDED_OPERATION,3,5.12
INC-0075-035,P-0075,2026-02-04,EXTENDED_OPERATION,5,6.52
INC-0075-058,P-0075,2026-02-27,ROUTINE_OPERATION,5,5.74
INC-0075-071,P-0075,2026-03-12,EMERGENCY_RESPONSE,4,5.05
INC-0075-077,P-0075,2026-03-18,EXTENDED_OPERATION,5,6.23
INC-0075-078,P-0075,2026-03-19,HIGH_INTENSITY_OPERATION,4,4.77
INC-0075-081,P-0075,2026-03-22,EMERGENCY_RESPONSE,5,6.41
INC-0075-096,P-0075,2026-04-06,ROUTINE_OPERATION,2,3.01
INC-0075-101,P-0075,2026-04-11,HIGH_INTENSITY_OPERATION,5,6.37
INC-0075-105,P-0075,2026-04-15,ROUTINE_OPERATION,4,5.08
INC-0075-121,P-0075,2026-05-01,HIGH_INTENSITY_OPERATION,4,4.44
INC-0075-125,P-0075,2026-05-05,EMERGENCY_RESPONSE,4,5.69
INC-0075-126,P-0075,2026-05-06,EMERGENCY_RESPONSE,4,6.18
INC-0075-148,P-0075,2026-05-28,EMERGENCY_RESPONSE,3,4.11
INC-0075-167,P-0075,2026-06-16,ROUTINE_OPERATION,4,4.19
INC-0076-028,P-0076,2026-01-28,HIGH_INTENSITY_OPERATION,5,6.09
INC-0076-031,P-0076,2026-01-31,ROUTINE_OPERATION,5,5.31
INC-0076-108,P-0076,2026-04-18,HIGH_INTENSITY_OPERATION,4,5.64
INC-0076-125,P-0076,2026-05-05,ROUTINE_OPERATION,4,6.2
INC-0076-160,P-0076,2026-06-09,EMERGENCY_RESPONSE,5,4.99
INC-0076-167,P-0076,2026-06-16,HIGH_INTENSITY_OPERATION,4,5.44
INC-0076-178,P-0076,2026-06-27,EMERGENCY_RESPONSE,4,4.92
INC-0077-012,P-0077,2026-01-12,EXTENDED_OPERATION,5,6.63
INC-0077-024,P-0077,2026-01-24,HIGH_INTENSITY_OPERATION,5,6.58
INC-0077-026,P-0077,2026-01-26,HIGH_INTENSITY_OPERATION,5,4.97
INC-0077-036,P-0077,2026-02-05,HIGH_INTENSITY_OPERATION,5,5.41
INC-0077-044,P-0077,2026-02-13,EXTENDED_OPERATION,5,6.03
INC-0077-047,P-0077,2026-02-16,EMERGENCY_RESPONSE,5,4.66
INC-0077-050,P-0077,2026-02-19,HIGH_INTENSITY_OPERATION,5,5.48
INC-0077-088,P-0077,2026-03-29,HIGH_INTENSITY_OPERATION,3,4.02
INC-0077-091,P-0077,2026-04-01,ROUTINE_OPERATION,5,6.52
INC-0077-094,P-0077,2026-04-04,HIGH_INTENSITY_OPERATION,5,6.1
INC-0077-098,P-0077,2026-04-08,EMERGENCY_RESPONSE,4,5.54
INC-0077-107,P-0077,2026-04-17,ROUTINE_OPERATION,5,5.44
INC-0077-108,P-0077,2026-04-18,EXTENDED_OPERATION,4,4.51
INC-0077-113,P-0077,2026-04-23,ROUTINE_OPERATION,4,6.22
INC-0077-114,P-0077,2026-04-24,EMERGENCY_RESPONSE,5,6.31
INC-0077-118,P-0077,2026-04-28,EMERGENCY_RESPONSE,5,5.61
INC-0077-147,P-0077,2026-05-27,EXTENDED_OPERATION,5,7.22
INC-0077-155,P-0077,2026-06-04,EXTENDED_OPERATION,5,5.94
INC-0077-157,P-0077,2026-06-06,EXTENDED_OPERATION,5,6.54
INC-0077-164,P-0077,2026-06-13,EMERGENCY_RESPONSE,5,6.86
INC-0077-172,P-0077,2026-06-21,HIGH_INTENSITY_OPERATION,5,5.61
INC-0077-175,P-0077,2026-06-24,EXTENDED_OPERATION,4,5.78
INC-0077-180,P-0077,2026-06-29,EMERGENCY_RESPONSE,3,5.17
INC-0078-003,P-0078,2026-01-03,HIGH_INTENSITY_OPERATION,4,5.88
INC-0078-011,P-0078,2026-01-11,ROUTINE_OPERATION,5,5.93
INC-0078-046,P-0078,2026-02-15,HIGH_INTENSITY_OPERATION,5,5.75
INC-0078-055,P-0078,2026-02-24,ROUTINE_OPERATION,5,6.33
INC-0078-064,P-0078,2026-03-05,ROUTINE_OPERATION,5,6.16
INC-0078-067,P-0078,2026-03-08,HIGH_INTENSITY_OPERATION,5,5.88
INC-0078-072,P-0078,2026-03-13,EMERGENCY_RESPONSE,5,6.13
INC-0078-153,P-0078,2026-06-02,EMERGENCY_RESPONSE,3,4.84
INC-0078-158,P-0078,2026-06-07,ROUTINE_OPERATION,3,4.74
INC-0078-160,P-0078,2026-06-09,HIGH_INTENSITY_OPERATION,3,5.11
INC-0078-166,P-0078,2026-06-15,HIGH_INTENSITY_OPERATION,2,3.92
INC-0078-178,P-0078,2026-06-27,HIGH_INTENSITY_OPERATION,3,4.64
INC-0079-017,P-0079,2026-01-17,EMERGENCY_RESPONSE,5,5.38
INC-0079-045,P-0079,2026-02-14,EMERGENCY_RESPONSE,4,5.57
INC-0079-055,P-0079,2026-02-24,EMERGENCY_RESPONSE,4,4.51
INC-0079-072,P-0079,2026-03-13,HIGH_INTENSITY_OPERATION,5,6.68
INC-0079-078,P-0079,2026-03-19,EMERGENCY_RESPONSE,5,5.95
INC-0079-085,P-0079,2026-03-26,EXTENDED_OPERATION,4,5.09
INC-0079-163,P-0079,2026-06-12,ROUTINE_OPERATION,5,6.18
INC-0079-173,P-0079,2026-06-22,ROUTINE_OPERATION,3,4.85
INC-0079-176,P-0079,2026-06-25,HIGH_INTENSITY_OPERATION,5,6.9
INC-0079-180,P-0079,2026-06-29,ROUTINE_OPERATION,5,7.26
INC-0080-031,P-0080,2026-01-31,EMERGENCY_RESPONSE,3,4.74
INC-0080-039,P-0080,2026-02-08,HIGH_INTENSITY_OPERATION,4,4.11
INC-0080-056,P-0080,2026-02-25,HIGH_INTENSITY_OPERATION,4,5.34
INC-0080-058,P-0080,2026-02-27,HIGH_INTENSITY_OPERATION,3,4.01
INC-0080-060,P-0080,2026-03-01,ROUTINE_OPERATION,3,4.47
INC-0080-069,P-0080,2026-03-10,ROUTINE_OPERATION,3,4.17
INC-0080-119,P-0080,2026-04-29,EMERGENCY_RESPONSE,4,4.09
INC-0080-121,P-0080,2026-05-01,ROUTINE_OPERATION,3,3.51
INC-0080-180,P-0080,2026-06-29,ROUTINE_OPERATION,5,5.8
INC-0081-003,P-0081,2026-01-03,ROUTINE_OPERATION,4,4.83
INC-0081-026,P-0081,2026-01-26,HIGH_INTENSITY_OPERATION,4,5.18
INC-0081-029,P-0081,2026-01-29,EMERGENCY_RESPONSE,4,5.17
INC-0081-033,P-0081,2026-02-02,EXTENDED_OPERATION,5,5.23
INC-0081-052,P-0081,2026-02-21,ROUTINE_OPERATION,4,4.83
INC-0081-057,P-0081,2026-02-26,HIGH_INTENSITY_OPERATION,5,5.07
INC-0081-062,P-0081,2026-03-03,EXTENDED_OPERATION,4,4.62
INC-0081-063,P-0081,2026-03-04,HIGH_INTENSITY_OPERATION,5,7.03
INC-0081-079,P-0081,2026-03-20,ROUTINE_OPERATION,4,4.54
INC-0081-088,P-0081,2026-03-29,ROUTINE_OPERATION,5,6.41
INC-0081-091,P-0081,2026-04-01,EXTENDED_OPERATION,4,4.75
INC-0081-101,P-0081,2026-04-11,EXTENDED_OPERATION,5,5.31
INC-0081-103,P-0081,2026-04-13,EMERGENCY_RESPONSE,5,5.58
INC-0081-109,P-0081,2026-04-19,ROUTINE_OPERATION,2,3.95
INC-0081-111,P-0081,2026-04-21,ROUTINE_OPERATION,4,5.76
INC-0081-117,P-0081,2026-04-27,HIGH_INTENSITY_OPERATION,5,6.49
INC-0081-130,P-0081,2026-05-10,ROUTINE_OPERATION,5,6.52
INC-0081-142,P-0081,2026-05-22,ROUTINE_OPERATION,5,5.97
INC-0081-147,P-0081,2026-05-27,EMERGENCY_RESPONSE,5,6.48
INC-0081-151,P-0081,2026-05-31,HIGH_INTENSITY_OPERATION,2,4.39
INC-0081-156,P-0081,2026-06-05,EXTENDED_OPERATION,4,5.0
INC-0081-159,P-0081,2026-06-08,EMERGENCY_RESPONSE,3,4.24
INC-0081-172,P-0081,2026-06-21,HIGH_INTENSITY_OPERATION,5,5.91
INC-0081-176,P-0081,2026-06-25,ROUTINE_OPERATION,5,5.61
INC-0082-017,P-0082,2026-01-17,ROUTINE_OPERATION,4,5.81
INC-0082-021,P-0082,2026-01-21,ROUTINE_OPERATION,3,3.71
INC-0082-045,P-0082,2026-02-14,EXTENDED_OPERATION,4,5.4
INC-0082-056,P-0082,2026-02-25,EXTENDED_OPERATION,4,5.6
INC-0082-148,P-0082,2026-05-28,ROUTINE_OPERATION,2,3.67
INC-0083-015,P-0083,2026-01-15,ROUTINE_OPERATION,2,4.82
INC-0083-062,P-0083,2026-03-03,EMERGENCY_RESPONSE,3,4.95
INC-0083-100,P-0083,2026-04-10,ROUTINE_OPERATION,3,3.84
INC-0083-112,P-0083,2026-04-22,ROUTINE_OPERATION,3,4.27
INC-0083-113,P-0083,2026-04-23,ROUTINE_OPERATION,4,5.57
INC-0083-138,P-0083,2026-05-18,HIGH_INTENSITY_OPERATION,1,3.13
INC-0083-141,P-0083,2026-05-21,HIGH_INTENSITY_OPERATION,3,3.23
INC-0084-010,P-0084,2026-01-10,EMERGENCY_RESPONSE,5,6.23
INC-0084-016,P-0084,2026-01-16,HIGH_INTENSITY_OPERATION,3,3.53
INC-0084-027,P-0084,2026-01-27,ROUTINE_OPERATION,4,5.75
INC-0084-077,P-0084,2026-03-18,HIGH_INTENSITY_OPERATION,4,4.59
INC-0084-078,P-0084,2026-03-19,HIGH_INTENSITY_OPERATION,4,4.9
INC-0084-084,P-0084,2026-03-25,HIGH_INTENSITY_OPERATION,5,6.58
INC-0084-100,P-0084,2026-04-10,HIGH_INTENSITY_OPERATION,5,6.13
INC-0084-106,P-0084,2026-04-16,ROUTINE_OPERATION,3,5.37
INC-0084-126,P-0084,2026-05-06,HIGH_INTENSITY_OPERATION,3,3.31
INC-0084-139,P-0084,2026-05-19,ROUTINE_OPERATION,4,5.55
INC-0084-146,P-0084,2026-05-26,ROUTINE_OPERATION,3,4.8
INC-0084-161,P-0084,2026-06-10,HIGH_INTENSITY_OPERATION,3,4.16
INC-0085-013,P-0085,2026-01-13,ROUTINE_OPERATION,3,3.8
INC-0085-043,P-0085,2026-02-12,EMERGENCY_RESPONSE,5,6.89
INC-0085-046,P-0085,2026-02-15,ROUTINE_OPERATION,3,3.54
INC-0085-076,P-0085,2026-03-17,HIGH_INTENSITY_OPERATION,4,5.37
INC-0085-081,P-0085,2026-03-22,HIGH_INTENSITY_OPERATION,3,4.46
INC-0085-093,P-0085,2026-04-03,ROUTINE_OPERATION,5,5.5
INC-0085-100,P-0085,2026-04-10,HIGH_INTENSITY_OPERATION,4,5.29
INC-0085-126,P-0085,2026-05-06,ROUTINE_OPERATION,4,6.05
INC-0085-156,P-0085,2026-06-05,EMERGENCY_RESPONSE,4,4.62
INC-0086-009,P-0086,2026-01-09,HIGH_INTENSITY_OPERATION,4,5.0
INC-0086-020,P-0086,2026-01-20,ROUTINE_OPERATION,2,3.31
INC-0086-041,P-0086,2026-02-10,HIGH_INTENSITY_OPERATION,5,5.26
INC-0086-044,P-0086,2026-02-13,ROUTINE_OPERATION,5,6.03
INC-0086-051,P-0086,2026-02-20,ROUTINE_OPERATION,3,3.82
INC-0086-138,P-0086,2026-05-18,EXTENDED_OPERATION,3,4.31
INC-0086-142,P-0086,2026-05-22,EXTENDED_OPERATION,4,5.02
INC-0086-154,P-0086,2026-06-03,EMERGENCY_RESPONSE,3,4.96
INC-0086-170,P-0086,2026-06-19,EMERGENCY_RESPONSE,4,5.96
INC-0087-018,P-0087,2026-01-18,ROUTINE_OPERATION,4,5.45
INC-0087-030,P-0087,2026-01-30,EMERGENCY_RESPONSE,3,4.43
INC-0087-072,P-0087,2026-03-13,ROUTINE_OPERATION,2,4.2
INC-0087-082,P-0087,2026-03-23,ROUTINE_OPERATION,2,4.45
INC-0087-121,P-0087,2026-05-01,ROUTINE_OPERATION,2,4.06
INC-0088-004,P-0088,2026-01-04,HIGH_INTENSITY_OPERATION,3,4.45
INC-0088-022,P-0088,2026-01-22,EMERGENCY_RESPONSE,2,3.4
INC-0088-059,P-0088,2026-02-28,EXTENDED_OPERATION,4,6.12
INC-0088-098,P-0088,2026-04-08,HIGH_INTENSITY_OPERATION,4,5.74
INC-0088-141,P-0088,2026-05-21,EMERGENCY_RESPONSE,5,6.13
INC-0088-172,P-0088,2026-06-21,ROUTINE_OPERATION,4,5.45
INC-0089-013,P-0089,2026-01-13,EMERGENCY_RESPONSE,5,5.13
INC-0089-028,P-0089,2026-01-28,EXTENDED_OPERATION,5,7.0
INC-0089-030,P-0089,2026-01-30,HIGH_INTENSITY_OPERATION,5,6.03
INC-0089-045,P-0089,2026-02-14,EMERGENCY_RESPONSE,5,5.91
INC-0089-055,P-0089,2026-02-24,ROUTINE_OPERATION,5,5.62
INC-0089-064,P-0089,2026-03-05,ROUTINE_OPERATION,4,5.25
INC-0089-075,P-0089,2026-03-16,HIGH_INTENSITY_OPERATION,5,5.36
INC-0089-076,P-0089,2026-03-17,HIGH_INTENSITY_OPERATION,4,5.73
INC-0089-087,P-0089,2026-03-28,EMERGENCY_RESPONSE,5,5.56
INC-0089-093,P-0089,2026-04-03,HIGH_INTENSITY_OPERATION,4,4.72
INC-0089-098,P-0089,2026-04-08,ROUTINE_OPERATION,3,5.11
INC-0089-099,P-0089,2026-04-09,ROUTINE_OPERATION,5,5.68
INC-0089-100,P-0089,2026-04-10,EMERGENCY_RESPONSE,5,6.0
INC-0089-104,P-0089,2026-04-14,ROUTINE_OPERATION,5,5.84
INC-0089-113,P-0089,2026-04-23,EXTENDED_OPERATION,5,6.92
INC-0089-116,P-0089,2026-04-26,EXTENDED_OPERATION,5,5.97
INC-0089-124,P-0089,2026-05-04,EMERGENCY_RESPONSE,4,5.13
INC-0089-143,P-0089,2026-05-23,ROUTINE_OPERATION,5,5.9
INC-0089-146,P-0089,2026-05-26,ROUTINE_OPERATION,4,5.9
INC-0089-149,P-0089,2026-05-29,ROUTINE_OPERATION,5,6.39
INC-0089-158,P-0089,2026-06-07,ROUTINE_OPERATION,2,3.36
INC-0089-162,P-0089,2026-06-11,EMERGENCY_RESPONSE,5,5.81
INC-0089-173,P-0089,2026-06-22,EXTENDED_OPERATION,4,4.89
INC-0089-178,P-0089,2026-06-27,HIGH_INTENSITY_OPERATION,5,6.35
INC-0090-026,P-0090,2026-01-26,HIGH_INTENSITY_OPERATION,4,4.61
INC-0090-028,P-0090,2026-01-28,HIGH_INTENSITY_OPERATION,5,6.26
INC-0090-038,P-0090,2026-02-07,EMERGENCY_RESPONSE,5,4.96
INC-0090-049,P-0090,2026-02-18,EXTENDED_OPERATION,5,5.67
INC-0090-052,P-0090,2026-02-21,ROUTINE_OPERATION,4,5.43
INC-0090-058,P-0090,2026-02-27,EMERGENCY_RESPONSE,5,5.53
INC-0090-068,P-0090,2026-03-09,EMERGENCY_RESPONSE,5,6.34
INC-0090-080,P-0090,2026-03-21,HIGH_INTENSITY_OPERATION,4,4.42
INC-0090-086,P-0090,2026-03-27,HIGH_INTENSITY_OPERATION,5,6.19
INC-0090-092,P-0090,2026-04-02,HIGH_INTENSITY_OPERATION,4,5.36
INC-0090-112,P-0090,2026-04-22,ROUTINE_OPERATION,5,5.16
INC-0090-116,P-0090,2026-04-26,HIGH_INTENSITY_OPERATION,4,5.26
INC-0090-129,P-0090,2026-05-09,EXTENDED_OPERATION,3,4.39
INC-0090-170,P-0090,2026-06-19,EMERGENCY_RESPONSE,3,4.9
INC-0090-176,P-0090,2026-06-25,EXTENDED_OPERATION,5,6.23
INC-0091-003,P-0091,2026-01-03,EMERGENCY_RESPONSE,4,5.27
INC-0091-042,P-0091,2026-02-11,EXTENDED_OPERATION,4,5.89
INC-0091-047,P-0091,2026-02-16,HIGH_INTENSITY_OPERATION,3,3.48
INC-0091-050,P-0091,2026-02-19,HIGH_INTENSITY_OPERATION,2,4.01
INC-0091-063,P-0091,2026-03-04,HIGH_INTENSITY_OPERATION,3,4.23
INC-0091-093,P-0091,2026-04-03,HIGH_INTENSITY_OPERATION,4,5.81
INC-0091-100,P-0091,2026-04-10,EMERGENCY_RESPONSE,5,5.73
INC-0091-127,P-0091,2026-05-07,EMERGENCY_RESPONSE,4,5.1
INC-0091-148,P-0091,2026-05-28,ROUTINE_OPERATION,5,4.5
INC-0091-149,P-0091,2026-05-29,ROUTINE_OPERATION,4,6.13
INC-0091-179,P-0091,2026-06-28,ROUTINE_OPERATION,5,4.98
INC-0092-008,P-0092,2026-01-08,ROUTINE_OPERATION,4,5.72
INC-0092-017,P-0092,2026-01-17,EXTENDED_OPERATION,4,5.76
INC-0092-049,P-0092,2026-02-18,HIGH_INTENSITY_OPERATION,5,5.53
INC-0092-052,P-0092,2026-02-21,ROUTINE_OPERATION,5,5.5
INC-0092-067,P-0092,2026-03-08,ROUTINE_OPERATION,4,4.13
INC-0092-070,P-0092,2026-03-11,ROUTINE_OPERATION,3,3.98
INC-0092-080,P-0092,2026-03-21,ROUTINE_OPERATION,3,5.12
INC-0092-102,P-0092,2026-04-12,EXTENDED_OPERATION,3,4.13
INC-0092-137,P-0092,2026-05-17,HIGH_INTENSITY_OPERATION,5,5.91
INC-0092-145,P-0092,2026-05-25,HIGH_INTENSITY_OPERATION,4,4.93
INC-0092-162,P-0092,2026-06-11,HIGH_INTENSITY_OPERATION,2,4.21
INC-0093-075,P-0093,2026-03-16,EMERGENCY_RESPONSE,5,6.25
INC-0093-076,P-0093,2026-03-17,EXTENDED_OPERATION,4,5.19
INC-0093-083,P-0093,2026-03-24,EMERGENCY_RESPONSE,4,5.31
INC-0093-091,P-0093,2026-04-01,EXTENDED_OPERATION,3,5.16
INC-0093-169,P-0093,2026-06-18,EMERGENCY_RESPONSE,4,4.19
INC-0094-093,P-0094,2026-04-03,HIGH_INTENSITY_OPERATION,5,5.93
INC-0094-094,P-0094,2026-04-04,EXTENDED_OPERATION,5,6.1
INC-0094-102,P-0094,2026-04-12,EMERGENCY_RESPONSE,4,5.26
INC-0094-117,P-0094,2026-04-27,ROUTINE_OPERATION,4,4.64
INC-0094-121,P-0094,2026-05-01,ROUTINE_OPERATION,5,5.14
INC-0094-123,P-0094,2026-05-03,ROUTINE_OPERATION,2,4.55
INC-0094-130,P-0094,2026-05-10,EXTENDED_OPERATION,5,5.47
INC-0094-131,P-0094,2026-05-11,ROUTINE_OPERATION,1,1.89
INC-0094-132,P-0094,2026-05-12,ROUTINE_OPERATION,4,5.45
INC-0094-137,P-0094,2026-05-17,HIGH_INTENSITY_OPERATION,3,4.05
INC-0095-025,P-0095,2026-01-25,HIGH_INTENSITY_OPERATION,3,3.78
INC-0095-074,P-0095,2026-03-15,ROUTINE_OPERATION,5,5.87
INC-0095-075,P-0095,2026-03-16,EMERGENCY_RESPONSE,5,5.9
INC-0095-119,P-0095,2026-04-29,HIGH_INTENSITY_OPERATION,2,3.24
INC-0096-067,P-0096,2026-03-08,ROUTINE_OPERATION,3,4.31
INC-0096-071,P-0096,2026-03-12,ROUTINE_OPERATION,2,1.87
INC-0096-099,P-0096,2026-04-09,ROUTINE_OPERATION,1,3.78
INC-0096-120,P-0096,2026-04-30,HIGH_INTENSITY_OPERATION,2,3.42
INC-0096-158,P-0096,2026-06-07,HIGH_INTENSITY_OPERATION,5,5.82
INC-0097-005,P-0097,2026-01-05,EXTENDED_OPERATION,4,5.24
INC-0097-025,P-0097,2026-01-25,ROUTINE_OPERATION,5,5.72
INC-0097-039,P-0097,2026-02-08,HIGH_INTENSITY_OPERATION,3,4.52
INC-0097-046,P-0097,2026-02-15,ROUTINE_OPERATION,4,4.46
INC-0097-057,P-0097,2026-02-26,HIGH_INTENSITY_OPERATION,4,5.33
INC-0097-094,P-0097,2026-04-04,EXTENDED_OPERATION,5,5.89
INC-0097-102,P-0097,2026-04-12,HIGH_INTENSITY_OPERATION,2,3.18
INC-0097-115,P-0097,2026-04-25,ROUTINE_OPERATION,1,3.77
INC-0097-137,P-0097,2026-05-17,EXTENDED_OPERATION,2,3.29
INC-0097-160,P-0097,2026-06-09,ROUTINE_OPERATION,3,3.86
INC-0097-173,P-0097,2026-06-22,ROUTINE_OPERATION,3,4.32
INC-0097-180,P-0097,2026-06-29,ROUTINE_OPERATION,3,4.47
INC-0098-015,P-0098,2026-01-15,EXTENDED_OPERATION,4,5.54
INC-0098-019,P-0098,2026-01-19,ROUTINE_OPERATION,4,4.49
INC-0098-021,P-0098,2026-01-21,ROUTINE_OPERATION,4,4.64
INC-0098-053,P-0098,2026-02-22,EXTENDED_OPERATION,5,6.47
INC-0098-065,P-0098,2026-03-06,HIGH_INTENSITY_OPERATION,5,6.35
INC-0098-111,P-0098,2026-04-21,EMERGENCY_RESPONSE,3,4.66
INC-0098-118,P-0098,2026-04-28,HIGH_INTENSITY_OPERATION,5,5.34
INC-0098-163,P-0098,2026-06-12,EMERGENCY_RESPONSE,4,4.58
INC-0098-164,P-0098,2026-06-13,ROUTINE_OPERATION,4,4.83
INC-0099-001,P-0099,2026-01-01,ROUTINE_OPERATION,5,5.65
INC-0099-012,P-0099,2026-01-12,ROUTINE_OPERATION,4,4.39
INC-0099-030,P-0099,2026-01-30,HIGH_INTENSITY_OPERATION,3,4.83
INC-0099-080,P-0099,2026-03-21,HIGH_INTENSITY_OPERATION,5,6.07
INC-0099-104,P-0099,2026-04-14,HIGH_INTENSITY_OPERATION,4,4.34
INC-0099-144,P-0099,2026-05-24,EXTENDED_OPERATION,5,5.18
INC-0099-165,P-0099,2026-06-14,ROUTINE_OPERATION,3,4.72
INC-0099-170,P-0099,2026-06-19,ROUTINE_OPERATION,5,6.23
INC-0099-176,P-0099,2026-06-25,ROUTINE_OPERATION,3,3.98
INC-0100-001,P-0100,2026-01-01,ROUTINE_OPERATION,5,5.45
INC-0100-037,P-0100,2026-02-06,ROUTINE_OPERATION,3,4.23
INC-0100-051,P-0100,2026-02-20,EMERGENCY_RESPONSE,4,5.22
INC-0100-087,P-0100,2026-03-28,ROUTINE_OPERATION,2,4.15
INC-0100-092,P-0100,2026-04-02,HIGH_INTENSITY_OPERATION,4,6.11
INC-0100-114,P-0100,2026-04-24,HIGH_INTENSITY_OPERATION,5,6.04
INC-0100-149,P-0100,2026-05-29,HIGH_INTENSITY_OPERATION,5,5.99
INC-0100-159,P-0100,2026-06-08,EXTENDED_OPERATION,5,6.35
INC-0100-163,P-0100,2026-06-12,HIGH_INTENSITY_OPERATION,3,4.43
INC-0101-027,P-0101,2026-01-27,ROUTINE_OPERATION,5,5.14
INC-0101-028,P-0101,2026-01-28,EMERGENCY_RESPONSE,5,5.89
INC-0101-047,P-0101,2026-02-16,HIGH_INTENSITY_OPERATION,5,5.95
INC-0101-050,P-0101,2026-02-19,EMERGENCY_RESPONSE,3,4.26
INC-0101-058,P-0101,2026-02-27,EMERGENCY_RESPONSE,5,5.77
INC-0101-069,P-0101,2026-03-10,HIGH_INTENSITY_OPERATION,4,4.85
INC-0101-071,P-0101,2026-03-12,HIGH_INTENSITY_OPERATION,3,4.05
INC-0101-080,P-0101,2026-03-21,ROUTINE_OPERATION,5,5.92
INC-0101-091,P-0101,2026-04-01,HIGH_INTENSITY_OPERATION,3,5.4
INC-0101-092,P-0101,2026-04-02,ROUTINE_OPERATION,5,5.95
INC-0101-098,P-0101,2026-04-08,EMERGENCY_RESPONSE,5,5.94
INC-0101-101,P-0101,2026-04-11,ROUTINE_OPERATION,4,5.35
INC-0101-105,P-0101,2026-04-15,EMERGENCY_RESPONSE,5,5.7
INC-0101-113,P-0101,2026-04-23,EMERGENCY_RESPONSE,5,6.19
INC-0101-116,P-0101,2026-04-26,HIGH_INTENSITY_OPERATION,5,4.96
INC-0101-117,P-0101,2026-04-27,ROUTINE_OPERATION,5,7.0
INC-0101-125,P-0101,2026-05-05,HIGH_INTENSITY_OPERATION,4,4.77
INC-0101-128,P-0101,2026-05-08,EMERGENCY_RESPONSE,5,6.55
INC-0101-145,P-0101,2026-05-25,HIGH_INTENSITY_OPERATION,4,5.24
INC-0101-149,P-0101,2026-05-29,HIGH_INTENSITY_OPERATION,4,4.7
INC-0101-166,P-0101,2026-06-15,EXTENDED_OPERATION,5,6.52
INC-0101-168,P-0101,2026-06-17,HIGH_INTENSITY_OPERATION,5,5.17
INC-0101-177,P-0101,2026-06-26,EMERGENCY_RESPONSE,3,4.48
INC-0101-179,P-0101,2026-06-28,ROUTINE_OPERATION,4,5.62
INC-0102-001,P-0102,2026-01-01,HIGH_INTENSITY_OPERATION,5,5.1
INC-0102-006,P-0102,2026-01-06,EXTENDED_OPERATION,4,6.09
INC-0102-009,P-0102,2026-01-09,EMERGENCY_RESPONSE,4,5.74
INC-0102-010,P-0102,2026-01-10,EXTENDED_OPERATION,5,5.63
INC-0102-025,P-0102,2026-01-25,ROUTINE_OPERATION,4,4.96
INC-0102-049,P-0102,2026-02-18,HIGH_INTENSITY_OPERATION,3,2.92
INC-0102-057,P-0102,2026-02-26,EMERGENCY_RESPONSE,3,5.04
INC-0102-061,P-0102,2026-03-02,ROUTINE_OPERATION,5,6.06
INC-0102-070,P-0102,2026-03-11,HIGH_INTENSITY_OPERATION,4,5.54
INC-0102-097,P-0102,2026-04-07,EXTENDED_OPERATION,5,5.04
INC-0102-108,P-0102,2026-04-18,EMERGENCY_RESPONSE,3,4.69
INC-0102-110,P-0102,2026-04-20,HIGH_INTENSITY_OPERATION,4,6.58
INC-0102-134,P-0102,2026-05-14,EMERGENCY_RESPONSE,3,4.68
INC-0102-139,P-0102,2026-05-19,HIGH_INTENSITY_OPERATION,4,5.22
INC-0102-144,P-0102,2026-05-24,EXTENDED_OPERATION,5,6.08
INC-0102-158,P-0102,2026-06-07,HIGH_INTENSITY_OPERATION,4,4.04
INC-0102-174,P-0102,2026-06-23,EMERGENCY_RESPONSE,5,5.65
INC-0102-178,P-0102,2026-06-27,EMERGENCY_RESPONSE,5,5.84
INC-0103-013,P-0103,2026-01-13,ROUTINE_OPERATION,3,3.43
INC-0103-053,P-0103,2026-02-22,HIGH_INTENSITY_OPERATION,4,5.47
INC-0103-054,P-0103,2026-02-23,HIGH_INTENSITY_OPERATION,4,5.89
INC-0103-065,P-0103,2026-03-06,ROUTINE_OPERATION,3,4.12
INC-0103-085,P-0103,2026-03-26,HIGH_INTENSITY_OPERATION,4,5.78
INC-0103-105,P-0103,2026-04-15,EXTENDED_OPERATION,4,4.93
INC-0103-154,P-0103,2026-06-03,ROUTINE_OPERATION,5,5.79
INC-0103-159,P-0103,2026-06-08,HIGH_INTENSITY_OPERATION,4,4.53
INC-0103-173,P-0103,2026-06-22,EMERGENCY_RESPONSE,4,6.31
INC-0104-018,P-0104,2026-01-18,ROUTINE_OPERATION,4,5.41
INC-0104-057,P-0104,2026-02-26,HIGH_INTENSITY_OPERATION,4,5.7
INC-0104-058,P-0104,2026-02-27,HIGH_INTENSITY_OPERATION,3,4.47
INC-0104-065,P-0104,2026-03-06,HIGH_INTENSITY_OPERATION,4,5.44
INC-0104-076,P-0104,2026-03-17,EXTENDED_OPERATION,4,4.8
INC-0104-105,P-0104,2026-04-15,HIGH_INTENSITY_OPERATION,5,6.07
INC-0104-128,P-0104,2026-05-08,ROUTINE_OPERATION,5,5.5
INC-0104-157,P-0104,2026-06-06,EXTENDED_OPERATION,5,5.7
INC-0104-170,P-0104,2026-06-19,ROUTINE_OPERATION,5,6.08
INC-0105-011,P-0105,2026-01-11,EMERGENCY_RESPONSE,5,6.57
INC-0105-049,P-0105,2026-02-18,EMERGENCY_RESPONSE,3,3.81
INC-0105-106,P-0105,2026-04-16,EMERGENCY_RESPONSE,5,5.73
INC-0105-108,P-0105,2026-04-18,HIGH_INTENSITY_OPERATION,5,6.2
INC-0106-014,P-0106,2026-01-14,ROUTINE_OPERATION,2,3.97
INC-0106-050,P-0106,2026-02-19,HIGH_INTENSITY_OPERATION,4,4.44
INC-0106-056,P-0106,2026-02-25,EXTENDED_OPERATION,4,5.42
INC-0106-094,P-0106,2026-04-04,ROUTINE_OPERATION,4,5.02
INC-0106-117,P-0106,2026-04-27,EMERGENCY_RESPONSE,3,4.22
INC-0106-128,P-0106,2026-05-08,ROUTINE_OPERATION,5,5.16
INC-0106-138,P-0106,2026-05-18,HIGH_INTENSITY_OPERATION,2,3.15
INC-0106-157,P-0106,2026-06-06,ROUTINE_OPERATION,3,4.64
INC-0107-027,P-0107,2026-01-27,EXTENDED_OPERATION,5,4.9
INC-0107-108,P-0107,2026-04-18,ROUTINE_OPERATION,3,4.4
INC-0108-004,P-0108,2026-01-04,HIGH_INTENSITY_OPERATION,4,5.77
INC-0108-005,P-0108,2026-01-05,EXTENDED_OPERATION,4,5.92
INC-0108-018,P-0108,2026-01-18,ROUTINE_OPERATION,3,4.85
INC-0108-023,P-0108,2026-01-23,HIGH_INTENSITY_OPERATION,2,2.29
INC-0108-042,P-0108,2026-02-11,HIGH_INTENSITY_OPERATION,5,6.11
INC-0108-058,P-0108,2026-02-27,HIGH_INTENSITY_OPERATION,4,4.6
INC-0108-059,P-0108,2026-02-28,EMERGENCY_RESPONSE,4,4.96
INC-0108-064,P-0108,2026-03-05,ROUTINE_OPERATION,2,5.17
INC-0108-071,P-0108,2026-03-12,EXTENDED_OPERATION,1,1.75
INC-0108-086,P-0108,2026-03-27,EMERGENCY_RESPONSE,5,6.19
INC-0108-095,P-0108,2026-04-05,HIGH_INTENSITY_OPERATION,1,3.24
INC-0108-122,P-0108,2026-05-02,ROUTINE_OPERATION,2,3.87
INC-0109-057,P-0109,2026-02-26,ROUTINE_OPERATION,2,4.02
INC-0109-069,P-0109,2026-03-10,ROUTINE_OPERATION,2,3.43
INC-0110-003,P-0110,2026-01-03,HIGH_INTENSITY_OPERATION,2,4.04
INC-0110-032,P-0110,2026-02-01,HIGH_INTENSITY_OPERATION,5,6.27
INC-0110-050,P-0110,2026-02-19,ROUTINE_OPERATION,1,1.65
INC-0110-081,P-0110,2026-03-22,EXTENDED_OPERATION,5,6.46
INC-0110-127,P-0110,2026-05-07,EMERGENCY_RESPONSE,2,3.77
INC-0110-130,P-0110,2026-05-10,ROUTINE_OPERATION,5,6.03
INC-0110-137,P-0110,2026-05-17,HIGH_INTENSITY_OPERATION,5,4.93
INC-0110-140,P-0110,2026-05-20,ROUTINE_OPERATION,5,6.85
INC-0111-032,P-0111,2026-02-01,ROUTINE_OPERATION,3,6.22
INC-0111-039,P-0111,2026-02-08,HIGH_INTENSITY_OPERATION,4,5.21
INC-0111-046,P-0111,2026-02-15,ROUTINE_OPERATION,3,3.88
INC-0111-088,P-0111,2026-03-29,HIGH_INTENSITY_OPERATION,4,5.2
INC-0111-114,P-0111,2026-04-24,EMERGENCY_RESPONSE,5,5.69
INC-0111-125,P-0111,2026-05-05,ROUTINE_OPERATION,2,4.7
INC-0111-137,P-0111,2026-05-17,HIGH_INTENSITY_OPERATION,3,3.83
INC-0111-154,P-0111,2026-06-03,ROUTINE_OPERATION,2,3.83
INC-0111-165,P-0111,2026-06-14,EMERGENCY_RESPONSE,1,3.49
INC-0112-031,P-0112,2026-01-31,HIGH_INTENSITY_OPERATION,3,4.45
INC-0113-020,P-0113,2026-01-20,ROUTINE_OPERATION,4,4.16
INC-0113-031,P-0113,2026-01-31,HIGH_INTENSITY_OPERATION,4,5.94
INC-0113-032,P-0113,2026-02-01,HIGH_INTENSITY_OPERATION,4,5.4
INC-0113-153,P-0113,2026-06-02,ROUTINE_OPERATION,3,3.99
INC-0114-009,P-0114,2026-01-09,ROUTINE_OPERATION,4,4.57
INC-0114-026,P-0114,2026-01-26,EMERGENCY_RESPONSE,4,5.7
INC-0114-037,P-0114,2026-02-06,ROUTINE_OPERATION,3,3.04
INC-0114-046,P-0114,2026-02-15,EXTENDED_OPERATION,4,4.77
INC-0114-064,P-0114,2026-03-05,EMERGENCY_RESPONSE,3,4.79
INC-0114-095,P-0114,2026-04-05,ROUTINE_OPERATION,5,5.48
INC-0114-126,P-0114,2026-05-06,EMERGENCY_RESPONSE,5,6.36
INC-0114-138,P-0114,2026-05-18,ROUTINE_OPERATION,5,5.75
INC-0114-148,P-0114,2026-05-28,EXTENDED_OPERATION,5,5.55
INC-0114-153,P-0114,2026-06-02,EXTENDED_OPERATION,5,5.9
INC-0114-159,P-0114,2026-06-08,ROUTINE_OPERATION,5,5.73
INC-0114-165,P-0114,2026-06-14,EXTENDED_OPERATION,5,6.37
INC-0114-172,P-0114,2026-06-21,ROUTINE_OPERATION,5,5.69
INC-0114-174,P-0114,2026-06-23,ROUTINE_OPERATION,4,5.71
INC-0115-006,P-0115,2026-01-06,ROUTINE_OPERATION,4,4.69
INC-0115-103,P-0115,2026-04-13,EXTENDED_OPERATION,5,6.18
INC-0115-129,P-0115,2026-05-09,ROUTINE_OPERATION,4,4.69
INC-0115-134,P-0115,2026-05-14,ROUTINE_OPERATION,3,4.27
INC-0115-135,P-0115,2026-05-15,EXTENDED_OPERATION,4,4.63
INC-0115-140,P-0115,2026-05-20,HIGH_INTENSITY_OPERATION,3,4.84
INC-0115-153,P-0115,2026-06-02,EMERGENCY_RESPONSE,5,7.13
INC-0116-166,P-0116,2026-06-15,ROUTINE_OPERATION,2,3.78
INC-0116-175,P-0116,2026-06-24,HIGH_INTENSITY_OPERATION,3,4.55
INC-0117-012,P-0117,2026-01-12,EXTENDED_OPERATION,3,4.54
INC-0117-023,P-0117,2026-01-23,ROUTINE_OPERATION,5,7.02
INC-0117-037,P-0117,2026-02-06,EMERGENCY_RESPONSE,4,4.89
INC-0117-066,P-0117,2026-03-07,HIGH_INTENSITY_OPERATION,5,4.42
INC-0117-083,P-0117,2026-03-24,HIGH_INTENSITY_OPERATION,4,5.11
INC-0117-097,P-0117,2026-04-07,EMERGENCY_RESPONSE,3,4.82
INC-0117-104,P-0117,2026-04-14,HIGH_INTENSITY_OPERATION,2,3.55
INC-0117-107,P-0117,2026-04-17,ROUTINE_OPERATION,2,4.04
INC-0117-171,P-0117,2026-06-20,EMERGENCY_RESPONSE,5,5.91
INC-0117-176,P-0117,2026-06-25,ROUTINE_OPERATION,4,6.67
INC-0118-005,P-0118,2026-01-05,EMERGENCY_RESPONSE,4,5.66
INC-0118-059,P-0118,2026-02-28,HIGH_INTENSITY_OPERATION,3,4.66
INC-0118-062,P-0118,2026-03-03,ROUTINE_OPERATION,4,5.1
INC-0118-068,P-0118,2026-03-09,HIGH_INTENSITY_OPERATION,4,5.63
INC-0118-081,P-0118,2026-03-22,HIGH_INTENSITY_OPERATION,2,4.27
INC-0118-102,P-0118,2026-04-12,HIGH_INTENSITY_OPERATION,5,6.09
INC-0118-118,P-0118,2026-04-28,EXTENDED_OPERATION,3,3.08
INC-0118-130,P-0118,2026-05-10,EXTENDED_OPERATION,3,4.55
INC-0118-164,P-0118,2026-06-13,HIGH_INTENSITY_OPERATION,3,4.19
INC-0118-167,P-0118,2026-06-16,ROUTINE_OPERATION,4,5.29
INC-0119-001,P-0119,2026-01-01,ROUTINE_OPERATION,4,5.43
INC-0119-008,P-0119,2026-01-08,ROUTINE_OPERATION,3,4.06
INC-0119-069,P-0119,2026-03-10,HIGH_INTENSITY_OPERATION,5,5.64
INC-0119-166,P-0119,2026-06-15,ROUTINE_OPERATION,3,3.64
INC-0120-071,P-0120,2026-03-12,HIGH_INTENSITY_OPERATION,3,5.3
INC-0120-098,P-0120,2026-04-08,ROUTINE_OPERATION,4,4.03
INC-0120-113,P-0120,2026-04-23,HIGH_INTENSITY_OPERATION,5,7.0
INC-0120-138,P-0120,2026-05-18,ROUTINE_OPERATION,2,4.63
INC-0120-180,P-0120,2026-06-29,HIGH_INTENSITY_OPERATION,5,6.86
INC-0121-009,P-0121,2026-01-09,EXTENDED_OPERATION,4,5.08
INC-0121-027,P-0121,2026-01-27,HIGH_INTENSITY_OPERATION,5,5.93
INC-0121-028,P-0121,2026-01-28,HIGH_INTENSITY_OPERATION,5,5.85
INC-0121-037,P-0121,2026-02-06,HIGH_INTENSITY_OPERATION,5,6.13
INC-0121-045,P-0121,2026-02-14,HIGH_INTENSITY_OPERATION,5,5.98
INC-0121-047,P-0121,2026-02-16,HIGH_INTENSITY_OPERATION,5,6.12
INC-0121-049,P-0121,2026-02-18,HIGH_INTENSITY_OPERATION,5,7.27
INC-0121-056,P-0121,2026-02-25,ROUTINE_OPERATION,5,5.53
INC-0121-060,P-0121,2026-03-01,ROUTINE_OPERATION,4,5.83
INC-0121-074,P-0121,2026-03-15,HIGH_INTENSITY_OPERATION,3,4.49
INC-0121-089,P-0121,2026-03-30,EMERGENCY_RESPONSE,4,5.39
INC-0121-093,P-0121,2026-04-03,HIGH_INTENSITY_OPERATION,5,5.98
INC-0121-104,P-0121,2026-04-14,EMERGENCY_RESPONSE,5,5.44
INC-0121-118,P-0121,2026-04-28,EXTENDED_OPERATION,5,6.54
INC-0121-123,P-0121,2026-05-03,ROUTINE_OPERATION,5,6.9
INC-0121-126,P-0121,2026-05-06,HIGH_INTENSITY_OPERATION,3,5.21
INC-0121-127,P-0121,2026-05-07,HIGH_INTENSITY_OPERATION,4,5.63
INC-0121-128,P-0121,2026-05-08,ROUTINE_OPERATION,5,6.22
INC-0121-130,P-0121,2026-05-10,EMERGENCY_RESPONSE,2,3.29
INC-0121-146,P-0121,2026-05-26,ROUTINE_OPERATION,3,3.4
INC-0121-162,P-0121,2026-06-11,HIGH_INTENSITY_OPERATION,3,4.38
INC-0121-175,P-0121,2026-06-24,HIGH_INTENSITY_OPERATION,5,6.39
INC-0122-153,P-0122,2026-06-02,ROUTINE_OPERATION,2,3.78
INC-0122-169,P-0122,2026-06-18,ROUTINE_OPERATION,1,2.18
INC-0123-008,P-0123,2026-01-08,HIGH_INTENSITY_OPERATION,5,5.79
INC-0123-010,P-0123,2026-01-10,ROUTINE_OPERATION,5,5.99
INC-0123-011,P-0123,2026-01-11,EXTENDED_OPERATION,4,4.86
INC-0123-014,P-0123,2026-01-14,HIGH_INTENSITY_OPERATION,5,6.55
INC-0123-031,P-0123,2026-01-31,EMERGENCY_RESPONSE,5,6.1
INC-0123-052,P-0123,2026-02-21,ROUTINE_OPERATION,5,5.82
INC-0123-055,P-0123,2026-02-24,ROUTINE_OPERATION,5,6.05
INC-0123-067,P-0123,2026-03-08,HIGH_INTENSITY_OPERATION,5,6.13
INC-0123-072,P-0123,2026-03-13,ROUTINE_OPERATION,5,4.81
INC-0123-075,P-0123,2026-03-16,HIGH_INTENSITY_OPERATION,4,5.68
INC-0123-117,P-0123,2026-04-27,HIGH_INTENSITY_OPERATION,5,6.28
INC-0123-119,P-0123,2026-04-29,HIGH_INTENSITY_OPERATION,5,6.53
INC-0123-125,P-0123,2026-05-05,EMERGENCY_RESPONSE,3,3.21
INC-0123-128,P-0123,2026-05-08,EXTENDED_OPERATION,5,6.64
INC-0123-160,P-0123,2026-06-09,EMERGENCY_RESPONSE,4,5.09
INC-0123-170,P-0123,2026-06-19,HIGH_INTENSITY_OPERATION,4,4.93
INC-0123-173,P-0123,2026-06-22,ROUTINE_OPERATION,4,5.23
INC-0123-179,P-0123,2026-06-28,HIGH_INTENSITY_OPERATION,5,6.07
INC-0123-180,P-0123,2026-06-29,ROUTINE_OPERATION,4,4.09
INC-0124-019,P-0124,2026-01-19,EMERGENCY_RESPONSE,2,4.13
INC-0124-077,P-0124,2026-03-18,ROUTINE_OPERATION,3,4.6
INC-0124-082,P-0124,2026-03-23,ROUTINE_OPERATION,5,6.89
INC-0124-091,P-0124,2026-04-01,HIGH_INTENSITY_OPERATION,3,4.04
INC-0124-129,P-0124,2026-05-09,HIGH_INTENSITY_OPERATION,3,4.63
INC-0124-132,P-0124,2026-05-12,EMERGENCY_RESPONSE,5,6.14
INC-0124-138,P-0124,2026-05-18,HIGH_INTENSITY_OPERATION,4,5.24
INC-0124-164,P-0124,2026-06-13,ROUTINE_OPERATION,4,5.4
INC-0125-003,P-0125,2026-01-03,ROUTINE_OPERATION,4,4.99
INC-0125-021,P-0125,2026-01-21,EMERGENCY_RESPONSE,5,5.78
INC-0125-028,P-0125,2026-01-28,EMERGENCY_RESPONSE,5,5.95
INC-0125-050,P-0125,2026-02-19,ROUTINE_OPERATION,5,5.84
INC-0125-056,P-0125,2026-02-25,HIGH_INTENSITY_OPERATION,4,5.36
INC-0125-064,P-0125,2026-03-05,ROUTINE_OPERATION,4,5.02
INC-0125-096,P-0125,2026-04-06,HIGH_INTENSITY_OPERATION,4,5.37
INC-0125-098,P-0125,2026-04-08,HIGH_INTENSITY_OPERATION,5,5.75
INC-0125-125,P-0125,2026-05-05,EMERGENCY_RESPONSE,5,5.58
INC-0125-157,P-0125,2026-06-06,ROUTINE_OPERATION,5,5.29
INC-0125-170,P-0125,2026-06-19,HIGH_INTENSITY_OPERATION,5,5.72
INC-0125-174,P-0125,2026-06-23,EMERGENCY_RESPONSE,3,5.34
INC-0125-180,P-0125,2026-06-29,ROUTINE_OPERATION,4,5.25
INC-0126-004,P-0126,2026-01-04,EMERGENCY_RESPONSE,5,4.79
INC-0126-008,P-0126,2026-01-08,HIGH_INTENSITY_OPERATION,3,4.55
INC-0126-019,P-0126,2026-01-19,EMERGENCY_RESPONSE,2,3.37
INC-0126-021,P-0126,2026-01-21,HIGH_INTENSITY_OPERATION,3,4.54
INC-0126-058,P-0126,2026-02-27,EXTENDED_OPERATION,3,4.96
INC-0126-069,P-0126,2026-03-10,HIGH_INTENSITY_OPERATION,2,2.82
INC-0126-089,P-0126,2026-03-30,EMERGENCY_RESPONSE,2,2.75
INC-0126-098,P-0126,2026-04-08,EMERGENCY_RESPONSE,2,3.62
INC-0126-116,P-0126,2026-04-26,EMERGENCY_RESPONSE,5,6.47
INC-0126-128,P-0126,2026-05-08,HIGH_INTENSITY_OPERATION,5,6.29
INC-0127-007,P-0127,2026-01-07,EXTENDED_OPERATION,5,6.21
INC-0127-029,P-0127,2026-01-29,HIGH_INTENSITY_OPERATION,4,4.53
INC-0127-035,P-0127,2026-02-04,HIGH_INTENSITY_OPERATION,5,6.72
INC-0127-060,P-0127,2026-03-01,HIGH_INTENSITY_OPERATION,5,6.24
INC-0127-063,P-0127,2026-03-04,EXTENDED_OPERATION,5,6.22
INC-0127-086,P-0127,2026-03-27,EMERGENCY_RESPONSE,5,6.21
INC-0127-161,P-0127,2026-06-10,EMERGENCY_RESPONSE,4,4.54
INC-0127-168,P-0127,2026-06-17,HIGH_INTENSITY_OPERATION,2,4.31
INC-0127-174,P-0127,2026-06-23,ROUTINE_OPERATION,3,4.79
INC-0128-016,P-0128,2026-01-16,ROUTINE_OPERATION,5,7.16
INC-0128-057,P-0128,2026-02-26,ROUTINE_OPERATION,4,5.33
INC-0128-059,P-0128,2026-02-28,HIGH_INTENSITY_OPERATION,5,5.75
INC-0128-075,P-0128,2026-03-16,HIGH_INTENSITY_OPERATION,3,5.35
INC-0128-092,P-0128,2026-04-02,HIGH_INTENSITY_OPERATION,5,6.35
INC-0128-108,P-0128,2026-04-18,EMERGENCY_RESPONSE,5,6.14
INC-0129-037,P-0129,2026-02-06,HIGH_INTENSITY_OPERATION,4,4.99
INC-0129-048,P-0129,2026-02-17,EXTENDED_OPERATION,5,5.35
INC-0129-056,P-0129,2026-02-25,EXTENDED_OPERATION,5,6.28
INC-0129-057,P-0129,2026-02-26,HIGH_INTENSITY_OPERATION,5,5.98
INC-0129-069,P-0129,2026-03-10,HIGH_INTENSITY_OPERATION,5,5.13
INC-0129-071,P-0129,2026-03-12,ROUTINE_OPERATION,3,4.45
INC-0129-086,P-0129,2026-03-27,EMERGENCY_RESPONSE,5,6.66
INC-0129-087,P-0129,2026-03-28,HIGH_INTENSITY_OPERATION,5,5.79
INC-0129-095,P-0129,2026-04-05,HIGH_INTENSITY_OPERATION,4,4.04
INC-0129-116,P-0129,2026-04-26,ROUTINE_OPERATION,5,6.41
INC-0129-136,P-0129,2026-05-16,HIGH_INTENSITY_OPERATION,5,5.42
INC-0129-158,P-0129,2026-06-07,EMERGENCY_RESPONSE,4,5.51
INC-0129-160,P-0129,2026-06-09,HIGH_INTENSITY_OPERATION,5,6.22
INC-0129-167,P-0129,2026-06-16,EXTENDED_OPERATION,5,5.8
INC-0129-169,P-0129,2026-06-18,ROUTINE_OPERATION,5,5.74
INC-0130-002,P-0130,2026-01-02,EMERGENCY_RESPONSE,3,4.47
INC-0130-008,P-0130,2026-01-08,ROUTINE_OPERATION,5,5.76
INC-0130-025,P-0130,2026-01-25,EXTENDED_OPERATION,1,2.69
INC-0130-045,P-0130,2026-02-14,ROUTINE_OPERATION,1,3.14
INC-0130-055,P-0130,2026-02-24,EXTENDED_OPERATION,5,5.47
INC-0130-083,P-0130,2026-03-24,HIGH_INTENSITY_OPERATION,5,5.2
INC-0130-086,P-0130,2026-03-27,HIGH_INTENSITY_OPERATION,2,3.48
INC-0130-146,P-0130,2026-05-26,EXTENDED_OPERATION,2,3.51
INC-0130-148,P-0130,2026-05-28,ROUTINE_OPERATION,3,5.47
INC-0130-164,P-0130,2026-06-13,EXTENDED_OPERATION,2,4.56
INC-0130-177,P-0130,2026-06-26,ROUTINE_OPERATION,5,6.64
INC-0131-023,P-0131,2026-01-23,HIGH_INTENSITY_OPERATION,5,5.48
INC-0131-024,P-0131,2026-01-24,ROUTINE_OPERATION,2,3.67
INC-0131-044,P-0131,2026-02-13,HIGH_INTENSITY_OPERATION,5,6.11
INC-0131-046,P-0131,2026-02-15,EXTENDED_OPERATION,4,5.2
INC-0131-090,P-0131,2026-03-31,HIGH_INTENSITY_OPERATION,2,5.01
INC-0131-108,P-0131,2026-04-18,ROUTINE_OPERATION,2,3.24
INC-0131-148,P-0131,2026-05-28,ROUTINE_OPERATION,2,2.96
INC-0131-159,P-0131,2026-06-08,HIGH_INTENSITY_OPERATION,2,4.13
INC-0131-175,P-0131,2026-06-24,ROUTINE_OPERATION,2,5.11
INC-0131-178,P-0131,2026-06-27,ROUTINE_OPERATION,3,2.88
INC-0132-043,P-0132,2026-02-12,EMERGENCY_RESPONSE,4,4.61
INC-0132-047,P-0132,2026-02-16,ROUTINE_OPERATION,3,3.6
INC-0132-062,P-0132,2026-03-03,EXTENDED_OPERATION,5,6.67
INC-0132-087,P-0132,2026-03-28,HIGH_INTENSITY_OPERATION,4,5.03
INC-0133-052,P-0133,2026-02-21,ROUTINE_OPERATION,2,2.99
INC-0133-069,P-0133,2026-03-10,HIGH_INTENSITY_OPERATION,1,2.53
INC-0133-139,P-0133,2026-05-19,HIGH_INTENSITY_OPERATION,3,5.48
INC-0134-014,P-0134,2026-01-14,EMERGENCY_RESPONSE,5,7.55
INC-0134-020,P-0134,2026-01-20,HIGH_INTENSITY_OPERATION,4,4.52
INC-0134-036,P-0134,2026-02-05,ROUTINE_OPERATION,4,5.27
INC-0134-059,P-0134,2026-02-28,EMERGENCY_RESPONSE,5,5.28
INC-0134-061,P-0134,2026-03-02,EMERGENCY_RESPONSE,5,6.84
INC-0134-066,P-0134,2026-03-07,HIGH_INTENSITY_OPERATION,4,4.72
INC-0134-085,P-0134,2026-03-26,HIGH_INTENSITY_OPERATION,4,4.82
INC-0134-113,P-0134,2026-04-23,EXTENDED_OPERATION,5,6.05
INC-0134-128,P-0134,2026-05-08,HIGH_INTENSITY_OPERATION,3,3.97
INC-0134-145,P-0134,2026-05-25,HIGH_INTENSITY_OPERATION,4,4.95
INC-0134-149,P-0134,2026-05-29,EXTENDED_OPERATION,3,4.2
INC-0134-168,P-0134,2026-06-17,HIGH_INTENSITY_OPERATION,5,6.63
INC-0134-174,P-0134,2026-06-23,EXTENDED_OPERATION,2,3.62
INC-0135-008,P-0135,2026-01-08,HIGH_INTENSITY_OPERATION,5,6.58
INC-0135-064,P-0135,2026-03-05,ROUTINE_OPERATION,2,3.67
INC-0135-065,P-0135,2026-03-06,ROUTINE_OPERATION,4,4.83
INC-0135-102,P-0135,2026-04-12,EXTENDED_OPERATION,3,4.21
INC-0135-162,P-0135,2026-06-11,EXTENDED_OPERATION,3,5.97
INC-0136-014,P-0136,2026-01-14,HIGH_INTENSITY_OPERATION,5,6.25
INC-0136-041,P-0136,2026-02-10,ROUTINE_OPERATION,3,3.86
INC-0136-055,P-0136,2026-02-24,HIGH_INTENSITY_OPERATION,4,4.9
INC-0136-064,P-0136,2026-03-05,ROUTINE_OPERATION,5,5.89
INC-0136-070,P-0136,2026-03-11,EMERGENCY_RESPONSE,5,6.55
INC-0136-086,P-0136,2026-03-27,ROUTINE_OPERATION,4,4.74
INC-0136-148,P-0136,2026-05-28,ROUTINE_OPERATION,3,4.33
INC-0137-001,P-0137,2026-01-01,HIGH_INTENSITY_OPERATION,3,5.31
INC-0137-088,P-0137,2026-03-29,ROUTINE_OPERATION,3,3.95
INC-0137-134,P-0137,2026-05-14,HIGH_INTENSITY_OPERATION,5,5.7
INC-0138-054,P-0138,2026-02-23,EMERGENCY_RESPONSE,5,5.96
INC-0138-073,P-0138,2026-03-14,EMERGENCY_RESPONSE,5,5.96
INC-0138-075,P-0138,2026-03-16,HIGH_INTENSITY_OPERATION,5,4.49
INC-0138-087,P-0138,2026-03-28,HIGH_INTENSITY_OPERATION,5,6.24
INC-0138-092,P-0138,2026-04-02,ROUTINE_OPERATION,3,4.58
INC-0138-124,P-0138,2026-05-04,ROUTINE_OPERATION,3,4.47
INC-0138-171,P-0138,2026-06-20,ROUTINE_OPERATION,3,4.18
INC-0139-022,P-0139,2026-01-22,EMERGENCY_RESPONSE,5,6.31
INC-0139-028,P-0139,2026-01-28,EMERGENCY_RESPONSE,5,4.99
INC-0139-042,P-0139,2026-02-11,HIGH_INTENSITY_OPERATION,5,5.8
INC-0139-047,P-0139,2026-02-16,ROUTINE_OPERATION,5,5.97
INC-0139-063,P-0139,2026-03-04,EXTENDED_OPERATION,4,5.91
INC-0139-066,P-0139,2026-03-07,EXTENDED_OPERATION,3,3.46
INC-0139-152,P-0139,2026-06-01,HIGH_INTENSITY_OPERATION,4,4.77
INC-0139-172,P-0139,2026-06-21,ROUTINE_OPERATION,3,4.25
INC-0140-029,P-0140,2026-01-29,HIGH_INTENSITY_OPERATION,5,6.0
INC-0140-042,P-0140,2026-02-11,HIGH_INTENSITY_OPERATION,4,5.51
INC-0140-044,P-0140,2026-02-13,HIGH_INTENSITY_OPERATION,5,6.71
INC-0140-065,P-0140,2026-03-06,HIGH_INTENSITY_OPERATION,3,4.26
INC-0140-079,P-0140,2026-03-20,EMERGENCY_RESPONSE,4,4.49
INC-0140-089,P-0140,2026-03-30,EMERGENCY_RESPONSE,5,6.01
INC-0140-104,P-0140,2026-04-14,HIGH_INTENSITY_OPERATION,1,3.04
INC-0140-107,P-0140,2026-04-17,EMERGENCY_RESPONSE,4,4.83
INC-0140-111,P-0140,2026-04-21,HIGH_INTENSITY_OPERATION,2,3.78
INC-0140-136,P-0140,2026-05-16,ROUTINE_OPERATION,4,5.63
INC-0140-137,P-0140,2026-05-17,ROUTINE_OPERATION,2,3.36
INC-0140-143,P-0140,2026-05-23,ROUTINE_OPERATION,2,3.05
INC-0140-154,P-0140,2026-06-03,HIGH_INTENSITY_OPERATION,3,3.57
INC-0140-156,P-0140,2026-06-05,ROUTINE_OPERATION,3,4.48
INC-0140-161,P-0140,2026-06-10,HIGH_INTENSITY_OPERATION,4,4.84
INC-0140-168,P-0140,2026-06-17,HIGH_INTENSITY_OPERATION,2,3.33
INC-0141-043,P-0141,2026-02-12,ROUTINE_OPERATION,4,4.27
INC-0141-058,P-0141,2026-02-27,EMERGENCY_RESPONSE,4,4.43
INC-0141-064,P-0141,2026-03-05,EMERGENCY_RESPONSE,4,4.85
INC-0141-066,P-0141,2026-03-07,ROUTINE_OPERATION,3,3.94
INC-0141-082,P-0141,2026-03-23,EMERGENCY_RESPONSE,2,3.17
INC-0141-085,P-0141,2026-03-26,ROUTINE_OPERATION,4,5.23
INC-0141-106,P-0141,2026-04-16,ROUTINE_OPERATION,4,4.28
INC-0141-109,P-0141,2026-04-19,HIGH_INTENSITY_OPERATION,4,5.78
INC-0141-122,P-0141,2026-05-02,ROUTINE_OPERATION,3,5.64
INC-0141-152,P-0141,2026-06-01,ROUTINE_OPERATION,4,4.04
INC-0141-156,P-0141,2026-06-05,HIGH_INTENSITY_OPERATION,5,6.06
INC-0141-159,P-0141,2026-06-08,EMERGENCY_RESPONSE,4,5.05
INC-0141-170,P-0141,2026-06-19,HIGH_INTENSITY_OPERATION,3,5.13
INC-0142-005,P-0142,2026-01-05,HIGH_INTENSITY_OPERATION,4,6.17
INC-0142-010,P-0142,2026-01-10,EXTENDED_OPERATION,4,6.76
INC-0142-028,P-0142,2026-01-28,HIGH_INTENSITY_OPERATION,3,4.56
INC-0142-038,P-0142,2026-02-07,HIGH_INTENSITY_OPERATION,5,5.61
INC-0142-094,P-0142,2026-04-04,EMERGENCY_RESPONSE,3,4.11
INC-0142-104,P-0142,2026-04-14,HIGH_INTENSITY_OPERATION,4,5.25
INC-0142-128,P-0142,2026-05-08,ROUTINE_OPERATION,3,4.54
INC-0142-131,P-0142,2026-05-11,EMERGENCY_RESPONSE,4,4.56
INC-0142-154,P-0142,2026-06-03,ROUTINE_OPERATION,4,4.8
INC-0142-165,P-0142,2026-06-14,HIGH_INTENSITY_OPERATION,5,5.86
INC-0142-177,P-0142,2026-06-26,ROUTINE_OPERATION,4,6.05
INC-0143-007,P-0143,2026-01-07,ROUTINE_OPERATION,4,4.49
INC-0143-022,P-0143,2026-01-22,HIGH_INTENSITY_OPERATION,4,5.39
INC-0143-121,P-0143,2026-05-01,HIGH_INTENSITY_OPERATION,3,3.78
INC-0143-131,P-0143,2026-05-11,EXTENDED_OPERATION,4,5.12
INC-0143-170,P-0143,2026-06-19,EXTENDED_OPERATION,2,4.34
INC-0144-008,P-0144,2026-01-08,ROUTINE_OPERATION,5,6.96
INC-0144-016,P-0144,2026-01-16,EMERGENCY_RESPONSE,5,6.22
INC-0144-026,P-0144,2026-01-26,HIGH_INTENSITY_OPERATION,5,5.96
INC-0144-028,P-0144,2026-01-28,EMERGENCY_RESPONSE,5,6.1
INC-0144-035,P-0144,2026-02-04,HIGH_INTENSITY_OPERATION,4,6.08
INC-0144-036,P-0144,2026-02-05,EMERGENCY_RESPONSE,3,4.15
INC-0144-059,P-0144,2026-02-28,EMERGENCY_RESPONSE,3,4.74
INC-0144-077,P-0144,2026-03-18,EXTENDED_OPERATION,5,5.44
INC-0144-095,P-0144,2026-04-05,ROUTINE_OPERATION,5,5.5
INC-0144-098,P-0144,2026-04-08,ROUTINE_OPERATION,3,4.22
INC-0144-099,P-0144,2026-04-09,EMERGENCY_RESPONSE,4,5.48
INC-0144-106,P-0144,2026-04-16,HIGH_INTENSITY_OPERATION,5,6.71
INC-0144-108,P-0144,2026-04-18,ROUTINE_OPERATION,4,5.59
INC-0144-158,P-0144,2026-06-07,EMERGENCY_RESPONSE,5,5.22
INC-0144-160,P-0144,2026-06-09,HIGH_INTENSITY_OPERATION,5,5.75
INC-0144-168,P-0144,2026-06-17,EMERGENCY_RESPONSE,5,5.32
INC-0144-172,P-0144,2026-06-21,HIGH_INTENSITY_OPERATION,5,5.4
INC-0144-180,P-0144,2026-06-29,ROUTINE_OPERATION,5,6.4
INC-0145-006,P-0145,2026-01-06,ROUTINE_OPERATION,3,5.1
INC-0145-061,P-0145,2026-03-02,EMERGENCY_RESPONSE,5,5.77
INC-0145-068,P-0145,2026-03-09,HIGH_INTENSITY_OPERATION,5,6.17
INC-0145-073,P-0145,2026-03-14,ROUTINE_OPERATION,3,5.09
INC-0145-075,P-0145,2026-03-16,EXTENDED_OPERATION,4,5.6
INC-0145-082,P-0145,2026-03-23,HIGH_INTENSITY_OPERATION,4,6.24
INC-0145-097,P-0145,2026-04-07,EMERGENCY_RESPONSE,5,6.19
INC-0145-108,P-0145,2026-04-18,ROUTINE_OPERATION,3,4.74
INC-0145-126,P-0145,2026-05-06,ROUTINE_OPERATION,4,5.28
INC-0145-129,P-0145,2026-05-09,EXTENDED_OPERATION,3,4.58
INC-0145-157,P-0145,2026-06-06,EMERGENCY_RESPONSE,5,5.66
INC-0145-172,P-0145,2026-06-21,HIGH_INTENSITY_OPERATION,4,5.11
INC-0146-034,P-0146,2026-02-03,EXTENDED_OPERATION,5,6.7
INC-0146-051,P-0146,2026-02-20,ROUTINE_OPERATION,3,3.84
INC-0146-067,P-0146,2026-03-08,ROUTINE_OPERATION,1,3.75
INC-0146-176,P-0146,2026-06-25,HIGH_INTENSITY_OPERATION,3,4.64
INC-0147-042,P-0147,2026-02-11,HIGH_INTENSITY_OPERATION,2,3.26
INC-0147-052,P-0147,2026-02-21,HIGH_INTENSITY_OPERATION,3,4.69
INC-0147-068,P-0147,2026-03-09,ROUTINE_OPERATION,1,2.56
INC-0147-085,P-0147,2026-03-26,HIGH_INTENSITY_OPERATION,3,4.76
INC-0147-146,P-0147,2026-05-26,ROUTINE_OPERATION,2,3.92
INC-0147-155,P-0147,2026-06-04,ROUTINE_OPERATION,3,3.26
INC-0147-170,P-0147,2026-06-19,ROUTINE_OPERATION,3,3.47
INC-0147-173,P-0147,2026-06-22,EMERGENCY_RESPONSE,5,5.06
INC-0148-054,P-0148,2026-02-23,ROUTINE_OPERATION,4,4.8
INC-0148-070,P-0148,2026-03-11,ROUTINE_OPERATION,3,3.8
INC-0148-088,P-0148,2026-03-29,HIGH_INTENSITY_OPERATION,4,4.93
INC-0148-089,P-0148,2026-03-30,EXTENDED_OPERATION,5,5.28
INC-0148-103,P-0148,2026-04-13,ROUTINE_OPERATION,3,4.85
INC-0148-123,P-0148,2026-05-03,ROUTINE_OPERATION,3,5.03
INC-0148-130,P-0148,2026-05-10,HIGH_INTENSITY_OPERATION,2,3.56
INC-0148-135,P-0148,2026-05-15,HIGH_INTENSITY_OPERATION,4,5.77
INC-0148-136,P-0148,2026-05-16,EMERGENCY_RESPONSE,2,3.66
INC-0148-151,P-0148,2026-05-31,EMERGENCY_RESPONSE,1,2.59
INC-0148-168,P-0148,2026-06-17,EXTENDED_OPERATION,3,4.38
INC-0148-170,P-0148,2026-06-19,HIGH_INTENSITY_OPERATION,2,2.96
INC-0148-174,P-0148,2026-06-23,EMERGENCY_RESPONSE,2,3.3
INC-0149-004,P-0149,2026-01-04,EMERGENCY_RESPONSE,2,3.74
INC-0149-009,P-0149,2026-01-09,ROUTINE_OPERATION,5,6.01
INC-0149-047,P-0149,2026-02-16,EXTENDED_OPERATION,4,4.96
INC-0149-073,P-0149,2026-03-14,HIGH_INTENSITY_OPERATION,4,6.17
INC-0149-100,P-0149,2026-04-10,EMERGENCY_RESPONSE,5,6.13
INC-0149-163,P-0149,2026-06-12,EMERGENCY_RESPONSE,4,5.84
INC-0149-166,P-0149,2026-06-15,HIGH_INTENSITY_OPERATION,4,5.7
INC-0150-005,P-0150,2026-01-05,HIGH_INTENSITY_OPERATION,4,5.15
INC-0150-008,P-0150,2026-01-08,HIGH_INTENSITY_OPERATION,5,5.9
INC-0150-049,P-0150,2026-02-18,HIGH_INTENSITY_OPERATION,3,4.32
INC-0150-062,P-0150,2026-03-03,ROUTINE_OPERATION,4,4.37
INC-0150-131,P-0150,2026-05-11,EMERGENCY_RESPONSE,5,5.76
INC-0151-007,P-0151,2026-01-07,HIGH_INTENSITY_OPERATION,2,2.75
INC-0151-058,P-0151,2026-02-27,EMERGENCY_RESPONSE,5,6.92
INC-0151-062,P-0151,2026-03-03,EMERGENCY_RESPONSE,5,5.59
INC-0151-140,P-0151,2026-05-20,ROUTINE_OPERATION,2,3.54
INC-0152-135,P-0152,2026-05-15,ROUTINE_OPERATION,3,3.92
INC-0152-143,P-0152,2026-05-23,ROUTINE_OPERATION,3,5.24
INC-0152-157,P-0152,2026-06-06,HIGH_INTENSITY_OPERATION,1,2.44
INC-0153-050,P-0153,2026-02-19,HIGH_INTENSITY_OPERATION,4,5.65
INC-0153-051,P-0153,2026-02-20,ROUTINE_OPERATION,3,3.49
INC-0153-053,P-0153,2026-02-22,ROUTINE_OPERATION,4,4.69
INC-0153-055,P-0153,2026-02-24,ROUTINE_OPERATION,4,4.73
INC-0153-070,P-0153,2026-03-11,EMERGENCY_RESPONSE,5,5.02
INC-0153-078,P-0153,2026-03-19,HIGH_INTENSITY_OPERATION,1,2.84
INC-0153-092,P-0153,2026-04-02,EXTENDED_OPERATION,2,4.19
INC-0153-107,P-0153,2026-04-17,EMERGENCY_RESPONSE,4,4.5
INC-0153-108,P-0153,2026-04-18,ROUTINE_OPERATION,5,6.71
INC-0153-113,P-0153,2026-04-23,HIGH_INTENSITY_OPERATION,4,5.76
INC-0153-135,P-0153,2026-05-15,HIGH_INTENSITY_OPERATION,5,6.26
INC-0153-153,P-0153,2026-06-02,HIGH_INTENSITY_OPERATION,5,7.4
INC-0153-166,P-0153,2026-06-15,EMERGENCY_RESPONSE,4,4.73
INC-0153-176,P-0153,2026-06-25,EMERGENCY_RESPONSE,4,6.12
INC-0153-179,P-0153,2026-06-28,EMERGENCY_RESPONSE,5,5.55
INC-0154-005,P-0154,2026-01-05,EXTENDED_OPERATION,4,5.1
INC-0154-006,P-0154,2026-01-06,EXTENDED_OPERATION,5,6.2
INC-0154-007,P-0154,2026-01-07,ROUTINE_OPERATION,5,6.17
INC-0154-009,P-0154,2026-01-09,ROUTINE_OPERATION,4,4.88
INC-0154-013,P-0154,2026-01-13,HIGH_INTENSITY_OPERATION,4,5.69
INC-0154-014,P-0154,2026-01-14,HIGH_INTENSITY_OPERATION,4,4.92
INC-0154-017,P-0154,2026-01-17,HIGH_INTENSITY_OPERATION,4,4.15
INC-0154-033,P-0154,2026-02-02,EMERGENCY_RESPONSE,3,4.25
INC-0154-037,P-0154,2026-02-06,ROUTINE_OPERATION,4,5.85
INC-0154-046,P-0154,2026-02-15,EMERGENCY_RESPONSE,5,5.12
INC-0154-058,P-0154,2026-02-27,EMERGENCY_RESPONSE,4,4.28
INC-0154-077,P-0154,2026-03-18,EXTENDED_OPERATION,5,5.51
INC-0154-080,P-0154,2026-03-21,ROUTINE_OPERATION,5,5.53
INC-0154-081,P-0154,2026-03-22,ROUTINE_OPERATION,4,4.14
INC-0154-091,P-0154,2026-04-01,EMERGENCY_RESPONSE,5,6.92
INC-0154-093,P-0154,2026-04-03,ROUTINE_OPERATION,4,4.68
INC-0154-102,P-0154,2026-04-12,ROUTINE_OPERATION,2,3.43
INC-0154-116,P-0154,2026-04-26,ROUTINE_OPERATION,3,3.74
INC-0154-154,P-0154,2026-06-03,ROUTINE_OPERATION,3,4.35
INC-0154-161,P-0154,2026-06-10,HIGH_INTENSITY_OPERATION,5,5.88
INC-0154-164,P-0154,2026-06-13,HIGH_INTENSITY_OPERATION,4,6.57
INC-0154-165,P-0154,2026-06-14,ROUTINE_OPERATION,2,4.06
INC-0155-004,P-0155,2026-01-04,HIGH_INTENSITY_OPERATION,4,4.77
INC-0155-017,P-0155,2026-01-17,HIGH_INTENSITY_OPERATION,5,6.79
INC-0155-020,P-0155,2026-01-20,HIGH_INTENSITY_OPERATION,5,5.61
INC-0155-024,P-0155,2026-01-24,ROUTINE_OPERATION,5,6.26
INC-0155-069,P-0155,2026-03-10,HIGH_INTENSITY_OPERATION,5,5.99
INC-0155-070,P-0155,2026-03-11,EMERGENCY_RESPONSE,5,5.96
INC-0155-088,P-0155,2026-03-29,ROUTINE_OPERATION,5,6.95
INC-0155-094,P-0155,2026-04-04,EMERGENCY_RESPONSE,5,6.72
INC-0155-140,P-0155,2026-05-20,ROUTINE_OPERATION,4,5.04
INC-0155-145,P-0155,2026-05-25,HIGH_INTENSITY_OPERATION,5,6.16
INC-0156-006,P-0156,2026-01-06,EMERGENCY_RESPONSE,5,5.8
INC-0156-013,P-0156,2026-01-13,EMERGENCY_RESPONSE,5,6.02
INC-0156-021,P-0156,2026-01-21,ROUTINE_OPERATION,5,5.01
INC-0156-043,P-0156,2026-02-12,HIGH_INTENSITY_OPERATION,5,5.94
INC-0156-044,P-0156,2026-02-13,ROUTINE_OPERATION,5,5.77
INC-0156-045,P-0156,2026-02-14,HIGH_INTENSITY_OPERATION,5,5.23
INC-0156-055,P-0156,2026-02-24,EXTENDED_OPERATION,5,6.4
INC-0156-074,P-0156,2026-03-15,ROUTINE_OPERATION,5,5.74
INC-0156-075,P-0156,2026-03-16,ROUTINE_OPERATION,5,6.41
INC-0156-082,P-0156,2026-03-23,ROUTINE_OPERATION,5,6.3
INC-0156-088,P-0156,2026-03-29,HIGH_INTENSITY_OPERATION,3,4.39
INC-0156-091,P-0156,2026-04-01,HIGH_INTENSITY_OPERATION,5,6.21
INC-0156-102,P-0156,2026-04-12,HIGH_INTENSITY_OPERATION,4,5.23
INC-0156-103,P-0156,2026-04-13,EXTENDED_OPERATION,5,5.58
INC-0156-106,P-0156,2026-04-16,ROUTINE_OPERATION,5,6.05
INC-0156-148,P-0156,2026-05-28,EMERGENCY_RESPONSE,5,5.92
INC-0156-151,P-0156,2026-05-31,EXTENDED_OPERATION,5,5.48
INC-0156-159,P-0156,2026-06-08,ROUTINE_OPERATION,5,5.72
INC-0156-164,P-0156,2026-06-13,EXTENDED_OPERATION,4,4.76
INC-0156-176,P-0156,2026-06-25,HIGH_INTENSITY_OPERATION,5,6.04
INC-0156-177,P-0156,2026-06-26,HIGH_INTENSITY_OPERATION,5,6.48
INC-0157-034,P-0157,2026-02-03,ROUTINE_OPERATION,4,5.2
INC-0157-059,P-0157,2026-02-28,EXTENDED_OPERATION,5,5.84
INC-0157-062,P-0157,2026-03-03,EMERGENCY_RESPONSE,5,6.31
INC-0157-094,P-0157,2026-04-04,HIGH_INTENSITY_OPERATION,5,6.1
INC-0157-123,P-0157,2026-05-03,EMERGENCY_RESPONSE,4,5.5
INC-0157-168,P-0157,2026-06-17,EMERGENCY_RESPONSE,5,6.57
INC-0158-008,P-0158,2026-01-08,EMERGENCY_RESPONSE,4,5.2
INC-0158-016,P-0158,2026-01-16,HIGH_INTENSITY_OPERATION,3,4.27
INC-0158-027,P-0158,2026-01-27,EMERGENCY_RESPONSE,5,6.73
INC-0158-041,P-0158,2026-02-10,ROUTINE_OPERATION,4,4.95
INC-0158-069,P-0158,2026-03-10,ROUTINE_OPERATION,5,6.36
INC-0158-076,P-0158,2026-03-17,ROUTINE_OPERATION,4,5.05
INC-0158-099,P-0158,2026-04-09,ROUTINE_OPERATION,2,3.41
INC-0158-113,P-0158,2026-04-23,HIGH_INTENSITY_OPERATION,3,4.3
INC-0158-121,P-0158,2026-05-01,HIGH_INTENSITY_OPERATION,4,4.97
INC-0158-122,P-0158,2026-05-02,ROUTINE_OPERATION,4,4.83
INC-0158-165,P-0158,2026-06-14,ROUTINE_OPERATION,4,5.11
INC-0159-006,P-0159,2026-01-06,HIGH_INTENSITY_OPERATION,4,4.45
INC-0159-058,P-0159,2026-02-27,HIGH_INTENSITY_OPERATION,4,4.79
INC-0159-068,P-0159,2026-03-09,ROUTINE_OPERATION,2,4.61
INC-0159-100,P-0159,2026-04-10,ROUTINE_OPERATION,2,2.68
INC-0159-164,P-0159,2026-06-13,HIGH_INTENSITY_OPERATION,3,4.12
INC-0160-012,P-0160,2026-01-12,ROUTINE_OPERATION,2,2.92
INC-0160-038,P-0160,2026-02-07,ROUTINE_OPERATION,4,5.95
INC-0160-040,P-0160,2026-02-09,HIGH_INTENSITY_OPERATION,4,5.15
INC-0160-048,P-0160,2026-02-17,EMERGENCY_RESPONSE,3,4.28
INC-0160-049,P-0160,2026-02-18,EMERGENCY_RESPONSE,4,5.78
INC-0160-098,P-0160,2026-04-08,HIGH_INTENSITY_OPERATION,2,4.03
INC-0160-151,P-0160,2026-05-31,HIGH_INTENSITY_OPERATION,3,5.0
INC-0160-163,P-0160,2026-06-12,ROUTINE_OPERATION,5,5.97
INC-0160-175,P-0160,2026-06-24,ROUTINE_OPERATION,5,6.02
INC-0160-179,P-0160,2026-06-28,ROUTINE_OPERATION,5,5.18
INC-0160-180,P-0160,2026-06-29,EMERGENCY_RESPONSE,4,4.22
INC-0161-003,P-0161,2026-01-03,ROUTINE_OPERATION,5,6.37
INC-0161-024,P-0161,2026-01-24,HIGH_INTENSITY_OPERATION,4,4.57
INC-0161-025,P-0161,2026-01-25,EMERGENCY_RESPONSE,5,5.25
INC-0161-041,P-0161,2026-02-10,ROUTINE_OPERATION,4,4.95
INC-0161-052,P-0161,2026-02-21,EXTENDED_OPERATION,5,6.63
INC-0161-061,P-0161,2026-03-02,EMERGENCY_RESPONSE,5,6.6
INC-0161-063,P-0161,2026-03-04,HIGH_INTENSITY_OPERATION,5,4.62
INC-0161-076,P-0161,2026-03-17,HIGH_INTENSITY_OPERATION,5,5.82
INC-0161-090,P-0161,2026-03-31,ROUTINE_OPERATION,5,6.64
INC-0161-125,P-0161,2026-05-05,EMERGENCY_RESPONSE,5,5.2
INC-0161-145,P-0161,2026-05-25,HIGH_INTENSITY_OPERATION,5,6.95
INC-0161-154,P-0161,2026-06-03,HIGH_INTENSITY_OPERATION,5,4.85
INC-0161-156,P-0161,2026-06-05,HIGH_INTENSITY_OPERATION,5,6.27
INC-0161-158,P-0161,2026-06-07,EXTENDED_OPERATION,4,5.07
INC-0161-164,P-0161,2026-06-13,ROUTINE_OPERATION,3,3.43
INC-0161-166,P-0161,2026-06-15,ROUTINE_OPERATION,5,5.84
INC-0161-167,P-0161,2026-06-16,ROUTINE_OPERATION,5,6.01
INC-0162-003,P-0162,2026-01-03,ROUTINE_OPERATION,1,1.78
INC-0162-010,P-0162,2026-01-10,ROUTINE_OPERATION,4,5.19
INC-0162-042,P-0162,2026-02-11,HIGH_INTENSITY_OPERATION,3,3.52
INC-0162-078,P-0162,2026-03-19,ROUTINE_OPERATION,3,4.25
INC-0162-094,P-0162,2026-04-04,HIGH_INTENSITY_OPERATION,2,2.93
INC-0162-096,P-0162,2026-04-06,EMERGENCY_RESPONSE,2,3.99
INC-0162-114,P-0162,2026-04-24,HIGH_INTENSITY_OPERATION,3,4.02
INC-0162-167,P-0162,2026-06-16,ROUTINE_OPERATION,1,2.61
INC-0163-035,P-0163,2026-02-04,HIGH_INTENSITY_OPERATION,4,5.54
INC-0163-040,P-0163,2026-02-09,HIGH_INTENSITY_OPERATION,2,2.86
INC-0163-077,P-0163,2026-03-18,HIGH_INTENSITY_OPERATION,5,5.55
INC-0163-111,P-0163,2026-04-21,EMERGENCY_RESPONSE,2,3.25
INC-0163-134,P-0163,2026-05-14,HIGH_INTENSITY_OPERATION,5,6.23
INC-0163-157,P-0163,2026-06-06,ROUTINE_OPERATION,3,4.59
INC-0164-034,P-0164,2026-02-03,ROUTINE_OPERATION,4,4.94
INC-0164-086,P-0164,2026-03-27,EMERGENCY_RESPONSE,4,5.72
INC-0164-115,P-0164,2026-04-25,EXTENDED_OPERATION,1,2.15
INC-0165-003,P-0165,2026-01-03,HIGH_INTENSITY_OPERATION,3,5.14
INC-0165-005,P-0165,2026-01-05,EMERGENCY_RESPONSE,5,5.82
INC-0165-039,P-0165,2026-02-08,EMERGENCY_RESPONSE,5,6.49
INC-0165-064,P-0165,2026-03-05,HIGH_INTENSITY_OPERATION,5,6.09
INC-0165-076,P-0165,2026-03-17,ROUTINE_OPERATION,3,4.38
INC-0165-088,P-0165,2026-03-29,HIGH_INTENSITY_OPERATION,2,2.92
INC-0165-139,P-0165,2026-05-19,HIGH_INTENSITY_OPERATION,4,5.93
INC-0165-174,P-0165,2026-06-23,HIGH_INTENSITY_OPERATION,5,5.17
INC-0166-031,P-0166,2026-01-31,EMERGENCY_RESPONSE,5,6.08
INC-0166-032,P-0166,2026-02-01,HIGH_INTENSITY_OPERATION,5,6.19
INC-0166-038,P-0166,2026-02-07,ROUTINE_OPERATION,3,4.96
INC-0166-045,P-0166,2026-02-14,ROUTINE_OPERATION,3,4.32
INC-0166-062,P-0166,2026-03-03,HIGH_INTENSITY_OPERATION,5,5.43
INC-0166-110,P-0166,2026-04-20,EMERGENCY_RESPONSE,5,5.82
INC-0166-145,P-0166,2026-05-25,ROUTINE_OPERATION,4,5.12
INC-0166-148,P-0166,2026-05-28,ROUTINE_OPERATION,5,6.51
INC-0166-155,P-0166,2026-06-04,HIGH_INTENSITY_OPERATION,4,5.53
INC-0167-027,P-0167,2026-01-27,ROUTINE_OPERATION,4,5.52
INC-0167-029,P-0167,2026-01-29,EMERGENCY_RESPONSE,5,5.28
INC-0167-042,P-0167,2026-02-11,EMERGENCY_RESPONSE,5,6.12
INC-0167-045,P-0167,2026-02-14,ROUTINE_OPERATION,5,6.36
INC-0167-047,P-0167,2026-02-16,EXTENDED_OPERATION,4,5.1
INC-0167-064,P-0167,2026-03-05,HIGH_INTENSITY_OPERATION,5,6.11
INC-0167-081,P-0167,2026-03-22,EMERGENCY_RESPONSE,4,4.94
INC-0167-116,P-0167,2026-04-26,EXTENDED_OPERATION,4,4.9
INC-0167-178,P-0167,2026-06-27,ROUTINE_OPERATION,4,4.4
INC-0168-006,P-0168,2026-01-06,HIGH_INTENSITY_OPERATION,5,5.66
INC-0168-022,P-0168,2026-01-22,EXTENDED_OPERATION,5,6.95
INC-0168-026,P-0168,2026-01-26,EXTENDED_OPERATION,5,5.12
INC-0168-034,P-0168,2026-02-03,EMERGENCY_RESPONSE,5,6.15
INC-0168-051,P-0168,2026-02-20,ROUTINE_OPERATION,5,6.11
INC-0168-057,P-0168,2026-02-26,HIGH_INTENSITY_OPERATION,5,6.4
INC-0168-068,P-0168,2026-03-09,HIGH_INTENSITY_OPERATION,5,6.94
INC-0168-075,P-0168,2026-03-16,HIGH_INTENSITY_OPERATION,5,6.59
INC-0168-080,P-0168,2026-03-21,EMERGENCY_RESPONSE,4,6.34
INC-0168-087,P-0168,2026-03-28,ROUTINE_OPERATION,5,5.84
INC-0168-094,P-0168,2026-04-04,ROUTINE_OPERATION,4,5.52
INC-0168-114,P-0168,2026-04-24,EMERGENCY_RESPONSE,5,7.0
INC-0168-115,P-0168,2026-04-25,ROUTINE_OPERATION,4,4.28
INC-0168-134,P-0168,2026-05-14,EMERGENCY_RESPONSE,4,6.69
INC-0168-153,P-0168,2026-06-02,HIGH_INTENSITY_OPERATION,4,5.35
INC-0168-174,P-0168,2026-06-23,EMERGENCY_RESPONSE,5,5.03
INC-0169-007,P-0169,2026-01-07,EMERGENCY_RESPONSE,3,3.24
INC-0169-041,P-0169,2026-02-10,ROUTINE_OPERATION,3,4.43
INC-0169-054,P-0169,2026-02-23,HIGH_INTENSITY_OPERATION,5,6.03
INC-0169-063,P-0169,2026-03-04,ROUTINE_OPERATION,4,5.48
INC-0169-142,P-0169,2026-05-22,EXTENDED_OPERATION,3,4.99
INC-0169-148,P-0169,2026-05-28,HIGH_INTENSITY_OPERATION,2,4.67
INC-0170-036,P-0170,2026-02-05,EMERGENCY_RESPONSE,2,3.86
INC-0170-038,P-0170,2026-02-07,ROUTINE_OPERATION,3,5.51
INC-0170-047,P-0170,2026-02-16,ROUTINE_OPERATION,3,3.28
INC-0170-050,P-0170,2026-02-19,HIGH_INTENSITY_OPERATION,3,4.94
INC-0170-062,P-0170,2026-03-03,ROUTINE_OPERATION,5,5.31
INC-0170-069,P-0170,2026-03-10,HIGH_INTENSITY_OPERATION,3,3.43
INC-0170-103,P-0170,2026-04-13,ROUTINE_OPERATION,1,3.31
INC-0170-106,P-0170,2026-04-16,ROUTINE_OPERATION,4,5.24
INC-0170-115,P-0170,2026-04-25,HIGH_INTENSITY_OPERATION,4,5.26
INC-0170-120,P-0170,2026-04-30,HIGH_INTENSITY_OPERATION,4,4.06
INC-0170-141,P-0170,2026-05-21,EXTENDED_OPERATION,3,4.27
INC-0170-163,P-0170,2026-06-12,ROUTINE_OPERATION,5,6.51
INC-0170-169,P-0170,2026-06-18,EMERGENCY_RESPONSE,4,5.36
INC-0170-171,P-0170,2026-06-20,HIGH_INTENSITY_OPERATION,4,4.67
INC-0171-051,P-0171,2026-02-20,HIGH_INTENSITY_OPERATION,3,3.98
INC-0171-052,P-0171,2026-02-21,ROUTINE_OPERATION,1,2.33
INC-0171-064,P-0171,2026-03-05,ROUTINE_OPERATION,3,3.58
INC-0172-018,P-0172,2026-01-18,EMERGENCY_RESPONSE,5,5.94
INC-0172-021,P-0172,2026-01-21,ROUTINE_OPERATION,5,6.72
INC-0172-037,P-0172,2026-02-06,EXTENDED_OPERATION,5,7.0
INC-0172-041,P-0172,2026-02-10,HIGH_INTENSITY_OPERATION,5,6.86
INC-0172-046,P-0172,2026-02-15,ROUTINE_OPERATION,5,6.28
INC-0172-055,P-0172,2026-02-24,HIGH_INTENSITY_OPERATION,4,5.0
INC-0172-065,P-0172,2026-03-06,ROUTINE_OPERATION,4,5.44
INC-0172-089,P-0172,2026-03-30,HIGH_INTENSITY_OPERATION,4,5.39
INC-0172-110,P-0172,2026-04-20,EMERGENCY_RESPONSE,3,4.35
INC-0172-127,P-0172,2026-05-07,HIGH_INTENSITY_OPERATION,5,6.26
INC-0172-140,P-0172,2026-05-20,ROUTINE_OPERATION,3,3.6
INC-0173-039,P-0173,2026-02-08,ROUTINE_OPERATION,3,4.43
INC-0173-058,P-0173,2026-02-27,EMERGENCY_RESPONSE,4,4.44
INC-0173-061,P-0173,2026-03-02,HIGH_INTENSITY_OPERATION,5,5.43
INC-0173-074,P-0173,2026-03-15,ROUTINE_OPERATION,5,5.62
INC-0173-142,P-0173,2026-05-22,EMERGENCY_RESPONSE,5,6.1
INC-0173-153,P-0173,2026-06-02,ROUTINE_OPERATION,3,5.11
INC-0173-154,P-0173,2026-06-03,ROUTINE_OPERATION,5,6.5
INC-0173-174,P-0173,2026-06-23,EMERGENCY_RESPONSE,4,5.32
INC-0173-179,P-0173,2026-06-28,EXTENDED_OPERATION,5,6.82
INC-0174-040,P-0174,2026-02-09,HIGH_INTENSITY_OPERATION,5,6.6
INC-0174-055,P-0174,2026-02-24,ROUTINE_OPERATION,4,6.54
INC-0174-084,P-0174,2026-03-25,EXTENDED_OPERATION,4,5.97
INC-0174-092,P-0174,2026-04-02,HIGH_INTENSITY_OPERATION,3,4.64
INC-0174-111,P-0174,2026-04-21,ROUTINE_OPERATION,5,6.94
INC-0174-113,P-0174,2026-04-23,ROUTINE_OPERATION,3,4.66
INC-0174-131,P-0174,2026-05-11,EMERGENCY_RESPONSE,3,4.82
INC-0174-169,P-0174,2026-06-18,ROUTINE_OPERATION,5,7.02
INC-0175-016,P-0175,2026-01-16,HIGH_INTENSITY_OPERATION,2,4.18
INC-0175-018,P-0175,2026-01-18,ROUTINE_OPERATION,4,6.2
INC-0175-029,P-0175,2026-01-29,HIGH_INTENSITY_OPERATION,4,5.9
INC-0175-043,P-0175,2026-02-12,EMERGENCY_RESPONSE,3,3.82
INC-0175-120,P-0175,2026-04-30,ROUTINE_OPERATION,2,2.66
INC-0175-130,P-0175,2026-05-10,HIGH_INTENSITY_OPERATION,5,5.34
INC-0175-141,P-0175,2026-05-21,HIGH_INTENSITY_OPERATION,5,5.47
INC-0175-157,P-0175,2026-06-06,ROUTINE_OPERATION,2,3.07
INC-0175-170,P-0175,2026-06-19,EMERGENCY_RESPONSE,2,2.69
INC-0175-175,P-0175,2026-06-24,ROUTINE_OPERATION,1,3.11
INC-0176-019,P-0176,2026-01-19,ROUTINE_OPERATION,5,6.6
INC-0176-038,P-0176,2026-02-07,ROUTINE_OPERATION,2,4.88
INC-0176-131,P-0176,2026-05-11,ROUTINE_OPERATION,4,5.68
INC-0177-089,P-0177,2026-03-30,EMERGENCY_RESPONSE,3,4.84
INC-0177-132,P-0177,2026-05-12,HIGH_INTENSITY_OPERATION,3,3.76
INC-0177-141,P-0177,2026-05-21,HIGH_INTENSITY_OPERATION,5,6.1
INC-0177-151,P-0177,2026-05-31,EXTENDED_OPERATION,3,4.56
INC-0177-169,P-0177,2026-06-18,HIGH_INTENSITY_OPERATION,3,4.43
INC-0178-018,P-0178,2026-01-18,EMERGENCY_RESPONSE,4,4.19
INC-0178-089,P-0178,2026-03-30,ROUTINE_OPERATION,3,4.49
INC-0178-149,P-0178,2026-05-29,ROUTINE_OPERATION,5,6.89
INC-0178-157,P-0178,2026-06-06,HIGH_INTENSITY_OPERATION,2,3.8
INC-0178-165,P-0178,2026-06-14,ROUTINE_OPERATION,3,3.72
INC-0178-169,P-0178,2026-06-18,HIGH_INTENSITY_OPERATION,1,2.74
INC-0179-044,P-0179,2026-02-13,EMERGENCY_RESPONSE,4,5.0
INC-0179-109,P-0179,2026-04-19,ROUTINE_OPERATION,4,5.46
INC-0179-111,P-0179,2026-04-21,EMERGENCY_RESPONSE,5,7.19
INC-0179-142,P-0179,2026-05-22,HIGH_INTENSITY_OPERATION,3,4.7
INC-0179-159,P-0179,2026-06-08,HIGH_INTENSITY_OPERATION,4,6.08
INC-0179-171,P-0179,2026-06-20,ROUTINE_OPERATION,4,4.72
INC-0180-003,P-0180,2026-01-03,HIGH_INTENSITY_OPERATION,5,6.45
INC-0180-018,P-0180,2026-01-18,EMERGENCY_RESPONSE,5,5.07
INC-0180-045,P-0180,2026-02-14,ROUTINE_OPERATION,3,3.87
INC-0180-069,P-0180,2026-03-10,ROUTINE_OPERATION,4,5.41
INC-0180-073,P-0180,2026-03-14,EXTENDED_OPERATION,5,5.88
INC-0180-101,P-0180,2026-04-11,EXTENDED_OPERATION,4,4.93
INC-0180-124,P-0180,2026-05-04,ROUTINE_OPERATION,4,5.76
INC-0180-127,P-0180,2026-05-07,HIGH_INTENSITY_OPERATION,4,5.4
INC-0180-141,P-0180,2026-05-21,HIGH_INTENSITY_OPERATION,5,6.09
INC-0180-151,P-0180,2026-05-31,EMERGENCY_RESPONSE,5,7.33
INC-0180-170,P-0180,2026-06-19,HIGH_INTENSITY_OPERATION,3,4.6
INC-0181-083,P-0181,2026-03-24,ROUTINE_OPERATION,3,5.35
INC-0181-163,P-0181,2026-06-12,ROUTINE_OPERATION,2,3.46
INC-0182-003,P-0182,2026-01-03,EMERGENCY_RESPONSE,4,4.32
INC-0182-035,P-0182,2026-02-04,ROUTINE_OPERATION,3,4.67
INC-0182-041,P-0182,2026-02-10,EMERGENCY_RESPONSE,3,3.99
INC-0182-060,P-0182,2026-03-01,ROUTINE_OPERATION,3,5.91
INC-0182-065,P-0182,2026-03-06,HIGH_INTENSITY_OPERATION,2,3.08
INC-0182-085,P-0182,2026-03-26,EMERGENCY_RESPONSE,4,5.78
INC-0182-109,P-0182,2026-04-19,ROUTINE_OPERATION,2,3.39
INC-0182-154,P-0182,2026-06-03,ROUTINE_OPERATION,4,5.16
INC-0182-175,P-0182,2026-06-24,ROUTINE_OPERATION,1,3.3
INC-0183-001,P-0183,2026-01-01,ROUTINE_OPERATION,3,4.44
INC-0183-027,P-0183,2026-01-27,ROUTINE_OPERATION,5,5.26
INC-0183-034,P-0183,2026-02-03,ROUTINE_OPERATION,4,5.53
INC-0183-043,P-0183,2026-02-12,HIGH_INTENSITY_OPERATION,5,5.48
INC-0183-045,P-0183,2026-02-14,ROUTINE_OPERATION,4,5.25
INC-0183-078,P-0183,2026-03-19,EMERGENCY_RESPONSE,5,5.84
INC-0183-091,P-0183,2026-04-01,ROUTINE_OPERATION,4,5.13
INC-0183-102,P-0183,2026-04-12,HIGH_INTENSITY_OPERATION,3,4.59
INC-0183-111,P-0183,2026-04-21,ROUTINE_OPERATION,2,4.28
INC-0183-150,P-0183,2026-05-30,ROUTINE_OPERATION,1,3.36
INC-0184-017,P-0184,2026-01-17,ROUTINE_OPERATION,1,2.98
INC-0184-033,P-0184,2026-02-02,EMERGENCY_RESPONSE,5,6.08
INC-0184-046,P-0184,2026-02-15,ROUTINE_OPERATION,3,4.51
INC-0184-050,P-0184,2026-02-19,ROUTINE_OPERATION,2,4.07
INC-0184-060,P-0184,2026-03-01,EXTENDED_OPERATION,4,5.37
INC-0184-067,P-0184,2026-03-08,ROUTINE_OPERATION,2,4.08
INC-0184-072,P-0184,2026-03-13,ROUTINE_OPERATION,3,3.39
INC-0184-090,P-0184,2026-03-31,ROUTINE_OPERATION,3,5.05
INC-0184-092,P-0184,2026-04-02,EMERGENCY_RESPONSE,2,4.05
INC-0184-099,P-0184,2026-04-09,HIGH_INTENSITY_OPERATION,3,5.34
INC-0184-104,P-0184,2026-04-14,HIGH_INTENSITY_OPERATION,5,6.26
INC-0184-109,P-0184,2026-04-19,EMERGENCY_RESPONSE,5,6.44
INC-0184-116,P-0184,2026-04-26,EMERGENCY_RESPONSE,5,6.44
INC-0184-122,P-0184,2026-05-02,ROUTINE_OPERATION,2,3.23
INC-0184-129,P-0184,2026-05-09,HIGH_INTENSITY_OPERATION,3,3.78
INC-0184-134,P-0184,2026-05-14,HIGH_INTENSITY_OPERATION,4,4.86
INC-0184-161,P-0184,2026-06-10,EMERGENCY_RESPONSE,2,3.88
INC-0184-165,P-0184,2026-06-14,ROUTINE_OPERATION,4,4.9
INC-0184-176,P-0184,2026-06-25,EXTENDED_OPERATION,4,5.81
INC-0184-177,P-0184,2026-06-26,ROUTINE_OPERATION,2,3.48
INC-0185-008,P-0185,2026-01-08,ROUTINE_OPERATION,4,5.08
INC-0185-019,P-0185,2026-01-19,ROUTINE_OPERATION,5,5.82
INC-0185-083,P-0185,2026-03-24,ROUTINE_OPERATION,4,4.96
INC-0185-084,P-0185,2026-03-25,HIGH_INTENSITY_OPERATION,3,3.8
INC-0186-049,P-0186,2026-02-18,EXTENDED_OPERATION,5,5.88
INC-0186-118,P-0186,2026-04-28,HIGH_INTENSITY_OPERATION,4,4.28
INC-0186-120,P-0186,2026-04-30,HIGH_INTENSITY_OPERATION,4,5.88
INC-0186-139,P-0186,2026-05-19,EMERGENCY_RESPONSE,5,5.39
INC-0186-177,P-0186,2026-06-26,ROUTINE_OPERATION,4,4.4
INC-0187-006,P-0187,2026-01-06,EMERGENCY_RESPONSE,4,4.54
INC-0187-070,P-0187,2026-03-11,HIGH_INTENSITY_OPERATION,3,4.99
INC-0187-103,P-0187,2026-04-13,EMERGENCY_RESPONSE,4,4.66
INC-0187-106,P-0187,2026-04-16,ROUTINE_OPERATION,3,5.11
INC-0187-129,P-0187,2026-05-09,ROUTINE_OPERATION,2,4.19
INC-0187-138,P-0187,2026-05-18,HIGH_INTENSITY_OPERATION,5,6.26
INC-0188-013,P-0188,2026-01-13,ROUTINE_OPERATION,5,5.98
INC-0188-020,P-0188,2026-01-20,HIGH_INTENSITY_OPERATION,5,6.01
INC-0188-067,P-0188,2026-03-08,ROUTINE_OPERATION,4,3.89
INC-0188-130,P-0188,2026-05-10,EMERGENCY_RESPONSE,4,5.79
INC-0188-160,P-0188,2026-06-09,HIGH_INTENSITY_OPERATION,4,5.6
INC-0189-013,P-0189,2026-01-13,ROUTINE_OPERATION,5,5.35
INC-0189-017,P-0189,2026-01-17,HIGH_INTENSITY_OPERATION,5,5.08
INC-0189-033,P-0189,2026-02-02,ROUTINE_OPERATION,3,5.03
INC-0189-076,P-0189,2026-03-17,EMERGENCY_RESPONSE,3,4.25
INC-0189-103,P-0189,2026-04-13,HIGH_INTENSITY_OPERATION,3,3.2
INC-0189-120,P-0189,2026-04-30,ROUTINE_OPERATION,4,5.55
INC-0189-127,P-0189,2026-05-07,HIGH_INTENSITY_OPERATION,5,5.39
INC-0189-136,P-0189,2026-05-16,ROUTINE_OPERATION,3,4.86
INC-0189-146,P-0189,2026-05-26,ROUTINE_OPERATION,2,3.85
INC-0189-157,P-0189,2026-06-06,HIGH_INTENSITY_OPERATION,2,3.88
INC-0189-159,P-0189,2026-06-08,ROUTINE_OPERATION,4,5.31
INC-0190-010,P-0190,2026-01-10,ROUTINE_OPERATION,2,3.22
INC-0190-012,P-0190,2026-01-12,ROUTINE_OPERATION,4,5.86
INC-0190-055,P-0190,2026-02-24,HIGH_INTENSITY_OPERATION,4,5.6
INC-0190-083,P-0190,2026-03-24,ROUTINE_OPERATION,3,3.14
INC-0190-086,P-0190,2026-03-27,EMERGENCY_RESPONSE,5,6.94
INC-0190-109,P-0190,2026-04-19,HIGH_INTENSITY_OPERATION,5,6.99
INC-0190-115,P-0190,2026-04-25,HIGH_INTENSITY_OPERATION,5,6.01
INC-0190-165,P-0190,2026-06-14,ROUTINE_OPERATION,2,5.05
INC-0191-005,P-0191,2026-01-05,HIGH_INTENSITY_OPERATION,3,5.24
INC-0191-029,P-0191,2026-01-29,ROUTINE_OPERATION,4,5.61
INC-0191-046,P-0191,2026-02-15,ROUTINE_OPERATION,3,4.56
INC-0191-059,P-0191,2026-02-28,EXTENDED_OPERATION,2,4.3
INC-0191-075,P-0191,2026-03-16,EMERGENCY_RESPONSE,4,6.32
INC-0191-100,P-0191,2026-04-10,HIGH_INTENSITY_OPERATION,4,3.96
INC-0191-172,P-0191,2026-06-21,EXTENDED_OPERATION,1,1.73
INC-0191-173,P-0191,2026-06-22,EMERGENCY_RESPONSE,3,4.36
INC-0192-023,P-0192,2026-01-23,ROUTINE_OPERATION,5,5.65
INC-0192-043,P-0192,2026-02-12,EMERGENCY_RESPONSE,3,3.34
INC-0192-068,P-0192,2026-03-09,EMERGENCY_RESPONSE,5,5.2
INC-0192-082,P-0192,2026-03-23,HIGH_INTENSITY_OPERATION,3,4.68
INC-0192-130,P-0192,2026-05-10,EMERGENCY_RESPONSE,4,4.85
INC-0192-139,P-0192,2026-05-19,ROUTINE_OPERATION,5,5.9
INC-0192-171,P-0192,2026-06-20,HIGH_INTENSITY_OPERATION,5,6.41
INC-0192-179,P-0192,2026-06-28,EXTENDED_OPERATION,5,5.95
INC-0193-004,P-0193,2026-01-04,EXTENDED_OPERATION,4,6.15
INC-0193-006,P-0193,2026-01-06,HIGH_INTENSITY_OPERATION,3,4.52
INC-0193-011,P-0193,2026-01-11,ROUTINE_OPERATION,4,5.3
INC-0193-036,P-0193,2026-02-05,ROUTINE_OPERATION,3,3.73
INC-0193-062,P-0193,2026-03-03,EMERGENCY_RESPONSE,4,5.4
INC-0193-068,P-0193,2026-03-09,ROUTINE_OPERATION,3,5.37
INC-0193-088,P-0193,2026-03-29,ROUTINE_OPERATION,2,3.67
INC-0193-097,P-0193,2026-04-07,ROUTINE_OPERATION,3,3.77
INC-0193-145,P-0193,2026-05-25,ROUTINE_OPERATION,2,4.05
INC-0194-016,P-0194,2026-01-16,HIGH_INTENSITY_OPERATION,4,5.23
INC-0194-025,P-0194,2026-01-25,EMERGENCY_RESPONSE,4,4.58
INC-0194-028,P-0194,2026-01-28,HIGH_INTENSITY_OPERATION,5,5.63
INC-0194-036,P-0194,2026-02-05,EMERGENCY_RESPONSE,3,4.07
INC-0194-056,P-0194,2026-02-25,HIGH_INTENSITY_OPERATION,5,5.97
INC-0194-067,P-0194,2026-03-08,ROUTINE_OPERATION,5,6.36
INC-0194-072,P-0194,2026-03-13,HIGH_INTENSITY_OPERATION,4,3.98
INC-0194-095,P-0194,2026-04-05,HIGH_INTENSITY_OPERATION,5,5.47
INC-0194-096,P-0194,2026-04-06,HIGH_INTENSITY_OPERATION,5,5.1
INC-0194-108,P-0194,2026-04-18,ROUTINE_OPERATION,3,4.07
INC-0194-140,P-0194,2026-05-20,ROUTINE_OPERATION,4,5.65
INC-0194-154,P-0194,2026-06-03,ROUTINE_OPERATION,4,4.56
INC-0195-014,P-0195,2026-01-14,HIGH_INTENSITY_OPERATION,2,3.69
INC-0195-072,P-0195,2026-03-13,EXTENDED_OPERATION,3,2.82
INC-0195-088,P-0195,2026-03-29,HIGH_INTENSITY_OPERATION,3,5.29
INC-0195-092,P-0195,2026-04-02,HIGH_INTENSITY_OPERATION,3,4.52
INC-0195-143,P-0195,2026-05-23,EMERGENCY_RESPONSE,4,5.19
INC-0196-009,P-0196,2026-01-09,ROUTINE_OPERATION,2,4.36
INC-0196-026,P-0196,2026-01-26,HIGH_INTENSITY_OPERATION,2,2.62
INC-0196-086,P-0196,2026-03-27,ROUTINE_OPERATION,3,5.42
INC-0196-158,P-0196,2026-06-07,HIGH_INTENSITY_OPERATION,4,5.64
INC-0197-044,P-0197,2026-02-13,ROUTINE_OPERATION,2,3.72
INC-0197-059,P-0197,2026-02-28,ROUTINE_OPERATION,2,3.15
INC-0197-075,P-0197,2026-03-16,EMERGENCY_RESPONSE,5,6.55
INC-0197-104,P-0197,2026-04-14,ROUTINE_OPERATION,2,2.91
INC-0197-162,P-0197,2026-06-11,EXTENDED_OPERATION,2,3.7
INC-0198-075,P-0198,2026-03-16,ROUTINE_OPERATION,2,2.38
INC-0198-078,P-0198,2026-03-19,EXTENDED_OPERATION,3,4.69
INC-0198-123,P-0198,2026-05-03,EXTENDED_OPERATION,1,3.12
INC-0198-173,P-0198,2026-06-22,ROUTINE_OPERATION,2,2.35
INC-0198-174,P-0198,2026-06-23,EMERGENCY_RESPONSE,4,6.05
INC-0199-029,P-0199,2026-01-29,EXTENDED_OPERATION,5,6.1
INC-0199-043,P-0199,2026-02-12,ROUTINE_OPERATION,4,5.59
INC-0199-051,P-0199,2026-02-20,EXTENDED_OPERATION,5,6.81
INC-0199-058,P-0199,2026-02-27,EMERGENCY_RESPONSE,4,5.4
INC-0199-078,P-0199,2026-03-19,HIGH_INTENSITY_OPERATION,5,6.4
INC-0199-139,P-0199,2026-05-19,EXTENDED_OPERATION,3,4.72
INC-0199-156,P-0199,2026-06-05,HIGH_INTENSITY_OPERATION,5,5.47
INC-0199-171,P-0199,2026-06-20,EMERGENCY_RESPONSE,5,6.17
INC-0199-178,P-0199,2026-06-27,EXTENDED_OPERATION,5,5.91
INC-0200-031,P-0200,2026-01-31,HIGH_INTENSITY_OPERATION,3,5.08
INC-0200-043,P-0200,2026-02-12,ROUTINE_OPERATION,4,4.9
INC-0200-045,P-0200,2026-02-14,HIGH_INTENSITY_OPERATION,5,7.02
INC-0200-046,P-0200,2026-02-15,HIGH_INTENSITY_OPERATION,5,5.84
INC-0200-061,P-0200,2026-03-02,ROUTINE_OPERATION,4,4.57
INC-0200-066,P-0200,2026-03-07,EXTENDED_OPERATION,5,5.37
INC-0200-103,P-0200,2026-04-13,ROUTINE_OPERATION,4,4.5
INC-0200-105,P-0200,2026-04-15,EMERGENCY_RESPONSE,4,5.47
INC-0200-114,P-0200,2026-04-24,EMERGENCY_RESPONSE,2,3.85
INC-0200-124,P-0200,2026-05-04,EMERGENCY_RESPONSE,4,4.91
INC-0200-137,P-0200,2026-05-17,ROUTINE_OPERATION,4,4.32
INC-0200-138,P-0200,2026-05-18,ROUTINE_OPERATION,4,5.69
INC-0200-144,P-0200,2026-05-24,EMERGENCY_RESPONSE,3,4.68
INC-0200-147,P-0200,2026-05-27,EMERGENCY_RESPONSE,5,5.67
INC-0200-149,P-0200,2026-05-29,EXTENDED_OPERATION,5,5.18
INC-0200-150,P-0200,2026-05-30,ROUTINE_OPERATION,5,6.14
INC-0200-174,P-0200,2026-06-23,HIGH_INTENSITY_OPERATION,4,5.12
INC-0200-180,P-0200,2026-06-29,HIGH_INTENSITY_OPERATION,3,3.41
INC-0201-026,P-0201,2026-01-26,HIGH_INTENSITY_OPERATION,5,5.87
INC-0201-036,P-0201,2026-02-05,EXTENDED_OPERATION,3,4.5
INC-0201-045,P-0201,2026-02-14,HIGH_INTENSITY_OPERATION,4,5.79
INC-0201-050,P-0201,2026-02-19,ROUTINE_OPERATION,3,4.55
INC-0201-103,P-0201,2026-04-13,HIGH_INTENSITY_OPERATION,5,5.36
INC-0201-108,P-0201,2026-04-18,ROUTINE_OPERATION,3,4.9
INC-0201-116,P-0201,2026-04-26,EMERGENCY_RESPONSE,5,5.3
INC-0201-117,P-0201,2026-04-27,ROUTINE_OPERATION,4,5.21
INC-0201-122,P-0201,2026-05-02,EMERGENCY_RESPONSE,5,5.24
INC-0201-171,P-0201,2026-06-20,HIGH_INTENSITY_OPERATION,5,6.05
INC-0201-179,P-0201,2026-06-28,EMERGENCY_RESPONSE,5,6.25
INC-0202-022,P-0202,2026-01-22,ROUTINE_OPERATION,2,3.86
INC-0202-036,P-0202,2026-02-05,HIGH_INTENSITY_OPERATION,5,6.4
INC-0202-057,P-0202,2026-02-26,EMERGENCY_RESPONSE,5,5.8
INC-0202-059,P-0202,2026-02-28,EMERGENCY_RESPONSE,5,6.28
INC-0202-062,P-0202,2026-03-03,ROUTINE_OPERATION,4,6.12
INC-0202-086,P-0202,2026-03-27,EXTENDED_OPERATION,3,4.83
INC-0202-097,P-0202,2026-04-07,HIGH_INTENSITY_OPERATION,4,5.27
INC-0203-047,P-0203,2026-02-16,EXTENDED_OPERATION,4,4.92
INC-0203-069,P-0203,2026-03-10,ROUTINE_OPERATION,5,4.92
INC-0203-109,P-0203,2026-04-19,ROUTINE_OPERATION,4,5.74
INC-0203-117,P-0203,2026-04-27,HIGH_INTENSITY_OPERATION,4,4.55
INC-0203-143,P-0203,2026-05-23,ROUTINE_OPERATION,5,5.62
INC-0203-163,P-0203,2026-06-12,HIGH_INTENSITY_OPERATION,3,4.79
INC-0203-179,P-0203,2026-06-28,ROUTINE_OPERATION,3,5.17
INC-0204-012,P-0204,2026-01-12,ROUTINE_OPERATION,4,5.02
INC-0204-060,P-0204,2026-03-01,ROUTINE_OPERATION,3,4.35
INC-0204-091,P-0204,2026-04-01,ROUTINE_OPERATION,2,2.4
INC-0204-104,P-0204,2026-04-14,ROUTINE_OPERATION,2,4.98
INC-0204-146,P-0204,2026-05-26,EMERGENCY_RESPONSE,2,4.59
INC-0205-036,P-0205,2026-02-05,ROUTINE_OPERATION,5,5.69
INC-0205-041,P-0205,2026-02-10,EXTENDED_OPERATION,4,5.08
INC-0205-051,P-0205,2026-02-20,ROUTINE_OPERATION,5,5.04
INC-0205-052,P-0205,2026-02-21,HIGH_INTENSITY_OPERATION,5,6.1
INC-0205-128,P-0205,2026-05-08,HIGH_INTENSITY_OPERATION,3,4.23
INC-0205-131,P-0205,2026-05-11,HIGH_INTENSITY_OPERATION,3,3.79
INC-0205-159,P-0205,2026-06-08,ROUTINE_OPERATION,4,4.69
INC-0205-175,P-0205,2026-06-24,ROUTINE_OPERATION,4,4.73
INC-0206-013,P-0206,2026-01-13,HIGH_INTENSITY_OPERATION,4,4.87
INC-0206-054,P-0206,2026-02-23,ROUTINE_OPERATION,5,5.86
INC-0206-061,P-0206,2026-03-02,HIGH_INTENSITY_OPERATION,5,5.81
INC-0206-076,P-0206,2026-03-17,ROUTINE_OPERATION,5,6.14
INC-0206-077,P-0206,2026-03-18,EMERGENCY_RESPONSE,5,6.44
INC-0206-087,P-0206,2026-03-28,EMERGENCY_RESPONSE,3,4.5
INC-0206-103,P-0206,2026-04-13,ROUTINE_OPERATION,2,3.57
INC-0206-139,P-0206,2026-05-19,EXTENDED_OPERATION,2,3.55
INC-0207-074,P-0207,2026-03-15,HIGH_INTENSITY_OPERATION,4,5.11
INC-0207-141,P-0207,2026-05-21,ROUTINE_OPERATION,4,4.86
INC-0207-149,P-0207,2026-05-29,EXTENDED_OPERATION,2,3.15
INC-0207-176,P-0207,2026-06-25,HIGH_INTENSITY_OPERATION,2,4.35
INC-0208-013,P-0208,2026-01-13,ROUTINE_OPERATION,3,5.01
INC-0208-099,P-0208,2026-04-09,HIGH_INTENSITY_OPERATION,3,5.4
INC-0208-102,P-0208,2026-04-12,ROUTINE_OPERATION,2,4.34
INC-0209-003,P-0209,2026-01-03,EMERGENCY_RESPONSE,2,5.03
INC-0209-011,P-0209,2026-01-11,ROUTINE_OPERATION,4,5.01
INC-0209-027,P-0209,2026-01-27,ROUTINE_OPERATION,4,4.6
INC-0209-060,P-0209,2026-03-01,EMERGENCY_RESPONSE,4,4.83
INC-0209-063,P-0209,2026-03-04,HIGH_INTENSITY_OPERATION,5,5.13
INC-0209-082,P-0209,2026-03-23,ROUTINE_OPERATION,2,4.35
INC-0209-153,P-0209,2026-06-02,ROUTINE_OPERATION,3,5.64
INC-0210-013,P-0210,2026-01-13,ROUTINE_OPERATION,3,4.63
INC-0210-020,P-0210,2026-01-20,ROUTINE_OPERATION,1,2.92
INC-0210-029,P-0210,2026-01-29,HIGH_INTENSITY_OPERATION,5,6.43
INC-0210-034,P-0210,2026-02-03,ROUTINE_OPERATION,1,3.09
INC-0210-058,P-0210,2026-02-27,HIGH_INTENSITY_OPERATION,4,5.72
INC-0210-088,P-0210,2026-03-29,ROUTINE_OPERATION,1,2.84
INC-0210-106,P-0210,2026-04-16,EXTENDED_OPERATION,5,6.34
INC-0210-130,P-0210,2026-05-10,EXTENDED_OPERATION,5,5.42
INC-0210-143,P-0210,2026-05-23,HIGH_INTENSITY_OPERATION,2,3.27
INC-0210-162,P-0210,2026-06-11,HIGH_INTENSITY_OPERATION,5,5.8
INC-0210-176,P-0210,2026-06-25,HIGH_INTENSITY_OPERATION,4,6.8
INC-0211-010,P-0211,2026-01-10,HIGH_INTENSITY_OPERATION,5,5.52
INC-0211-016,P-0211,2026-01-16,ROUTINE_OPERATION,2,3.83
INC-0211-022,P-0211,2026-01-22,ROUTINE_OPERATION,2,3.31
INC-0211-086,P-0211,2026-03-27,ROUTINE_OPERATION,4,5.53
INC-0211-092,P-0211,2026-04-02,EMERGENCY_RESPONSE,3,5.01
INC-0211-106,P-0211,2026-04-16,EMERGENCY_RESPONSE,4,5.78
INC-0211-118,P-0211,2026-04-28,HIGH_INTENSITY_OPERATION,2,3.9
INC-0212-022,P-0212,2026-01-22,HIGH_INTENSITY_OPERATION,4,5.49
INC-0212-024,P-0212,2026-01-24,EMERGENCY_RESPONSE,5,4.94
INC-0212-111,P-0212,2026-04-21,ROUTINE_OPERATION,3,3.9
INC-0212-120,P-0212,2026-04-30,ROUTINE_OPERATION,3,5.02
INC-0213-083,P-0213,2026-03-24,EXTENDED_OPERATION,3,4.27
INC-0213-107,P-0213,2026-04-17,EXTENDED_OPERATION,5,6.72
INC-0213-141,P-0213,2026-05-21,ROUTINE_OPERATION,2,3.71
INC-0213-147,P-0213,2026-05-27,ROUTINE_OPERATION,3,4.26
INC-0214-023,P-0214,2026-01-23,EMERGENCY_RESPONSE,4,5.42
INC-0214-054,P-0214,2026-02-23,HIGH_INTENSITY_OPERATION,5,5.84
INC-0214-075,P-0214,2026-03-16,HIGH_INTENSITY_OPERATION,4,5.2
INC-0214-108,P-0214,2026-04-18,ROUTINE_OPERATION,3,4.54
INC-0214-115,P-0214,2026-04-25,EMERGENCY_RESPONSE,2,3.8
INC-0215-118,P-0215,2026-04-28,ROUTINE_OPERATION,3,4.27
INC-0215-155,P-0215,2026-06-04,EMERGENCY_RESPONSE,2,3.92
INC-0215-171,P-0215,2026-06-20,EMERGENCY_RESPONSE,2,2.44
INC-0216-026,P-0216,2026-01-26,ROUTINE_OPERATION,4,5.63
INC-0216-044,P-0216,2026-02-13,EXTENDED_OPERATION,5,6.57
INC-0216-055,P-0216,2026-02-24,ROUTINE_OPERATION,5,5.31
INC-0216-067,P-0216,2026-03-08,HIGH_INTENSITY_OPERATION,5,6.0
INC-0216-095,P-0216,2026-04-05,ROUTINE_OPERATION,4,5.93
INC-0216-096,P-0216,2026-04-06,HIGH_INTENSITY_OPERATION,5,6.62
INC-0216-101,P-0216,2026-04-11,EXTENDED_OPERATION,5,5.16
INC-0216-125,P-0216,2026-05-05,ROUTINE_OPERATION,4,4.33
INC-0217-006,P-0217,2026-01-06,HIGH_INTENSITY_OPERATION,5,6.55
INC-0217-007,P-0217,2026-01-07,ROUTINE_OPERATION,5,5.91
INC-0217-034,P-0217,2026-02-03,HIGH_INTENSITY_OPERATION,4,4.74
INC-0217-041,P-0217,2026-02-10,ROUTINE_OPERATION,5,6.06
INC-0217-054,P-0217,2026-02-23,ROUTINE_OPERATION,3,3.89
INC-0217-069,P-0217,2026-03-10,EMERGENCY_RESPONSE,3,5.38
INC-0217-088,P-0217,2026-03-29,EMERGENCY_RESPONSE,4,5.13
INC-0217-097,P-0217,2026-04-07,ROUTINE_OPERATION,3,4.07
INC-0217-098,P-0217,2026-04-08,EXTENDED_OPERATION,3,2.77
INC-0217-099,P-0217,2026-04-09,ROUTINE_OPERATION,5,6.8
INC-0217-101,P-0217,2026-04-11,ROUTINE_OPERATION,5,5.92
INC-0217-121,P-0217,2026-05-01,ROUTINE_OPERATION,4,6.02
INC-0217-137,P-0217,2026-05-17,HIGH_INTENSITY_OPERATION,5,6.0
INC-0217-148,P-0217,2026-05-28,EXTENDED_OPERATION,5,6.01
INC-0217-149,P-0217,2026-05-29,HIGH_INTENSITY_OPERATION,5,5.35
INC-0217-160,P-0217,2026-06-09,HIGH_INTENSITY_OPERATION,4,5.32
INC-0217-174,P-0217,2026-06-23,EMERGENCY_RESPONSE,5,5.42
INC-0217-176,P-0217,2026-06-25,EMERGENCY_RESPONSE,4,5.18
INC-0218-009,P-0218,2026-01-09,EMERGENCY_RESPONSE,4,5.45
INC-0218-024,P-0218,2026-01-24,EMERGENCY_RESPONSE,4,4.62
INC-0218-067,P-0218,2026-03-08,EMERGENCY_RESPONSE,4,5.12
INC-0218-079,P-0218,2026-03-20,EXTENDED_OPERATION,5,6.51
INC-0218-081,P-0218,2026-03-22,EMERGENCY_RESPONSE,4,5.27
INC-0218-118,P-0218,2026-04-28,HIGH_INTENSITY_OPERATION,4,4.81
INC-0218-119,P-0218,2026-04-29,HIGH_INTENSITY_OPERATION,5,5.31
INC-0218-125,P-0218,2026-05-05,EMERGENCY_RESPONSE,3,3.99
INC-0218-142,P-0218,2026-05-22,ROUTINE_OPERATION,3,4.39
INC-0218-143,P-0218,2026-05-23,ROUTINE_OPERATION,4,4.78
INC-0218-150,P-0218,2026-05-30,HIGH_INTENSITY_OPERATION,4,5.39
INC-0218-170,P-0218,2026-06-19,EXTENDED_OPERATION,4,6.17
INC-0219-132,P-0219,2026-05-12,HIGH_INTENSITY_OPERATION,5,5.85
INC-0220-040,P-0220,2026-02-09,EMERGENCY_RESPONSE,5,5.9
INC-0220-054,P-0220,2026-02-23,HIGH_INTENSITY_OPERATION,5,5.84
INC-0220-091,P-0220,2026-04-01,HIGH_INTENSITY_OPERATION,5,5.11
INC-0220-093,P-0220,2026-04-03,EMERGENCY_RESPONSE,4,4.58
INC-0220-120,P-0220,2026-04-30,ROUTINE_OPERATION,4,4.55
INC-0220-158,P-0220,2026-06-07,HIGH_INTENSITY_OPERATION,5,6.24
INC-0220-161,P-0220,2026-06-10,HIGH_INTENSITY_OPERATION,4,5.33
INC-0220-168,P-0220,2026-06-17,EMERGENCY_RESPONSE,5,6.41
INC-0221-056,P-0221,2026-02-25,HIGH_INTENSITY_OPERATION,5,5.61
INC-0221-075,P-0221,2026-03-16,ROUTINE_OPERATION,5,6.32
INC-0221-122,P-0221,2026-05-02,EXTENDED_OPERATION,1,2.5
INC-0221-141,P-0221,2026-05-21,HIGH_INTENSITY_OPERATION,4,5.41
INC-0221-145,P-0221,2026-05-25,EMERGENCY_RESPONSE,3,4.62
INC-0221-174,P-0221,2026-06-23,ROUTINE_OPERATION,5,5.21
INC-0221-180,P-0221,2026-06-29,EXTENDED_OPERATION,1,3.19
INC-0222-062,P-0222,2026-03-03,EMERGENCY_RESPONSE,5,6.66
INC-0222-083,P-0222,2026-03-24,ROUTINE_OPERATION,4,4.86
INC-0222-105,P-0222,2026-04-15,EXTENDED_OPERATION,4,5.62
INC-0222-118,P-0222,2026-04-28,HIGH_INTENSITY_OPERATION,5,6.24
INC-0223-014,P-0223,2026-01-14,ROUTINE_OPERATION,2,3.1
INC-0223-041,P-0223,2026-02-10,HIGH_INTENSITY_OPERATION,2,4.09
INC-0223-092,P-0223,2026-04-02,EXTENDED_OPERATION,3,3.51
INC-0223-101,P-0223,2026-04-11,ROUTINE_OPERATION,3,5.15
INC-0223-163,P-0223,2026-06-12,HIGH_INTENSITY_OPERATION,3,3.27
INC-0224-008,P-0224,2026-01-08,HIGH_INTENSITY_OPERATION,5,6.72
INC-0224-011,P-0224,2026-01-11,ROUTINE_OPERATION,5,5.87
INC-0224-021,P-0224,2026-01-21,HIGH_INTENSITY_OPERATION,4,5.91
INC-0224-028,P-0224,2026-01-28,ROUTINE_OPERATION,5,5.98
INC-0224-030,P-0224,2026-01-30,EMERGENCY_RESPONSE,4,5.77
INC-0224-047,P-0224,2026-02-16,EXTENDED_OPERATION,5,5.31
INC-0224-052,P-0224,2026-02-21,ROUTINE_OPERATION,5,5.31
INC-0224-056,P-0224,2026-02-25,EXTENDED_OPERATION,5,5.95
INC-0224-088,P-0224,2026-03-29,HIGH_INTENSITY_OPERATION,4,5.41
INC-0224-091,P-0224,2026-04-01,EMERGENCY_RESPONSE,4,5.29
INC-0224-119,P-0224,2026-04-29,HIGH_INTENSITY_OPERATION,4,5.48
INC-0224-120,P-0224,2026-04-30,HIGH_INTENSITY_OPERATION,5,5.34
INC-0225-027,P-0225,2026-01-27,EMERGENCY_RESPONSE,4,5.43
INC-0225-082,P-0225,2026-03-23,ROUTINE_OPERATION,1,3.56
INC-0225-149,P-0225,2026-05-29,EXTENDED_OPERATION,2,5.22
INC-0225-168,P-0225,2026-06-17,ROUTINE_OPERATION,2,3.53
INC-0226-053,P-0226,2026-02-22,EMERGENCY_RESPONSE,3,4.98
INC-0226-076,P-0226,2026-03-17,ROUTINE_OPERATION,2,4.2
INC-0226-107,P-0226,2026-04-17,EXTENDED_OPERATION,4,5.67
INC-0226-128,P-0226,2026-05-08,HIGH_INTENSITY_OPERATION,5,6.41
INC-0226-137,P-0226,2026-05-17,EMERGENCY_RESPONSE,3,4.17
INC-0226-150,P-0226,2026-05-30,EXTENDED_OPERATION,4,5.9
INC-0227-016,P-0227,2026-01-16,EMERGENCY_RESPONSE,4,5.4
INC-0227-041,P-0227,2026-02-10,EMERGENCY_RESPONSE,5,6.72
INC-0227-069,P-0227,2026-03-10,HIGH_INTENSITY_OPERATION,5,6.66
INC-0227-085,P-0227,2026-03-26,EMERGENCY_RESPONSE,4,4.4
INC-0227-091,P-0227,2026-04-01,HIGH_INTENSITY_OPERATION,5,6.96
INC-0227-100,P-0227,2026-04-10,ROUTINE_OPERATION,5,4.94
INC-0227-117,P-0227,2026-04-27,ROUTINE_OPERATION,2,2.9
INC-0227-156,P-0227,2026-06-05,HIGH_INTENSITY_OPERATION,2,3.16
INC-0227-165,P-0227,2026-06-14,ROUTINE_OPERATION,5,6.13
INC-0227-173,P-0227,2026-06-22,ROUTINE_OPERATION,4,4.5
INC-0227-176,P-0227,2026-06-25,EMERGENCY_RESPONSE,2,3.54
INC-0228-013,P-0228,2026-01-13,ROUTINE_OPERATION,4,5.23
INC-0228-046,P-0228,2026-02-15,HIGH_INTENSITY_OPERATION,5,6.94
INC-0228-087,P-0228,2026-03-28,ROUTINE_OPERATION,5,5.67
INC-0228-106,P-0228,2026-04-16,HIGH_INTENSITY_OPERATION,3,6.15
INC-0228-109,P-0228,2026-04-19,ROUTINE_OPERATION,5,5.06
INC-0228-122,P-0228,2026-05-02,ROUTINE_OPERATION,3,4.29
INC-0228-137,P-0228,2026-05-17,EMERGENCY_RESPONSE,5,4.87
INC-0228-152,P-0228,2026-06-01,ROUTINE_OPERATION,3,4.31
INC-0228-161,P-0228,2026-06-10,EXTENDED_OPERATION,4,4.92
INC-0228-174,P-0228,2026-06-23,EXTENDED_OPERATION,5,5.68
INC-0228-178,P-0228,2026-06-27,HIGH_INTENSITY_OPERATION,5,6.59
INC-0229-021,P-0229,2026-01-21,EMERGENCY_RESPONSE,4,4.86
INC-0229-084,P-0229,2026-03-25,HIGH_INTENSITY_OPERATION,4,5.02
INC-0229-086,P-0229,2026-03-27,EXTENDED_OPERATION,3,4.93
INC-0229-160,P-0229,2026-06-09,HIGH_INTENSITY_OPERATION,3,4.48
INC-0229-168,P-0229,2026-06-17,HIGH_INTENSITY_OPERATION,3,4.21
INC-0230-036,P-0230,2026-02-05,EMERGENCY_RESPONSE,3,4.33
INC-0230-039,P-0230,2026-02-08,ROUTINE_OPERATION,2,4.31
INC-0230-113,P-0230,2026-04-23,HIGH_INTENSITY_OPERATION,2,3.05
INC-0230-118,P-0230,2026-04-28,ROUTINE_OPERATION,1,3.15
INC-0230-151,P-0230,2026-05-31,EXTENDED_OPERATION,1,2.78
INC-0230-162,P-0230,2026-06-11,HIGH_INTENSITY_OPERATION,1,3.6
INC-0230-163,P-0230,2026-06-12,HIGH_INTENSITY_OPERATION,2,2.43
INC-0230-168,P-0230,2026-06-17,ROUTINE_OPERATION,3,4.58
INC-0231-006,P-0231,2026-01-06,EMERGENCY_RESPONSE,4,5.38
INC-0231-171,P-0231,2026-06-20,EMERGENCY_RESPONSE,3,4.44
INC-0232-017,P-0232,2026-01-17,ROUTINE_OPERATION,4,5.23
INC-0232-023,P-0232,2026-01-23,HIGH_INTENSITY_OPERATION,3,4.03
INC-0232-029,P-0232,2026-01-29,HIGH_INTENSITY_OPERATION,4,5.23
INC-0232-038,P-0232,2026-02-07,EMERGENCY_RESPONSE,3,3.65
INC-0232-040,P-0232,2026-02-09,ROUTINE_OPERATION,5,6.07
INC-0232-041,P-0232,2026-02-10,ROUTINE_OPERATION,4,5.4
INC-0232-044,P-0232,2026-02-13,HIGH_INTENSITY_OPERATION,5,5.52
INC-0232-050,P-0232,2026-02-19,EXTENDED_OPERATION,5,5.3
INC-0232-055,P-0232,2026-02-24,EXTENDED_OPERATION,4,4.28
INC-0232-060,P-0232,2026-03-01,EMERGENCY_RESPONSE,5,6.14
INC-0232-076,P-0232,2026-03-17,HIGH_INTENSITY_OPERATION,5,5.63
INC-0232-086,P-0232,2026-03-27,HIGH_INTENSITY_OPERATION,4,4.75
INC-0232-124,P-0232,2026-05-04,HIGH_INTENSITY_OPERATION,5,6.38
INC-0232-133,P-0232,2026-05-13,EXTENDED_OPERATION,4,5.25
INC-0232-135,P-0232,2026-05-15,EMERGENCY_RESPONSE,5,5.97
INC-0232-141,P-0232,2026-05-21,ROUTINE_OPERATION,4,4.96
INC-0232-143,P-0232,2026-05-23,ROUTINE_OPERATION,4,4.11
INC-0232-144,P-0232,2026-05-24,EMERGENCY_RESPONSE,5,5.98
INC-0232-152,P-0232,2026-06-01,ROUTINE_OPERATION,5,5.23
INC-0232-153,P-0232,2026-06-02,HIGH_INTENSITY_OPERATION,4,4.12
INC-0232-160,P-0232,2026-06-09,HIGH_INTENSITY_OPERATION,5,5.12
INC-0233-014,P-0233,2026-01-14,EMERGENCY_RESPONSE,3,3.7
INC-0233-055,P-0233,2026-02-24,EXTENDED_OPERATION,3,4.8
INC-0233-073,P-0233,2026-03-14,ROUTINE_OPERATION,3,3.97
INC-0233-080,P-0233,2026-03-21,HIGH_INTENSITY_OPERATION,2,3.52
INC-0233-111,P-0233,2026-04-21,EMERGENCY_RESPONSE,4,5.32
INC-0233-164,P-0233,2026-06-13,EMERGENCY_RESPONSE,1,2.95
INC-0233-175,P-0233,2026-06-24,ROUTINE_OPERATION,5,6.11
INC-0233-179,P-0233,2026-06-28,EXTENDED_OPERATION,4,4.95
INC-0233-180,P-0233,2026-06-29,EXTENDED_OPERATION,3,5.54
INC-0234-045,P-0234,2026-02-14,ROUTINE_OPERATION,3,5.09
INC-0234-063,P-0234,2026-03-04,HIGH_INTENSITY_OPERATION,2,3.83
INC-0234-064,P-0234,2026-03-05,ROUTINE_OPERATION,2,2.58
INC-0234-065,P-0234,2026-03-06,EXTENDED_OPERATION,4,5.48
INC-0234-091,P-0234,2026-04-01,EMERGENCY_RESPONSE,4,5.88
INC-0234-106,P-0234,2026-04-16,ROUTINE_OPERATION,3,4.35
INC-0234-137,P-0234,2026-05-17,ROUTINE_OPERATION,4,5.08
INC-0235-010,P-0235,2026-01-10,HIGH_INTENSITY_OPERATION,4,5.62
INC-0235-017,P-0235,2026-01-17,EMERGENCY_RESPONSE,4,5.37
INC-0235-023,P-0235,2026-01-23,ROUTINE_OPERATION,4,5.41
INC-0235-031,P-0235,2026-01-31,HIGH_INTENSITY_OPERATION,5,6.86
INC-0235-032,P-0235,2026-02-01,EMERGENCY_RESPONSE,3,4.41
INC-0235-036,P-0235,2026-02-05,EMERGENCY_RESPONSE,5,5.41
INC-0235-051,P-0235,2026-02-20,EMERGENCY_RESPONSE,5,5.78
INC-0235-102,P-0235,2026-04-12,ROUTINE_OPERATION,3,4.15
INC-0235-121,P-0235,2026-05-01,ROUTINE_OPERATION,4,4.92
INC-0235-151,P-0235,2026-05-31,EMERGENCY_RESPONSE,5,5.86
INC-0235-164,P-0235,2026-06-13,EXTENDED_OPERATION,3,4.32
INC-0235-168,P-0235,2026-06-17,ROUTINE_OPERATION,2,4.57
INC-0236-014,P-0236,2026-01-14,HIGH_INTENSITY_OPERATION,5,5.67
INC-0236-056,P-0236,2026-02-25,ROUTINE_OPERATION,4,4.94
INC-0236-060,P-0236,2026-03-01,EMERGENCY_RESPONSE,5,4.99
INC-0236-134,P-0236,2026-05-14,ROUTINE_OPERATION,3,4.31
INC-0237-015,P-0237,2026-01-15,ROUTINE_OPERATION,5,6.55
INC-0237-039,P-0237,2026-02-08,EXTENDED_OPERATION,4,5.16
INC-0237-050,P-0237,2026-02-19,ROUTINE_OPERATION,5,5.92
INC-0237-078,P-0237,2026-03-19,HIGH_INTENSITY_OPERATION,5,5.24
INC-0237-081,P-0237,2026-03-22,HIGH_INTENSITY_OPERATION,4,4.85
INC-0237-103,P-0237,2026-04-13,HIGH_INTENSITY_OPERATION,5,5.77
INC-0237-120,P-0237,2026-04-30,ROUTINE_OPERATION,5,6.07
INC-0237-133,P-0237,2026-05-13,EMERGENCY_RESPONSE,4,6.2
INC-0237-145,P-0237,2026-05-25,EXTENDED_OPERATION,5,5.17
INC-0237-155,P-0237,2026-06-04,EXTENDED_OPERATION,5,5.41
INC-0237-158,P-0237,2026-06-07,ROUTINE_OPERATION,5,5.84
INC-0237-160,P-0237,2026-06-09,ROUTINE_OPERATION,5,6.6
INC-0237-163,P-0237,2026-06-12,ROUTINE_OPERATION,5,5.95
INC-0237-171,P-0237,2026-06-20,EXTENDED_OPERATION,5,5.71
INC-0237-172,P-0237,2026-06-21,ROUTINE_OPERATION,4,5.54
INC-0238-023,P-0238,2026-01-23,EMERGENCY_RESPONSE,5,6.27
INC-0238-036,P-0238,2026-02-05,HIGH_INTENSITY_OPERATION,4,5.0
INC-0238-038,P-0238,2026-02-07,EMERGENCY_RESPONSE,5,5.5
INC-0238-043,P-0238,2026-02-12,EMERGENCY_RESPONSE,5,6.47
INC-0238-091,P-0238,2026-04-01,EMERGENCY_RESPONSE,4,4.87
INC-0238-112,P-0238,2026-04-22,HIGH_INTENSITY_OPERATION,2,3.13
INC-0238-125,P-0238,2026-05-05,EXTENDED_OPERATION,4,5.82
INC-0238-132,P-0238,2026-05-12,ROUTINE_OPERATION,5,6.34
INC-0238-150,P-0238,2026-05-30,HIGH_INTENSITY_OPERATION,4,6.08
INC-0239-011,P-0239,2026-01-11,ROUTINE_OPERATION,3,4.07
INC-0239-012,P-0239,2026-01-12,ROUTINE_OPERATION,3,4.57
INC-0239-013,P-0239,2026-01-13,EXTENDED_OPERATION,5,5.87
INC-0239-016,P-0239,2026-01-16,ROUTINE_OPERATION,4,5.33
INC-0239-051,P-0239,2026-02-20,HIGH_INTENSITY_OPERATION,2,3.55
INC-0239-065,P-0239,2026-03-06,HIGH_INTENSITY_OPERATION,5,5.9
INC-0239-076,P-0239,2026-03-17,EXTENDED_OPERATION,5,5.15
INC-0239-108,P-0239,2026-04-18,HIGH_INTENSITY_OPERATION,4,4.58
INC-0239-130,P-0239,2026-05-10,HIGH_INTENSITY_OPERATION,5,5.75
INC-0239-133,P-0239,2026-05-13,HIGH_INTENSITY_OPERATION,4,5.79
INC-0239-166,P-0239,2026-06-15,ROUTINE_OPERATION,5,5.44
INC-0239-169,P-0239,2026-06-18,ROUTINE_OPERATION,5,5.68
INC-0240-040,P-0240,2026-02-09,ROUTINE_OPERATION,3,4.76
INC-0240-104,P-0240,2026-04-14,ROUTINE_OPERATION,2,3.06
INC-0240-149,P-0240,2026-05-29,ROUTINE_OPERATION,4,5.31
INC-0240-162,P-0240,2026-06-11,ROUTINE_OPERATION,2,3.58
INC-0240-173,P-0240,2026-06-22,HIGH_INTENSITY_OPERATION,4,5.25
INC-0241-001,P-0241,2026-01-01,HIGH_INTENSITY_OPERATION,4,4.8
INC-0241-011,P-0241,2026-01-11,EMERGENCY_RESPONSE,5,5.6
INC-0241-012,P-0241,2026-01-12,HIGH_INTENSITY_OPERATION,3,4.28
INC-0241-033,P-0241,2026-02-02,HIGH_INTENSITY_OPERATION,3,2.86
INC-0241-047,P-0241,2026-02-16,HIGH_INTENSITY_OPERATION,4,4.84
INC-0241-052,P-0241,2026-02-21,ROUTINE_OPERATION,4,5.52
INC-0241-055,P-0241,2026-02-24,EMERGENCY_RESPONSE,5,6.28
INC-0241-056,P-0241,2026-02-25,EXTENDED_OPERATION,4,5.4
INC-0241-067,P-0241,2026-03-08,EMERGENCY_RESPONSE,4,5.17
INC-0241-081,P-0241,2026-03-22,HIGH_INTENSITY_OPERATION,4,5.02
INC-0241-103,P-0241,2026-04-13,ROUTINE_OPERATION,1,2.17
INC-0241-121,P-0241,2026-05-01,ROUTINE_OPERATION,4,3.97
INC-0241-147,P-0241,2026-05-27,ROUTINE_OPERATION,3,6.23
INC-0241-160,P-0241,2026-06-09,ROUTINE_OPERATION,2,4.14
INC-0242-005,P-0242,2026-01-05,ROUTINE_OPERATION,5,6.4
INC-0242-010,P-0242,2026-01-10,ROUTINE_OPERATION,5,6.5
INC-0242-011,P-0242,2026-01-11,ROUTINE_OPERATION,3,4.3
INC-0242-013,P-0242,2026-01-13,EMERGENCY_RESPONSE,5,4.79
INC-0242-037,P-0242,2026-02-06,EXTENDED_OPERATION,4,5.39
INC-0242-040,P-0242,2026-02-09,HIGH_INTENSITY_OPERATION,4,5.45
INC-0242-054,P-0242,2026-02-23,ROUTINE_OPERATION,4,5.35
INC-0242-058,P-0242,2026-02-27,EXTENDED_OPERATION,4,5.57
INC-0242-059,P-0242,2026-02-28,ROUTINE_OPERATION,5,6.03
INC-0242-061,P-0242,2026-03-02,EMERGENCY_RESPONSE,2,4.38
INC-0242-074,P-0242,2026-03-15,HIGH_INTENSITY_OPERATION,4,6.56
INC-0242-082,P-0242,2026-03-23,HIGH_INTENSITY_OPERATION,5,5.97
INC-0242-110,P-0242,2026-04-20,ROUTINE_OPERATION,3,3.05
INC-0242-116,P-0242,2026-04-26,ROUTINE_OPERATION,5,5.59
INC-0242-117,P-0242,2026-04-27,ROUTINE_OPERATION,2,4.48
INC-0242-120,P-0242,2026-04-30,HIGH_INTENSITY_OPERATION,5,6.21
INC-0242-131,P-0242,2026-05-11,EMERGENCY_RESPONSE,2,4.72
INC-0242-138,P-0242,2026-05-18,ROUTINE_OPERATION,3,3.6
INC-0242-147,P-0242,2026-05-27,HIGH_INTENSITY_OPERATION,5,5.92
INC-0242-151,P-0242,2026-05-31,HIGH_INTENSITY_OPERATION,4,4.68
INC-0242-160,P-0242,2026-06-09,ROUTINE_OPERATION,5,6.62
INC-0243-055,P-0243,2026-02-24,ROUTINE_OPERATION,4,5.19
INC-0243-060,P-0243,2026-03-01,EMERGENCY_RESPONSE,5,5.45
INC-0243-070,P-0243,2026-03-11,EMERGENCY_RESPONSE,3,5.29
INC-0243-091,P-0243,2026-04-01,EXTENDED_OPERATION,2,3.17
INC-0243-106,P-0243,2026-04-16,EMERGENCY_RESPONSE,4,5.1
INC-0243-137,P-0243,2026-05-17,EXTENDED_OPERATION,3,5.25
INC-0243-162,P-0243,2026-06-11,ROUTINE_OPERATION,4,5.2
INC-0244-074,P-0244,2026-03-15,EXTENDED_OPERATION,2,1.97
INC-0244-081,P-0244,2026-03-22,ROUTINE_OPERATION,5,4.07
INC-0244-153,P-0244,2026-06-02,EMERGENCY_RESPONSE,2,4.41
INC-0244-179,P-0244,2026-06-28,ROUTINE_OPERATION,3,3.55
INC-0245-017,P-0245,2026-01-17,EXTENDED_OPERATION,5,7.35
INC-0245-020,P-0245,2026-01-20,EMERGENCY_RESPONSE,5,5.37
INC-0245-086,P-0245,2026-03-27,EMERGENCY_RESPONSE,4,4.69
INC-0245-120,P-0245,2026-04-30,EXTENDED_OPERATION,4,5.62
INC-0246-007,P-0246,2026-01-07,HIGH_INTENSITY_OPERATION,4,5.29
INC-0246-035,P-0246,2026-02-04,EXTENDED_OPERATION,5,6.53
INC-0246-038,P-0246,2026-02-07,EMERGENCY_RESPONSE,5,6.38
INC-0246-042,P-0246,2026-02-11,HIGH_INTENSITY_OPERATION,4,4.93
INC-0246-052,P-0246,2026-02-21,HIGH_INTENSITY_OPERATION,4,5.59
INC-0246-056,P-0246,2026-02-25,ROUTINE_OPERATION,5,6.21
INC-0246-063,P-0246,2026-03-04,HIGH_INTENSITY_OPERATION,5,6.06
INC-0246-089,P-0246,2026-03-30,HIGH_INTENSITY_OPERATION,4,4.5
INC-0246-095,P-0246,2026-04-05,EXTENDED_OPERATION,5,6.38
INC-0246-103,P-0246,2026-04-13,HIGH_INTENSITY_OPERATION,5,5.69
INC-0246-105,P-0246,2026-04-15,EXTENDED_OPERATION,5,6.74
INC-0246-108,P-0246,2026-04-18,HIGH_INTENSITY_OPERATION,5,6.28
INC-0246-117,P-0246,2026-04-27,HIGH_INTENSITY_OPERATION,5,6.76
INC-0246-119,P-0246,2026-04-29,HIGH_INTENSITY_OPERATION,3,5.13
INC-0246-122,P-0246,2026-05-02,ROUTINE_OPERATION,4,5.9
INC-0246-161,P-0246,2026-06-10,HIGH_INTENSITY_OPERATION,4,3.9
INC-0246-167,P-0246,2026-06-16,HIGH_INTENSITY_OPERATION,5,7.52
INC-0247-026,P-0247,2026-01-26,ROUTINE_OPERATION,5,6.2
INC-0247-074,P-0247,2026-03-15,ROUTINE_OPERATION,5,5.62
INC-0247-091,P-0247,2026-04-01,EXTENDED_OPERATION,4,5.48
INC-0247-092,P-0247,2026-04-02,ROUTINE_OPERATION,5,5.9
INC-0247-106,P-0247,2026-04-16,HIGH_INTENSITY_OPERATION,3,4.5
INC-0247-122,P-0247,2026-05-02,HIGH_INTENSITY_OPERATION,1,2.53
INC-0247-124,P-0247,2026-05-04,EXTENDED_OPERATION,5,4.74
INC-0247-125,P-0247,2026-05-05,EMERGENCY_RESPONSE,3,4.75
INC-0247-141,P-0247,2026-05-21,HIGH_INTENSITY_OPERATION,3,4.7
INC-0248-071,P-0248,2026-03-12,ROUTINE_OPERATION,2,3.58
INC-0248-074,P-0248,2026-03-15,ROUTINE_OPERATION,2,3.32
INC-0248-079,P-0248,2026-03-20,EXTENDED_OPERATION,3,5.21
INC-0248-105,P-0248,2026-04-15,EXTENDED_OPERATION,5,5.6
INC-0249-037,P-0249,2026-02-06,HIGH_INTENSITY_OPERATION,4,5.21
INC-0249-072,P-0249,2026-03-13,ROUTINE_OPERATION,3,3.55
INC-0249-079,P-0249,2026-03-20,HIGH_INTENSITY_OPERATION,2,4.81
INC-0249-092,P-0249,2026-04-02,ROUTINE_OPERATION,1,2.77
INC-0249-130,P-0249,2026-05-10,ROUTINE_OPERATION,4,5.82
INC-0249-176,P-0249,2026-06-25,HIGH_INTENSITY_OPERATION,4,5.5
INC-0250-038,P-0250,2026-02-07,ROUTINE_OPERATION,2,3.73
INC-0250-078,P-0250,2026-03-19,HIGH_INTENSITY_OPERATION,2,3.12
INC-0250-098,P-0250,2026-04-08,EXTENDED_OPERATION,1,3.09
INC-0250-110,P-0250,2026-04-20,ROUTINE_OPERATION,2,3.87
INC-0250-179,P-0250,2026-06-28,EMERGENCY_RESPONSE,4,4.91
INC-0251-030,P-0251,2026-01-30,ROUTINE_OPERATION,2,3.89
INC-0251-050,P-0251,2026-02-19,ROUTINE_OPERATION,5,7.07
INC-0251-053,P-0251,2026-02-22,EXTENDED_OPERATION,4,4.96
INC-0251-081,P-0251,2026-03-22,EXTENDED_OPERATION,3,4.26
INC-0251-107,P-0251,2026-04-17,ROUTINE_OPERATION,1,2.36
INC-0251-117,P-0251,2026-04-27,HIGH_INTENSITY_OPERATION,3,4.74
INC-0251-141,P-0251,2026-05-21,ROUTINE_OPERATION,2,3.01
INC-0252-010,P-0252,2026-01-10,HIGH_INTENSITY_OPERATION,2,3.28
INC-0252-011,P-0252,2026-01-11,EXTENDED_OPERATION,3,3.99
INC-0252-014,P-0252,2026-01-14,ROUTINE_OPERATION,5,5.94
INC-0252-017,P-0252,2026-01-17,HIGH_INTENSITY_OPERATION,5,5.31
INC-0252-021,P-0252,2026-01-21,EMERGENCY_RESPONSE,5,6.97
INC-0252-052,P-0252,2026-02-21,ROUTINE_OPERATION,3,5.58
INC-0252-053,P-0252,2026-02-22,ROUTINE_OPERATION,3,4.99
INC-0252-055,P-0252,2026-02-24,EMERGENCY_RESPONSE,4,4.48
INC-0252-066,P-0252,2026-03-07,HIGH_INTENSITY_OPERATION,5,5.77
INC-0252-078,P-0252,2026-03-19,EMERGENCY_RESPONSE,5,6.26
INC-0252-080,P-0252,2026-03-21,EXTENDED_OPERATION,5,4.95
INC-0252-082,P-0252,2026-03-23,ROUTINE_OPERATION,5,5.71
INC-0252-105,P-0252,2026-04-15,HIGH_INTENSITY_OPERATION,5,5.4
INC-0252-107,P-0252,2026-04-17,EXTENDED_OPERATION,4,4.61
INC-0252-171,P-0252,2026-06-20,EXTENDED_OPERATION,2,3.18
INC-0253-002,P-0253,2026-01-02,HIGH_INTENSITY_OPERATION,5,5.51
INC-0253-036,P-0253,2026-02-05,ROUTINE_OPERATION,4,4.08
INC-0253-137,P-0253,2026-05-17,HIGH_INTENSITY_OPERATION,2,3.51
INC-0253-150,P-0253,2026-05-30,ROUTINE_OPERATION,2,4.18
INC-0253-177,P-0253,2026-06-26,EMERGENCY_RESPONSE,5,5.74
INC-0254-018,P-0254,2026-01-18,ROUTINE_OPERATION,2,4.03
INC-0254-071,P-0254,2026-03-12,ROUTINE_OPERATION,4,5.16
INC-0254-073,P-0254,2026-03-14,ROUTINE_OPERATION,1,2.74
INC-0254-075,P-0254,2026-03-16,ROUTINE_OPERATION,5,5.73
INC-0254-078,P-0254,2026-03-19,ROUTINE_OPERATION,5,5.98
INC-0254-084,P-0254,2026-03-25,EXTENDED_OPERATION,2,3.43
INC-0254-086,P-0254,2026-03-27,ROUTINE_OPERATION,4,5.1
INC-0254-093,P-0254,2026-04-03,HIGH_INTENSITY_OPERATION,4,5.36
INC-0254-097,P-0254,2026-04-07,HIGH_INTENSITY_OPERATION,5,6.79
INC-0254-113,P-0254,2026-04-23,HIGH_INTENSITY_OPERATION,5,6.77
INC-0254-126,P-0254,2026-05-06,HIGH_INTENSITY_OPERATION,2,3.54
INC-0254-132,P-0254,2026-05-12,EMERGENCY_RESPONSE,4,5.69
INC-0255-122,P-0255,2026-05-02,EXTENDED_OPERATION,2,3.61
INC-0255-130,P-0255,2026-05-10,EXTENDED_OPERATION,3,4.07
INC-0256-072,P-0256,2026-03-13,EMERGENCY_RESPONSE,2,2.79
INC-0256-173,P-0256,2026-06-22,ROUTINE_OPERATION,2,2.1
INC-0257-014,P-0257,2026-01-14,ROUTINE_OPERATION,4,4.49
INC-0257-028,P-0257,2026-01-28,ROUTINE_OPERATION,3,3.32
INC-0257-034,P-0257,2026-02-03,EXTENDED_OPERATION,4,5.33
INC-0257-048,P-0257,2026-02-17,EXTENDED_OPERATION,3,4.21
INC-0257-056,P-0257,2026-02-25,EMERGENCY_RESPONSE,5,6.28
INC-0257-122,P-0257,2026-05-02,HIGH_INTENSITY_OPERATION,5,7.71
INC-0257-134,P-0257,2026-05-14,EXTENDED_OPERATION,4,5.71
INC-0257-165,P-0257,2026-06-14,HIGH_INTENSITY_OPERATION,5,5.29
INC-0257-177,P-0257,2026-06-26,ROUTINE_OPERATION,5,5.06
INC-0258-022,P-0258,2026-01-22,HIGH_INTENSITY_OPERATION,4,4.37
INC-0258-055,P-0258,2026-02-24,HIGH_INTENSITY_OPERATION,5,5.98
INC-0258-061,P-0258,2026-03-02,HIGH_INTENSITY_OPERATION,3,3.93
INC-0258-074,P-0258,2026-03-15,HIGH_INTENSITY_OPERATION,3,3.56
INC-0258-088,P-0258,2026-03-29,HIGH_INTENSITY_OPERATION,4,4.95
INC-0258-146,P-0258,2026-05-26,HIGH_INTENSITY_OPERATION,4,5.11
INC-0259-022,P-0259,2026-01-22,EXTENDED_OPERATION,4,4.76
INC-0259-030,P-0259,2026-01-30,HIGH_INTENSITY_OPERATION,5,6.14
INC-0259-071,P-0259,2026-03-12,HIGH_INTENSITY_OPERATION,3,4.25
INC-0259-075,P-0259,2026-03-16,EMERGENCY_RESPONSE,4,4.41
INC-0259-078,P-0259,2026-03-19,EXTENDED_OPERATION,2,3.71
INC-0259-082,P-0259,2026-03-23,HIGH_INTENSITY_OPERATION,4,4.59
INC-0259-111,P-0259,2026-04-21,HIGH_INTENSITY_OPERATION,4,4.48
INC-0259-146,P-0259,2026-05-26,EMERGENCY_RESPONSE,4,5.55
INC-0259-150,P-0259,2026-05-30,HIGH_INTENSITY_OPERATION,5,4.88
INC-0259-156,P-0259,2026-06-05,HIGH_INTENSITY_OPERATION,5,5.93
INC-0259-166,P-0259,2026-06-15,EXTENDED_OPERATION,3,5.17
INC-0259-167,P-0259,2026-06-16,ROUTINE_OPERATION,2,2.61
INC-0259-172,P-0259,2026-06-21,EMERGENCY_RESPONSE,3,4.19
INC-0260-003,P-0260,2026-01-03,EMERGENCY_RESPONSE,4,5.0
INC-0260-025,P-0260,2026-01-25,ROUTINE_OPERATION,5,5.07
INC-0260-026,P-0260,2026-01-26,EXTENDED_OPERATION,3,4.74
INC-0260-035,P-0260,2026-02-04,HIGH_INTENSITY_OPERATION,5,5.37
INC-0260-048,P-0260,2026-02-17,ROUTINE_OPERATION,3,3.79
INC-0260-075,P-0260,2026-03-16,HIGH_INTENSITY_OPERATION,5,4.87
INC-0260-083,P-0260,2026-03-24,ROUTINE_OPERATION,3,5.19
INC-0260-094,P-0260,2026-04-04,HIGH_INTENSITY_OPERATION,4,4.84
INC-0260-116,P-0260,2026-04-26,HIGH_INTENSITY_OPERATION,5,6.48
INC-0260-150,P-0260,2026-05-30,ROUTINE_OPERATION,4,6.51
INC-0261-016,P-0261,2026-01-16,EXTENDED_OPERATION,4,5.1
INC-0261-117,P-0261,2026-04-27,EMERGENCY_RESPONSE,5,6.13
INC-0261-128,P-0261,2026-05-08,EMERGENCY_RESPONSE,5,6.36
INC-0261-130,P-0261,2026-05-10,HIGH_INTENSITY_OPERATION,5,5.71
INC-0261-132,P-0261,2026-05-12,EMERGENCY_RESPONSE,5,5.99
INC-0261-143,P-0261,2026-05-23,EXTENDED_OPERATION,4,5.32
INC-0261-147,P-0261,2026-05-27,HIGH_INTENSITY_OPERATION,5,5.77
INC-0262-004,P-0262,2026-01-04,EXTENDED_OPERATION,5,6.2
INC-0262-020,P-0262,2026-01-20,EMERGENCY_RESPONSE,5,5.71
INC-0262-027,P-0262,2026-01-27,HIGH_INTENSITY_OPERATION,5,6.46
INC-0262-031,P-0262,2026-01-31,HIGH_INTENSITY_OPERATION,5,6.24
INC-0262-051,P-0262,2026-02-20,ROUTINE_OPERATION,3,3.47
INC-0262-104,P-0262,2026-04-14,EMERGENCY_RESPONSE,5,7.37
INC-0262-111,P-0262,2026-04-21,EMERGENCY_RESPONSE,5,5.4
INC-0262-135,P-0262,2026-05-15,EXTENDED_OPERATION,5,7.23
INC-0262-176,P-0262,2026-06-25,EMERGENCY_RESPONSE,5,6.04
INC-0263-001,P-0263,2026-01-01,ROUTINE_OPERATION,5,6.39
INC-0263-020,P-0263,2026-01-20,EXTENDED_OPERATION,5,7.09
INC-0263-023,P-0263,2026-01-23,EMERGENCY_RESPONSE,5,5.91
INC-0263-038,P-0263,2026-02-07,EMERGENCY_RESPONSE,5,6.48
INC-0263-045,P-0263,2026-02-14,HIGH_INTENSITY_OPERATION,5,6.3
INC-0263-048,P-0263,2026-02-17,EMERGENCY_RESPONSE,5,5.2
INC-0263-077,P-0263,2026-03-18,HIGH_INTENSITY_OPERATION,2,3.41
INC-0263-082,P-0263,2026-03-23,HIGH_INTENSITY_OPERATION,5,6.18
INC-0263-086,P-0263,2026-03-27,EXTENDED_OPERATION,5,6.95
INC-0263-087,P-0263,2026-03-28,HIGH_INTENSITY_OPERATION,5,5.63
INC-0263-099,P-0263,2026-04-09,HIGH_INTENSITY_OPERATION,4,5.34
INC-0263-101,P-0263,2026-04-11,HIGH_INTENSITY_OPERATION,3,4.75
INC-0263-107,P-0263,2026-04-17,EMERGENCY_RESPONSE,5,6.0
INC-0263-130,P-0263,2026-05-10,EXTENDED_OPERATION,4,4.43
INC-0263-169,P-0263,2026-06-18,ROUTINE_OPERATION,5,6.36
INC-0263-173,P-0263,2026-06-22,EMERGENCY_RESPONSE,5,5.86
INC-0263-177,P-0263,2026-06-26,HIGH_INTENSITY_OPERATION,5,5.79
INC-0264-015,P-0264,2026-01-15,HIGH_INTENSITY_OPERATION,2,3.72
INC-0264-018,P-0264,2026-01-18,EMERGENCY_RESPONSE,4,4.86
INC-0264-022,P-0264,2026-01-22,HIGH_INTENSITY_OPERATION,4,3.77
INC-0264-035,P-0264,2026-02-04,HIGH_INTENSITY_OPERATION,3,4.56
INC-0264-041,P-0264,2026-02-10,EXTENDED_OPERATION,2,4.53
INC-0264-049,P-0264,2026-02-18,HIGH_INTENSITY_OPERATION,4,5.14
INC-0264-096,P-0264,2026-04-06,HIGH_INTENSITY_OPERATION,4,4.88
INC-0264-097,P-0264,2026-04-07,EMERGENCY_RESPONSE,5,5.79
INC-0264-122,P-0264,2026-05-02,ROUTINE_OPERATION,3,4.99
INC-0264-138,P-0264,2026-05-18,HIGH_INTENSITY_OPERATION,5,5.16
INC-0264-157,P-0264,2026-06-06,EXTENDED_OPERATION,4,4.68
INC-0265-023,P-0265,2026-01-23,HIGH_INTENSITY_OPERATION,4,4.79
INC-0265-047,P-0265,2026-02-16,EXTENDED_OPERATION,5,5.67
INC-0265-061,P-0265,2026-03-02,EMERGENCY_RESPONSE,5,5.8
INC-0265-063,P-0265,2026-03-04,HIGH_INTENSITY_OPERATION,3,4.95
INC-0265-073,P-0265,2026-03-14,EXTENDED_OPERATION,5,6.49
INC-0265-076,P-0265,2026-03-17,EXTENDED_OPERATION,5,5.85
INC-0265-077,P-0265,2026-03-18,ROUTINE_OPERATION,4,6.66
INC-0265-093,P-0265,2026-04-03,ROUTINE_OPERATION,3,4.31
INC-0265-094,P-0265,2026-04-04,ROUTINE_OPERATION,4,4.98
INC-0265-097,P-0265,2026-04-07,ROUTINE_OPERATION,5,6.23
INC-0265-101,P-0265,2026-04-11,HIGH_INTENSITY_OPERATION,3,4.3
INC-0265-114,P-0265,2026-04-24,EXTENDED_OPERATION,5,5.57
INC-0265-115,P-0265,2026-04-25,ROUTINE_OPERATION,3,4.82
INC-0265-164,P-0265,2026-06-13,ROUTINE_OPERATION,4,5.02
INC-0265-180,P-0265,2026-06-29,EMERGENCY_RESPONSE,4,5.37
INC-0266-002,P-0266,2026-01-02,ROUTINE_OPERATION,5,6.14
INC-0266-040,P-0266,2026-02-09,ROUTINE_OPERATION,5,5.84
INC-0266-044,P-0266,2026-02-13,ROUTINE_OPERATION,2,4.5
INC-0266-049,P-0266,2026-02-18,HIGH_INTENSITY_OPERATION,5,7.03
INC-0266-060,P-0266,2026-03-01,EXTENDED_OPERATION,4,5.63
INC-0266-065,P-0266,2026-03-06,ROUTINE_OPERATION,2,3.82
INC-0266-087,P-0266,2026-03-28,EMERGENCY_RESPONSE,5,6.01
INC-0266-103,P-0266,2026-04-13,ROUTINE_OPERATION,3,4.95
INC-0266-117,P-0266,2026-04-27,HIGH_INTENSITY_OPERATION,5,6.16
INC-0266-118,P-0266,2026-04-28,ROUTINE_OPERATION,4,4.59
INC-0266-129,P-0266,2026-05-09,HIGH_INTENSITY_OPERATION,4,4.29
INC-0266-153,P-0266,2026-06-02,ROUTINE_OPERATION,5,6.48
INC-0267-008,P-0267,2026-01-08,ROUTINE_OPERATION,3,5.28
INC-0267-071,P-0267,2026-03-12,EXTENDED_OPERATION,4,4.51
INC-0267-076,P-0267,2026-03-17,ROUTINE_OPERATION,4,4.63
INC-0267-152,P-0267,2026-06-01,HIGH_INTENSITY_OPERATION,4,4.84
INC-0267-158,P-0267,2026-06-07,ROUTINE_OPERATION,3,3.72
INC-0267-160,P-0267,2026-06-09,ROUTINE_OPERATION,3,4.25
INC-0269-021,P-0269,2026-01-21,ROUTINE_OPERATION,1,2.33
INC-0269-025,P-0269,2026-01-25,ROUTINE_OPERATION,4,4.81
INC-0269-026,P-0269,2026-01-26,EMERGENCY_RESPONSE,4,5.34
INC-0269-028,P-0269,2026-01-28,HIGH_INTENSITY_OPERATION,5,6.06
INC-0269-033,P-0269,2026-02-02,HIGH_INTENSITY_OPERATION,5,6.55
INC-0269-039,P-0269,2026-02-08,HIGH_INTENSITY_OPERATION,4,4.57
INC-0269-047,P-0269,2026-02-16,EXTENDED_OPERATION,4,4.63
INC-0269-088,P-0269,2026-03-29,ROUTINE_OPERATION,2,4.39
INC-0269-116,P-0269,2026-04-26,ROUTINE_OPERATION,4,3.53
INC-0269-155,P-0269,2026-06-04,HIGH_INTENSITY_OPERATION,4,5.34
INC-0269-166,P-0269,2026-06-15,EXTENDED_OPERATION,5,5.5
INC-0270-004,P-0270,2026-01-04,ROUTINE_OPERATION,4,5.69
INC-0270-009,P-0270,2026-01-09,EXTENDED_OPERATION,3,4.76
INC-0270-010,P-0270,2026-01-10,ROUTINE_OPERATION,5,6.44
INC-0270-038,P-0270,2026-02-07,EMERGENCY_RESPONSE,4,4.24
INC-0270-039,P-0270,2026-02-08,HIGH_INTENSITY_OPERATION,4,5.69
INC-0270-043,P-0270,2026-02-12,HIGH_INTENSITY_OPERATION,4,5.66
INC-0270-046,P-0270,2026-02-15,EXTENDED_OPERATION,5,6.07
INC-0270-058,P-0270,2026-02-27,ROUTINE_OPERATION,5,6.7
INC-0270-070,P-0270,2026-03-11,ROUTINE_OPERATION,2,4.47
INC-0270-083,P-0270,2026-03-24,ROUTINE_OPERATION,4,4.98
INC-0270-094,P-0270,2026-04-04,EMERGENCY_RESPONSE,3,5.5
INC-0270-105,P-0270,2026-04-15,ROUTINE_OPERATION,4,5.23
INC-0270-106,P-0270,2026-04-16,ROUTINE_OPERATION,5,5.33
INC-0270-159,P-0270,2026-06-08,ROUTINE_OPERATION,5,6.38
INC-0270-178,P-0270,2026-06-27,ROUTINE_OPERATION,4,5.69
INC-0271-018,P-0271,2026-01-18,EMERGENCY_RESPONSE,4,5.09
INC-0271-044,P-0271,2026-02-13,EXTENDED_OPERATION,5,6.21
INC-0271-046,P-0271,2026-02-15,HIGH_INTENSITY_OPERATION,5,5.81
INC-0271-052,P-0271,2026-02-21,HIGH_INTENSITY_OPERATION,5,5.62
INC-0271-058,P-0271,2026-02-27,EXTENDED_OPERATION,4,5.66
INC-0271-061,P-0271,2026-03-02,HIGH_INTENSITY_OPERATION,5,6.54
INC-0271-063,P-0271,2026-03-04,EMERGENCY_RESPONSE,4,6.07
INC-0271-066,P-0271,2026-03-07,EMERGENCY_RESPONSE,5,5.66
INC-0271-081,P-0271,2026-03-22,ROUTINE_OPERATION,5,5.64
INC-0271-082,P-0271,2026-03-23,EMERGENCY_RESPONSE,5,6.94
INC-0271-101,P-0271,2026-04-11,EMERGENCY_RESPONSE,5,4.31
INC-0271-146,P-0271,2026-05-26,EMERGENCY_RESPONSE,5,6.55
INC-0271-160,P-0271,2026-06-09,HIGH_INTENSITY_OPERATION,5,6.2
INC-0272-031,P-0272,2026-01-31,ROUTINE_OPERATION,3,4.64
INC-0272-090,P-0272,2026-03-31,HIGH_INTENSITY_OPERATION,3,4.62
INC-0272-158,P-0272,2026-06-07,HIGH_INTENSITY_OPERATION,5,6.03
INC-0273-010,P-0273,2026-01-10,HIGH_INTENSITY_OPERATION,4,5.09
INC-0273-116,P-0273,2026-04-26,HIGH_INTENSITY_OPERATION,5,6.21
INC-0273-122,P-0273,2026-05-02,ROUTINE_OPERATION,3,5.02
INC-0273-144,P-0273,2026-05-24,ROUTINE_OPERATION,1,2.93
INC-0274-016,P-0274,2026-01-16,EMERGENCY_RESPONSE,5,6.18
INC-0274-052,P-0274,2026-02-21,HIGH_INTENSITY_OPERATION,3,5.17
INC-0274-069,P-0274,2026-03-10,ROUTINE_OPERATION,3,4.59
INC-0274-077,P-0274,2026-03-18,EXTENDED_OPERATION,4,5.47
INC-0274-090,P-0274,2026-03-31,EMERGENCY_RESPONSE,5,5.52
INC-0274-128,P-0274,2026-05-08,HIGH_INTENSITY_OPERATION,4,5.15
INC-0274-140,P-0274,2026-05-20,HIGH_INTENSITY_OPERATION,3,4.15
INC-0275-006,P-0275,2026-01-06,HIGH_INTENSITY_OPERATION,5,6.24
INC-0275-010,P-0275,2026-01-10,ROUTINE_OPERATION,1,3.53
INC-0275-038,P-0275,2026-02-07,HIGH_INTENSITY_OPERATION,5,5.81
INC-0275-108,P-0275,2026-04-18,ROUTINE_OPERATION,4,4.36
INC-0275-126,P-0275,2026-05-06,EMERGENCY_RESPONSE,3,5.15
INC-0276-002,P-0276,2026-01-02,EMERGENCY_RESPONSE,5,5.34
INC-0276-005,P-0276,2026-01-05,EMERGENCY_RESPONSE,5,6.07
INC-0276-021,P-0276,2026-01-21,ROUTINE_OPERATION,2,3.65
INC-0276-042,P-0276,2026-02-11,EXTENDED_OPERATION,3,4.08
INC-0276-044,P-0276,2026-02-13,EXTENDED_OPERATION,5,6.34
INC-0276-048,P-0276,2026-02-17,ROUTINE_OPERATION,3,5.01
INC-0276-053,P-0276,2026-02-22,HIGH_INTENSITY_OPERATION,4,5.64
INC-0276-067,P-0276,2026-03-08,ROUTINE_OPERATION,5,5.82
INC-0276-070,P-0276,2026-03-11,EMERGENCY_RESPONSE,4,4.78
INC-0276-098,P-0276,2026-04-08,EMERGENCY_RESPONSE,5,5.96
INC-0276-113,P-0276,2026-04-23,HIGH_INTENSITY_OPERATION,3,4.01
INC-0276-137,P-0276,2026-05-17,EMERGENCY_RESPONSE,5,6.78
INC-0276-148,P-0276,2026-05-28,HIGH_INTENSITY_OPERATION,5,7.38
INC-0276-180,P-0276,2026-06-29,HIGH_INTENSITY_OPERATION,5,4.96
INC-0277-037,P-0277,2026-02-06,HIGH_INTENSITY_OPERATION,5,6.23
INC-0277-065,P-0277,2026-03-06,ROUTINE_OPERATION,4,5.64
INC-0277-136,P-0277,2026-05-16,EMERGENCY_RESPONSE,3,4.24
INC-0278-006,P-0278,2026-01-06,ROUTINE_OPERATION,5,6.01
INC-0278-042,P-0278,2026-02-11,HIGH_INTENSITY_OPERATION,2,4.72
INC-0278-054,P-0278,2026-02-23,HIGH_INTENSITY_OPERATION,4,5.66
INC-0278-109,P-0278,2026-04-19,HIGH_INTENSITY_OPERATION,5,5.8
INC-0278-131,P-0278,2026-05-11,EMERGENCY_RESPONSE,2,3.0
INC-0278-135,P-0278,2026-05-15,HIGH_INTENSITY_OPERATION,4,4.79
INC-0278-138,P-0278,2026-05-18,EXTENDED_OPERATION,5,5.51
INC-0278-170,P-0278,2026-06-19,ROUTINE_OPERATION,1,3.29
INC-0279-024,P-0279,2026-01-24,HIGH_INTENSITY_OPERATION,5,6.1
INC-0279-052,P-0279,2026-02-21,ROUTINE_OPERATION,5,6.25
INC-0279-074,P-0279,2026-03-15,HIGH_INTENSITY_OPERATION,5,6.5
INC-0279-121,P-0279,2026-05-01,HIGH_INTENSITY_OPERATION,5,6.25
INC-0279-127,P-0279,2026-05-07,HIGH_INTENSITY_OPERATION,4,4.36
INC-0279-142,P-0279,2026-05-22,ROUTINE_OPERATION,5,6.3
INC-0279-143,P-0279,2026-05-23,ROUTINE_OPERATION,4,4.15
INC-0279-170,P-0279,2026-06-19,HIGH_INTENSITY_OPERATION,2,4.33
INC-0279-175,P-0279,2026-06-24,EXTENDED_OPERATION,5,5.75
INC-0280-071,P-0280,2026-03-12,ROUTINE_OPERATION,3,4.17
INC-0280-076,P-0280,2026-03-17,ROUTINE_OPERATION,3,4.98
INC-0280-158,P-0280,2026-06-07,ROUTINE_OPERATION,4,4.96
INC-0281-105,P-0281,2026-04-15,HIGH_INTENSITY_OPERATION,3,4.78
INC-0281-162,P-0281,2026-06-11,ROUTINE_OPERATION,3,5.49
INC-0282-012,P-0282,2026-01-12,ROUTINE_OPERATION,2,3.99
INC-0282-016,P-0282,2026-01-16,ROUTINE_OPERATION,3,4.31
INC-0282-059,P-0282,2026-02-28,ROUTINE_OPERATION,3,4.9
INC-0282-105,P-0282,2026-04-15,ROUTINE_OPERATION,3,5.81
INC-0282-142,P-0282,2026-05-22,EMERGENCY_RESPONSE,1,3.07
INC-0282-156,P-0282,2026-06-05,HIGH_INTENSITY_OPERATION,2,3.35
INC-0282-162,P-0282,2026-06-11,ROUTINE_OPERATION,1,2.37
INC-0282-175,P-0282,2026-06-24,EMERGENCY_RESPONSE,1,2.94
INC-0282-180,P-0282,2026-06-29,EXTENDED_OPERATION,3,4.47
INC-0283-023,P-0283,2026-01-23,EXTENDED_OPERATION,5,5.99
INC-0283-034,P-0283,2026-02-03,ROUTINE_OPERATION,4,4.64
INC-0283-048,P-0283,2026-02-17,HIGH_INTENSITY_OPERATION,5,6.25
INC-0283-051,P-0283,2026-02-20,ROUTINE_OPERATION,4,5.34
INC-0283-053,P-0283,2026-02-22,ROUTINE_OPERATION,5,6.1
INC-0283-070,P-0283,2026-03-11,EMERGENCY_RESPONSE,5,5.05
INC-0283-074,P-0283,2026-03-15,ROUTINE_OPERATION,5,6.14
INC-0283-076,P-0283,2026-03-17,HIGH_INTENSITY_OPERATION,4,4.28
INC-0283-081,P-0283,2026-03-22,ROUTINE_OPERATION,4,6.03
INC-0283-103,P-0283,2026-04-13,EXTENDED_OPERATION,4,4.63
INC-0283-161,P-0283,2026-06-10,EXTENDED_OPERATION,4,5.76
INC-0283-169,P-0283,2026-06-18,HIGH_INTENSITY_OPERATION,5,5.23
INC-0284-002,P-0284,2026-01-02,HIGH_INTENSITY_OPERATION,4,5.22
INC-0284-008,P-0284,2026-01-08,EXTENDED_OPERATION,5,6.34
INC-0284-011,P-0284,2026-01-11,HIGH_INTENSITY_OPERATION,5,6.17
INC-0284-044,P-0284,2026-02-13,HIGH_INTENSITY_OPERATION,5,6.15
INC-0284-046,P-0284,2026-02-15,HIGH_INTENSITY_OPERATION,5,6.58
INC-0284-057,P-0284,2026-02-26,HIGH_INTENSITY_OPERATION,5,6.99
INC-0284-060,P-0284,2026-03-01,EMERGENCY_RESPONSE,5,6.4
INC-0284-067,P-0284,2026-03-08,EMERGENCY_RESPONSE,3,4.13
INC-0284-068,P-0284,2026-03-09,EXTENDED_OPERATION,5,7.12
INC-0284-093,P-0284,2026-04-03,ROUTINE_OPERATION,5,6.57
INC-0284-103,P-0284,2026-04-13,EMERGENCY_RESPONSE,5,6.03
INC-0284-113,P-0284,2026-04-23,HIGH_INTENSITY_OPERATION,3,3.5
INC-0284-117,P-0284,2026-04-27,ROUTINE_OPERATION,5,5.83
INC-0284-127,P-0284,2026-05-07,EMERGENCY_RESPONSE,5,6.06
INC-0284-140,P-0284,2026-05-20,EXTENDED_OPERATION,4,5.36
INC-0284-144,P-0284,2026-05-24,EXTENDED_OPERATION,4,5.36
INC-0284-156,P-0284,2026-06-05,HIGH_INTENSITY_OPERATION,5,6.76
INC-0284-171,P-0284,2026-06-20,ROUTINE_OPERATION,4,5.19
INC-0284-175,P-0284,2026-06-24,HIGH_INTENSITY_OPERATION,5,6.05
INC-0285-004,P-0285,2026-01-04,EXTENDED_OPERATION,4,5.49
INC-0285-009,P-0285,2026-01-09,HIGH_INTENSITY_OPERATION,4,5.11
INC-0285-032,P-0285,2026-02-01,EXTENDED_OPERATION,5,7.11
INC-0285-044,P-0285,2026-02-13,EMERGENCY_RESPONSE,3,4.48
INC-0285-048,P-0285,2026-02-17,ROUTINE_OPERATION,5,6.31
INC-0285-071,P-0285,2026-03-12,ROUTINE_OPERATION,2,4.53
INC-0285-078,P-0285,2026-03-19,HIGH_INTENSITY_OPERATION,5,6.27
INC-0285-079,P-0285,2026-03-20,EXTENDED_OPERATION,4,5.02
INC-0285-128,P-0285,2026-05-08,ROUTINE_OPERATION,3,5.97
INC-0285-133,P-0285,2026-05-13,HIGH_INTENSITY_OPERATION,5,6.14
INC-0285-144,P-0285,2026-05-24,ROUTINE_OPERATION,3,3.76
INC-0285-168,P-0285,2026-06-17,ROUTINE_OPERATION,4,5.51
INC-0285-173,P-0285,2026-06-22,HIGH_INTENSITY_OPERATION,2,2.64
INC-0285-174,P-0285,2026-06-23,ROUTINE_OPERATION,1,3.07
INC-0285-175,P-0285,2026-06-24,ROUTINE_OPERATION,5,6.13
INC-0285-180,P-0285,2026-06-29,HIGH_INTENSITY_OPERATION,5,6.21
INC-0286-015,P-0286,2026-01-15,HIGH_INTENSITY_OPERATION,5,6.83
INC-0286-055,P-0286,2026-02-24,ROUTINE_OPERATION,5,6.17
INC-0286-068,P-0286,2026-03-09,ROUTINE_OPERATION,3,3.97
INC-0286-078,P-0286,2026-03-19,HIGH_INTENSITY_OPERATION,4,5.08
INC-0286-098,P-0286,2026-04-08,HIGH_INTENSITY_OPERATION,5,5.53
INC-0286-106,P-0286,2026-04-16,EMERGENCY_RESPONSE,5,6.31
INC-0286-130,P-0286,2026-05-10,HIGH_INTENSITY_OPERATION,3,5.2
INC-0286-132,P-0286,2026-05-12,HIGH_INTENSITY_OPERATION,4,4.63
INC-0286-159,P-0286,2026-06-08,ROUTINE_OPERATION,2,3.28
INC-0286-168,P-0286,2026-06-17,ROUTINE_OPERATION,5,6.32
INC-0286-171,P-0286,2026-06-20,EMERGENCY_RESPONSE,4,4.18
INC-0286-172,P-0286,2026-06-21,ROUTINE_OPERATION,3,4.4
INC-0287-031,P-0287,2026-01-31,HIGH_INTENSITY_OPERATION,1,2.71
INC-0287-090,P-0287,2026-03-31,ROUTINE_OPERATION,2,3.27
INC-0287-095,P-0287,2026-04-05,ROUTINE_OPERATION,2,4.48
INC-0287-097,P-0287,2026-04-07,ROUTINE_OPERATION,2,4.3
INC-0288-027,P-0288,2026-01-27,ROUTINE_OPERATION,1,3.07
INC-0288-042,P-0288,2026-02-11,HIGH_INTENSITY_OPERATION,2,4.19
INC-0288-049,P-0288,2026-02-18,ROUTINE_OPERATION,4,5.16
INC-0288-051,P-0288,2026-02-20,EMERGENCY_RESPONSE,4,5.6
INC-0288-072,P-0288,2026-03-13,ROUTINE_OPERATION,3,4.43
INC-0288-104,P-0288,2026-04-14,HIGH_INTENSITY_OPERATION,3,4.66
INC-0289-003,P-0289,2026-01-03,EXTENDED_OPERATION,3,4.99
INC-0289-016,P-0289,2026-01-16,EMERGENCY_RESPONSE,4,5.73
INC-0289-033,P-0289,2026-02-02,ROUTINE_OPERATION,5,5.38
INC-0289-036,P-0289,2026-02-05,EMERGENCY_RESPONSE,3,4.08
INC-0289-051,P-0289,2026-02-20,ROUTINE_OPERATION,5,5.99
INC-0289-056,P-0289,2026-02-25,EMERGENCY_RESPONSE,5,5.37
INC-0289-064,P-0289,2026-03-05,ROUTINE_OPERATION,5,5.81
INC-0289-080,P-0289,2026-03-21,HIGH_INTENSITY_OPERATION,4,4.71
INC-0289-094,P-0289,2026-04-04,HIGH_INTENSITY_OPERATION,5,6.3
INC-0289-100,P-0289,2026-04-10,ROUTINE_OPERATION,5,6.36
INC-0289-111,P-0289,2026-04-21,HIGH_INTENSITY_OPERATION,5,6.87
INC-0289-114,P-0289,2026-04-24,HIGH_INTENSITY_OPERATION,5,6.51
INC-0289-118,P-0289,2026-04-28,EXTENDED_OPERATION,5,6.54
INC-0289-120,P-0289,2026-04-30,HIGH_INTENSITY_OPERATION,3,4.84
INC-0289-124,P-0289,2026-05-04,HIGH_INTENSITY_OPERATION,5,6.06
INC-0289-128,P-0289,2026-05-08,HIGH_INTENSITY_OPERATION,4,6.01
INC-0289-142,P-0289,2026-05-22,HIGH_INTENSITY_OPERATION,4,4.96
INC-0289-161,P-0289,2026-06-10,HIGH_INTENSITY_OPERATION,5,6.6
INC-0289-165,P-0289,2026-06-14,EXTENDED_OPERATION,5,6.44
INC-0290-001,P-0290,2026-01-01,ROUTINE_OPERATION,3,4.44
INC-0290-017,P-0290,2026-01-17,ROUTINE_OPERATION,2,4.65
INC-0290-022,P-0290,2026-01-22,EMERGENCY_RESPONSE,5,6.28
INC-0290-052,P-0290,2026-02-21,EMERGENCY_RESPONSE,5,6.05
INC-0290-076,P-0290,2026-03-17,EMERGENCY_RESPONSE,5,5.28
INC-0290-081,P-0290,2026-03-22,EXTENDED_OPERATION,5,5.39
INC-0290-122,P-0290,2026-05-02,ROUTINE_OPERATION,2,4.06
INC-0290-162,P-0290,2026-06-11,ROUTINE_OPERATION,5,6.1
INC-0290-179,P-0290,2026-06-28,EMERGENCY_RESPONSE,5,6.28
INC-0291-025,P-0291,2026-01-25,HIGH_INTENSITY_OPERATION,4,5.17
INC-0291-054,P-0291,2026-02-23,EMERGENCY_RESPONSE,4,6.36
INC-0292-011,P-0292,2026-01-11,ROUTINE_OPERATION,5,7.66
INC-0292-018,P-0292,2026-01-18,EMERGENCY_RESPONSE,5,5.06
INC-0292-037,P-0292,2026-02-06,HIGH_INTENSITY_OPERATION,5,6.38
INC-0292-054,P-0292,2026-02-23,ROUTINE_OPERATION,4,6.15
INC-0292-064,P-0292,2026-03-05,HIGH_INTENSITY_OPERATION,5,5.94
INC-0292-077,P-0292,2026-03-18,ROUTINE_OPERATION,4,5.97
INC-0292-081,P-0292,2026-03-22,EXTENDED_OPERATION,3,4.2
INC-0292-084,P-0292,2026-03-25,ROUTINE_OPERATION,3,5.32
INC-0292-093,P-0292,2026-04-03,HIGH_INTENSITY_OPERATION,3,4.35
INC-0292-116,P-0292,2026-04-26,HIGH_INTENSITY_OPERATION,2,4.06
INC-0292-128,P-0292,2026-05-08,HIGH_INTENSITY_OPERATION,3,4.25
INC-0293-011,P-0293,2026-01-11,EMERGENCY_RESPONSE,4,5.37
INC-0293-013,P-0293,2026-01-13,HIGH_INTENSITY_OPERATION,4,5.59
INC-0293-015,P-0293,2026-01-15,EMERGENCY_RESPONSE,4,5.91
INC-0293-019,P-0293,2026-01-19,EMERGENCY_RESPONSE,5,6.12
INC-0293-025,P-0293,2026-01-25,EMERGENCY_RESPONSE,5,5.58
INC-0293-033,P-0293,2026-02-02,HIGH_INTENSITY_OPERATION,4,5.31
INC-0293-038,P-0293,2026-02-07,EMERGENCY_RESPONSE,4,5.44
INC-0293-062,P-0293,2026-03-03,EXTENDED_OPERATION,5,7.51
INC-0293-073,P-0293,2026-03-14,EXTENDED_OPERATION,4,4.48
INC-0293-093,P-0293,2026-04-03,EMERGENCY_RESPONSE,5,5.9
INC-0293-100,P-0293,2026-04-10,HIGH_INTENSITY_OPERATION,5,5.62
INC-0293-107,P-0293,2026-04-17,ROUTINE_OPERATION,4,6.16
INC-0293-117,P-0293,2026-04-27,HIGH_INTENSITY_OPERATION,5,6.82
INC-0293-132,P-0293,2026-05-12,HIGH_INTENSITY_OPERATION,4,4.2
INC-0293-140,P-0293,2026-05-20,EXTENDED_OPERATION,4,4.51
INC-0293-143,P-0293,2026-05-23,HIGH_INTENSITY_OPERATION,5,5.69
INC-0293-160,P-0293,2026-06-09,HIGH_INTENSITY_OPERATION,4,4.52
INC-0293-165,P-0293,2026-06-14,EMERGENCY_RESPONSE,5,5.83
INC-0293-174,P-0293,2026-06-23,EXTENDED_OPERATION,5,6.82
INC-0294-015,P-0294,2026-01-15,ROUTINE_OPERATION,4,5.94
INC-0294-018,P-0294,2026-01-18,EXTENDED_OPERATION,2,2.07
INC-0294-041,P-0294,2026-02-10,ROUTINE_OPERATION,4,4.83
INC-0294-063,P-0294,2026-03-04,EMERGENCY_RESPONSE,3,3.95
INC-0294-065,P-0294,2026-03-06,ROUTINE_OPERATION,3,5.03
INC-0294-067,P-0294,2026-03-08,HIGH_INTENSITY_OPERATION,2,4.85
INC-0294-085,P-0294,2026-03-26,EMERGENCY_RESPONSE,2,2.46
INC-0294-119,P-0294,2026-04-29,ROUTINE_OPERATION,3,3.46
INC-0294-134,P-0294,2026-05-14,ROUTINE_OPERATION,5,5.3
INC-0294-179,P-0294,2026-06-28,ROUTINE_OPERATION,2,3.56
INC-0295-056,P-0295,2026-02-25,HIGH_INTENSITY_OPERATION,4,4.58
INC-0295-058,P-0295,2026-02-27,ROUTINE_OPERATION,3,5.1
INC-0295-122,P-0295,2026-05-02,ROUTINE_OPERATION,5,7.32
INC-0295-123,P-0295,2026-05-03,HIGH_INTENSITY_OPERATION,1,3.25
INC-0295-126,P-0295,2026-05-06,EXTENDED_OPERATION,4,5.49
INC-0295-136,P-0295,2026-05-16,ROUTINE_OPERATION,4,5.32
INC-0295-176,P-0295,2026-06-25,ROUTINE_OPERATION,4,5.46
INC-0296-046,P-0296,2026-02-15,HIGH_INTENSITY_OPERATION,5,5.87
INC-0296-051,P-0296,2026-02-20,ROUTINE_OPERATION,5,7.01
INC-0296-063,P-0296,2026-03-04,EXTENDED_OPERATION,5,6.79
INC-0296-066,P-0296,2026-03-07,ROUTINE_OPERATION,5,6.42
INC-0296-069,P-0296,2026-03-10,HIGH_INTENSITY_OPERATION,5,5.27
INC-0296-114,P-0296,2026-04-24,EMERGENCY_RESPONSE,1,3.68
INC-0296-127,P-0296,2026-05-07,ROUTINE_OPERATION,2,3.76
INC-0296-165,P-0296,2026-06-14,ROUTINE_OPERATION,3,4.33
INC-0296-172,P-0296,2026-06-21,ROUTINE_OPERATION,2,2.82
INC-0297-010,P-0297,2026-01-10,ROUTINE_OPERATION,5,4.58
INC-0297-014,P-0297,2026-01-14,ROUTINE_OPERATION,4,5.9
INC-0297-052,P-0297,2026-02-21,HIGH_INTENSITY_OPERATION,5,6.57
INC-0297-058,P-0297,2026-02-27,EMERGENCY_RESPONSE,2,3.19
INC-0297-087,P-0297,2026-03-28,HIGH_INTENSITY_OPERATION,4,4.58
INC-0297-092,P-0297,2026-04-02,ROUTINE_OPERATION,5,6.4
INC-0297-133,P-0297,2026-05-13,ROUTINE_OPERATION,4,5.02
INC-0297-138,P-0297,2026-05-18,HIGH_INTENSITY_OPERATION,3,3.69
INC-0298-001,P-0298,2026-01-01,HIGH_INTENSITY_OPERATION,4,5.25
INC-0298-008,P-0298,2026-01-08,EMERGENCY_RESPONSE,5,6.11
INC-0298-013,P-0298,2026-01-13,ROUTINE_OPERATION,5,4.98
INC-0298-014,P-0298,2026-01-14,ROUTINE_OPERATION,2,3.7
INC-0298-015,P-0298,2026-01-15,HIGH_INTENSITY_OPERATION,2,2.96
INC-0298-024,P-0298,2026-01-24,HIGH_INTENSITY_OPERATION,5,6.33
INC-0298-040,P-0298,2026-02-09,EMERGENCY_RESPONSE,5,6.09
INC-0298-044,P-0298,2026-02-13,EXTENDED_OPERATION,3,5.28
INC-0298-058,P-0298,2026-02-27,EXTENDED_OPERATION,5,5.68
INC-0298-081,P-0298,2026-03-22,EXTENDED_OPERATION,4,5.76
INC-0298-089,P-0298,2026-03-30,ROUTINE_OPERATION,5,6.81
INC-0298-091,P-0298,2026-04-01,EXTENDED_OPERATION,3,4.59
INC-0298-097,P-0298,2026-04-07,ROUTINE_OPERATION,5,6.43
INC-0298-103,P-0298,2026-04-13,EMERGENCY_RESPONSE,5,5.93
INC-0298-118,P-0298,2026-04-28,EXTENDED_OPERATION,4,5.3
INC-0298-121,P-0298,2026-05-01,EMERGENCY_RESPONSE,4,4.94
INC-0298-139,P-0298,2026-05-19,HIGH_INTENSITY_OPERATION,5,6.44
INC-0298-150,P-0298,2026-05-30,HIGH_INTENSITY_OPERATION,5,6.46
INC-0298-151,P-0298,2026-05-31,ROUTINE_OPERATION,3,3.18
INC-0298-156,P-0298,2026-06-05,ROUTINE_OPERATION,5,7.09
INC-0298-159,P-0298,2026-06-08,EMERGENCY_RESPONSE,5,5.31
INC-0298-166,P-0298,2026-06-15,ROUTINE_OPERATION,5,5.78
INC-0298-170,P-0298,2026-06-19,EXTENDED_OPERATION,4,4.88
INC-0298-173,P-0298,2026-06-22,EMERGENCY_RESPONSE,4,5.27
INC-0298-176,P-0298,2026-06-25,EMERGENCY_RESPONSE,4,4.68
INC-0299-002,P-0299,2026-01-02,HIGH_INTENSITY_OPERATION,1,2.77
INC-0299-040,P-0299,2026-02-09,ROUTINE_OPERATION,5,6.3
INC-0299-088,P-0299,2026-03-29,ROUTINE_OPERATION,2,4.54
INC-0299-114,P-0299,2026-04-24,EMERGENCY_RESPONSE,4,4.93
INC-0299-121,P-0299,2026-05-01,EMERGENCY_RESPONSE,2,3.46
INC-0299-139,P-0299,2026-05-19,ROUTINE_OPERATION,2,3.04
INC-0299-170,P-0299,2026-06-19,ROUTINE_OPERATION,5,5.19
INC-0299-179,P-0299,2026-06-28,HIGH_INTENSITY_OPERATION,3,4.58
INC-0300-004,P-0300,2026-01-04,HIGH_INTENSITY_OPERATION,3,5.0
INC-0300-054,P-0300,2026-02-23,EXTENDED_OPERATION,3,4.78
INC-0300-082,P-0300,2026-03-23,ROUTINE_OPERATION,5,6.83
INC-0300-152,P-0300,2026-06-01,EMERGENCY_RESPONSE,2,4.82
INC-0301-048,P-0301,2026-02-17,ROUTINE_OPERATION,1,2.38
INC-0301-089,P-0301,2026-03-30,EXTENDED_OPERATION,4,5.37
INC-0301-118,P-0301,2026-04-28,EMERGENCY_RESPONSE,1,2.35
INC-0301-123,P-0301,2026-05-03,ROUTINE_OPERATION,4,6.28
INC-0301-126,P-0301,2026-05-06,ROUTINE_OPERATION,3,4.66
INC-0301-144,P-0301,2026-05-24,EMERGENCY_RESPONSE,2,4.07
INC-0301-153,P-0301,2026-06-02,EXTENDED_OPERATION,2,3.73
INC-0302-049,P-0302,2026-02-18,EMERGENCY_RESPONSE,2,3.44
INC-0302-068,P-0302,2026-03-09,HIGH_INTENSITY_OPERATION,5,5.77
INC-0302-072,P-0302,2026-03-13,EMERGENCY_RESPONSE,2,3.79
INC-0302-073,P-0302,2026-03-14,HIGH_INTENSITY_OPERATION,2,4.27
INC-0302-080,P-0302,2026-03-21,EMERGENCY_RESPONSE,4,4.26
INC-0302-087,P-0302,2026-03-28,EXTENDED_OPERATION,3,4.98
INC-0302-108,P-0302,2026-04-18,ROUTINE_OPERATION,4,4.8
INC-0302-130,P-0302,2026-05-10,HIGH_INTENSITY_OPERATION,3,4.33
INC-0302-146,P-0302,2026-05-26,ROUTINE_OPERATION,3,3.84
INC-0302-148,P-0302,2026-05-28,EXTENDED_OPERATION,5,5.86
INC-0302-160,P-0302,2026-06-09,EMERGENCY_RESPONSE,5,6.16
INC-0302-180,P-0302,2026-06-29,ROUTINE_OPERATION,4,5.53
INC-0303-023,P-0303,2026-01-23,HIGH_INTENSITY_OPERATION,4,5.41
INC-0303-036,P-0303,2026-02-05,EMERGENCY_RESPONSE,2,3.55
INC-0303-055,P-0303,2026-02-24,HIGH_INTENSITY_OPERATION,5,5.23
INC-0303-057,P-0303,2026-02-26,ROUTINE_OPERATION,4,4.74
INC-0303-072,P-0303,2026-03-13,ROUTINE_OPERATION,4,4.26
INC-0303-078,P-0303,2026-03-19,ROUTINE_OPERATION,3,3.45
INC-0303-093,P-0303,2026-04-03,HIGH_INTENSITY_OPERATION,5,5.66
INC-0303-101,P-0303,2026-04-11,HIGH_INTENSITY_OPERATION,3,4.21
INC-0303-103,P-0303,2026-04-13,HIGH_INTENSITY_OPERATION,3,5.38
INC-0303-128,P-0303,2026-05-08,EXTENDED_OPERATION,5,6.06
INC-0303-140,P-0303,2026-05-20,HIGH_INTENSITY_OPERATION,4,5.43
INC-0304-004,P-0304,2026-01-04,EMERGENCY_RESPONSE,4,4.89
INC-0304-018,P-0304,2026-01-18,ROUTINE_OPERATION,3,3.81
INC-0304-030,P-0304,2026-01-30,ROUTINE_OPERATION,5,5.0
INC-0304-045,P-0304,2026-02-14,HIGH_INTENSITY_OPERATION,5,6.71
INC-0304-051,P-0304,2026-02-20,HIGH_INTENSITY_OPERATION,5,6.63
INC-0304-057,P-0304,2026-02-26,ROUTINE_OPERATION,3,4.16
INC-0304-101,P-0304,2026-04-11,EMERGENCY_RESPONSE,4,4.74
INC-0304-155,P-0304,2026-06-04,EMERGENCY_RESPONSE,5,5.67
INC-0304-165,P-0304,2026-06-14,HIGH_INTENSITY_OPERATION,5,5.88
INC-0304-178,P-0304,2026-06-27,HIGH_INTENSITY_OPERATION,4,4.77
INC-0305-122,P-0305,2026-05-02,ROUTINE_OPERATION,5,7.07
INC-0305-134,P-0305,2026-05-14,HIGH_INTENSITY_OPERATION,4,5.8
INC-0306-041,P-0306,2026-02-10,ROUTINE_OPERATION,4,4.99
INC-0306-061,P-0306,2026-03-02,HIGH_INTENSITY_OPERATION,5,5.26
INC-0306-113,P-0306,2026-04-23,EXTENDED_OPERATION,4,4.22
INC-0307-002,P-0307,2026-01-02,ROUTINE_OPERATION,4,5.27
INC-0307-011,P-0307,2026-01-11,EMERGENCY_RESPONSE,5,5.53
INC-0307-017,P-0307,2026-01-17,ROUTINE_OPERATION,5,5.74
INC-0307-019,P-0307,2026-01-19,HIGH_INTENSITY_OPERATION,5,6.8
INC-0307-021,P-0307,2026-01-21,ROUTINE_OPERATION,5,6.16
INC-0307-028,P-0307,2026-01-28,HIGH_INTENSITY_OPERATION,5,6.18
INC-0307-048,P-0307,2026-02-17,EMERGENCY_RESPONSE,4,5.82
INC-0307-049,P-0307,2026-02-18,HIGH_INTENSITY_OPERATION,4,5.81
INC-0307-054,P-0307,2026-02-23,ROUTINE_OPERATION,5,6.32
INC-0307-077,P-0307,2026-03-18,HIGH_INTENSITY_OPERATION,5,6.47
INC-0307-110,P-0307,2026-04-20,HIGH_INTENSITY_OPERATION,4,5.9
INC-0307-159,P-0307,2026-06-08,ROUTINE_OPERATION,5,6.5
INC-0307-162,P-0307,2026-06-11,HIGH_INTENSITY_OPERATION,5,6.4
INC-0307-169,P-0307,2026-06-18,HIGH_INTENSITY_OPERATION,5,7.02
INC-0307-174,P-0307,2026-06-23,ROUTINE_OPERATION,4,4.47
INC-0307-179,P-0307,2026-06-28,ROUTINE_OPERATION,4,4.67
INC-0308-004,P-0308,2026-01-04,EMERGENCY_RESPONSE,5,6.81
INC-0308-031,P-0308,2026-01-31,HIGH_INTENSITY_OPERATION,5,6.6
INC-0308-044,P-0308,2026-02-13,HIGH_INTENSITY_OPERATION,4,5.05
INC-0308-045,P-0308,2026-02-14,HIGH_INTENSITY_OPERATION,4,6.1
INC-0308-052,P-0308,2026-02-21,HIGH_INTENSITY_OPERATION,4,4.95
INC-0308-069,P-0308,2026-03-10,ROUTINE_OPERATION,2,4.14
INC-0308-109,P-0308,2026-04-19,ROUTINE_OPERATION,5,6.23
INC-0308-149,P-0308,2026-05-29,HIGH_INTENSITY_OPERATION,5,6.03
INC-0308-157,P-0308,2026-06-06,HIGH_INTENSITY_OPERATION,5,5.22
INC-0308-158,P-0308,2026-06-07,ROUTINE_OPERATION,4,6.09
INC-0309-061,P-0309,2026-03-02,ROUTINE_OPERATION,2,2.61
INC-0309-144,P-0309,2026-05-24,EMERGENCY_RESPONSE,5,6.61
INC-0309-176,P-0309,2026-06-25,HIGH_INTENSITY_OPERATION,3,4.71
INC-0310-001,P-0310,2026-01-01,ROUTINE_OPERATION,2,2.64
INC-0310-023,P-0310,2026-01-23,ROUTINE_OPERATION,4,4.38
INC-0310-030,P-0310,2026-01-30,HIGH_INTENSITY_OPERATION,5,5.79
INC-0310-047,P-0310,2026-02-16,ROUTINE_OPERATION,3,4.35
INC-0310-049,P-0310,2026-02-18,ROUTINE_OPERATION,4,6.18
INC-0310-076,P-0310,2026-03-17,ROUTINE_OPERATION,4,5.42
INC-0310-085,P-0310,2026-03-26,EMERGENCY_RESPONSE,5,5.03
INC-0310-106,P-0310,2026-04-16,EMERGENCY_RESPONSE,4,6.06
INC-0310-120,P-0310,2026-04-30,HIGH_INTENSITY_OPERATION,4,4.93
INC-0310-136,P-0310,2026-05-16,ROUTINE_OPERATION,1,2.99
INC-0311-030,P-0311,2026-01-30,ROUTINE_OPERATION,2,3.4
INC-0311-045,P-0311,2026-02-14,ROUTINE_OPERATION,3,4.37
INC-0311-088,P-0311,2026-03-29,EXTENDED_OPERATION,1,2.61
INC-0311-096,P-0311,2026-04-06,EXTENDED_OPERATION,2,3.06
INC-0311-120,P-0311,2026-04-30,HIGH_INTENSITY_OPERATION,4,5.37
INC-0311-159,P-0311,2026-06-08,EMERGENCY_RESPONSE,4,5.56
INC-0312-003,P-0312,2026-01-03,HIGH_INTENSITY_OPERATION,4,5.35
INC-0312-015,P-0312,2026-01-15,HIGH_INTENSITY_OPERATION,5,5.66
INC-0312-017,P-0312,2026-01-17,EMERGENCY_RESPONSE,5,5.82
INC-0312-053,P-0312,2026-02-22,ROUTINE_OPERATION,5,5.62
INC-0312-067,P-0312,2026-03-08,EMERGENCY_RESPONSE,5,6.75
INC-0312-074,P-0312,2026-03-15,EXTENDED_OPERATION,5,6.5
INC-0312-093,P-0312,2026-04-03,ROUTINE_OPERATION,3,5.24
INC-0312-098,P-0312,2026-04-08,HIGH_INTENSITY_OPERATION,5,4.92
INC-0312-113,P-0312,2026-04-23,ROUTINE_OPERATION,4,5.49
INC-0312-164,P-0312,2026-06-13,HIGH_INTENSITY_OPERATION,4,5.3
INC-0312-169,P-0312,2026-06-18,ROUTINE_OPERATION,1,2.93
INC-0313-018,P-0313,2026-01-18,ROUTINE_OPERATION,2,4.07
INC-0314-041,P-0314,2026-02-10,EMERGENCY_RESPONSE,4,5.0
INC-0314-074,P-0314,2026-03-15,EXTENDED_OPERATION,5,6.2
INC-0314-088,P-0314,2026-03-29,EMERGENCY_RESPONSE,5,5.56
INC-0314-146,P-0314,2026-05-26,ROUTINE_OPERATION,5,6.01
INC-0315-006,P-0315,2026-01-06,ROUTINE_OPERATION,5,6.06
INC-0315-015,P-0315,2026-01-15,HIGH_INTENSITY_OPERATION,5,5.68
INC-0315-024,P-0315,2026-01-24,HIGH_INTENSITY_OPERATION,5,5.93
INC-0315-025,P-0315,2026-01-25,EMERGENCY_RESPONSE,3,4.47
INC-0315-054,P-0315,2026-02-23,HIGH_INTENSITY_OPERATION,5,6.6
INC-0315-060,P-0315,2026-03-01,EXTENDED_OPERATION,3,4.35
INC-0315-061,P-0315,2026-03-02,HIGH_INTENSITY_OPERATION,5,5.85
INC-0315-082,P-0315,2026-03-23,EMERGENCY_RESPONSE,4,5.69
INC-0315-084,P-0315,2026-03-25,EXTENDED_OPERATION,5,6.5
INC-0315-088,P-0315,2026-03-29,ROUTINE_OPERATION,5,5.95
INC-0315-092,P-0315,2026-04-02,HIGH_INTENSITY_OPERATION,5,6.17
INC-0315-139,P-0315,2026-05-19,EXTENDED_OPERATION,3,3.53
INC-0315-155,P-0315,2026-06-04,EXTENDED_OPERATION,4,4.51
INC-0315-161,P-0315,2026-06-10,EMERGENCY_RESPONSE,5,6.38
INC-0315-169,P-0315,2026-06-18,EMERGENCY_RESPONSE,5,7.23
INC-0315-171,P-0315,2026-06-20,EMERGENCY_RESPONSE,5,5.83
INC-0315-179,P-0315,2026-06-28,ROUTINE_OPERATION,5,5.87
INC-0316-005,P-0316,2026-01-05,HIGH_INTENSITY_OPERATION,3,5.16
INC-0316-015,P-0316,2026-01-15,EMERGENCY_RESPONSE,4,4.93
INC-0316-098,P-0316,2026-04-08,ROUTINE_OPERATION,4,6.12
INC-0316-140,P-0316,2026-05-20,EMERGENCY_RESPONSE,5,6.05
INC-0316-157,P-0316,2026-06-06,HIGH_INTENSITY_OPERATION,3,4.75
INC-0317-142,P-0317,2026-05-22,ROUTINE_OPERATION,1,2.33
INC-0317-161,P-0317,2026-06-10,HIGH_INTENSITY_OPERATION,5,6.73
INC-0318-052,P-0318,2026-02-21,EXTENDED_OPERATION,2,3.28
INC-0318-089,P-0318,2026-03-30,HIGH_INTENSITY_OPERATION,1,2.4
INC-0318-092,P-0318,2026-04-02,ROUTINE_OPERATION,5,6.65
INC-0318-113,P-0318,2026-04-23,EXTENDED_OPERATION,3,3.89
INC-0318-116,P-0318,2026-04-26,HIGH_INTENSITY_OPERATION,3,4.17
INC-0319-044,P-0319,2026-02-13,HIGH_INTENSITY_OPERATION,5,7.13
INC-0319-055,P-0319,2026-02-24,HIGH_INTENSITY_OPERATION,5,5.95
INC-0319-072,P-0319,2026-03-13,HIGH_INTENSITY_OPERATION,3,3.78
INC-0319-075,P-0319,2026-03-16,ROUTINE_OPERATION,4,5.06
INC-0319-085,P-0319,2026-03-26,HIGH_INTENSITY_OPERATION,5,5.44
INC-0319-100,P-0319,2026-04-10,EMERGENCY_RESPONSE,3,4.27
INC-0319-120,P-0319,2026-04-30,ROUTINE_OPERATION,3,4.28
INC-0319-124,P-0319,2026-05-04,HIGH_INTENSITY_OPERATION,2,3.56
INC-0319-153,P-0319,2026-06-02,EXTENDED_OPERATION,3,4.2
INC-0319-156,P-0319,2026-06-05,HIGH_INTENSITY_OPERATION,5,5.69
INC-0319-167,P-0319,2026-06-16,HIGH_INTENSITY_OPERATION,5,6.08
INC-0319-174,P-0319,2026-06-23,ROUTINE_OPERATION,4,4.77
INC-0320-002,P-0320,2026-01-02,ROUTINE_OPERATION,3,3.97
INC-0320-048,P-0320,2026-02-17,EMERGENCY_RESPONSE,4,4.73
INC-0320-054,P-0320,2026-02-23,EMERGENCY_RESPONSE,3,3.72
INC-0320-061,P-0320,2026-03-02,HIGH_INTENSITY_OPERATION,5,6.27
INC-0320-062,P-0320,2026-03-03,EXTENDED_OPERATION,5,5.12
INC-0320-094,P-0320,2026-04-04,HIGH_INTENSITY_OPERATION,5,6.2
INC-0320-129,P-0320,2026-05-09,EMERGENCY_RESPONSE,5,6.34
INC-0320-154,P-0320,2026-06-03,ROUTINE_OPERATION,3,4.09
INC-0321-009,P-0321,2026-01-09,ROUTINE_OPERATION,4,5.61
INC-0321-033,P-0321,2026-02-02,EMERGENCY_RESPONSE,2,3.77
INC-0321-047,P-0321,2026-02-16,HIGH_INTENSITY_OPERATION,3,4.5
INC-0321-093,P-0321,2026-04-03,EMERGENCY_RESPONSE,5,5.37
INC-0321-125,P-0321,2026-05-05,ROUTINE_OPERATION,4,4.91
INC-0321-141,P-0321,2026-05-21,HIGH_INTENSITY_OPERATION,3,3.61
INC-0321-173,P-0321,2026-06-22,ROUTINE_OPERATION,4,4.8
INC-0322-016,P-0322,2026-01-16,HIGH_INTENSITY_OPERATION,4,4.52
INC-0322-057,P-0322,2026-02-26,ROUTINE_OPERATION,3,4.98
INC-0322-064,P-0322,2026-03-05,EMERGENCY_RESPONSE,4,4.67
INC-0322-090,P-0322,2026-03-31,ROUTINE_OPERATION,3,4.53
INC-0322-154,P-0322,2026-06-03,HIGH_INTENSITY_OPERATION,4,5.06
INC-0322-165,P-0322,2026-06-14,HIGH_INTENSITY_OPERATION,5,5.87
INC-0322-175,P-0322,2026-06-24,ROUTINE_OPERATION,4,5.51
INC-0323-025,P-0323,2026-01-25,EMERGENCY_RESPONSE,4,4.93
INC-0323-037,P-0323,2026-02-06,HIGH_INTENSITY_OPERATION,4,3.88
INC-0323-093,P-0323,2026-04-03,HIGH_INTENSITY_OPERATION,3,4.46
INC-0323-145,P-0323,2026-05-25,EMERGENCY_RESPONSE,5,5.81
INC-0323-152,P-0323,2026-06-01,HIGH_INTENSITY_OPERATION,2,4.21
INC-0324-029,P-0324,2026-01-29,ROUTINE_OPERATION,2,3.84
INC-0324-030,P-0324,2026-01-30,ROUTINE_OPERATION,2,3.05
INC-0324-031,P-0324,2026-01-31,EXTENDED_OPERATION,4,5.54
INC-0324-035,P-0324,2026-02-04,EMERGENCY_RESPONSE,4,4.75
INC-0324-112,P-0324,2026-04-22,EMERGENCY_RESPONSE,3,5.2
INC-0324-123,P-0324,2026-05-03,ROUTINE_OPERATION,4,5.01
INC-0324-145,P-0324,2026-05-25,EXTENDED_OPERATION,4,4.51
INC-0324-148,P-0324,2026-05-28,ROUTINE_OPERATION,3,4.64
INC-0324-150,P-0324,2026-05-30,ROUTINE_OPERATION,5,6.48
INC-0324-158,P-0324,2026-06-07,ROUTINE_OPERATION,3,3.79
INC-0324-164,P-0324,2026-06-13,ROUTINE_OPERATION,5,6.84
INC-0324-173,P-0324,2026-06-22,ROUTINE_OPERATION,4,4.66
INC-0325-050,P-0325,2026-02-19,ROUTINE_OPERATION,2,3.39
INC-0325-108,P-0325,2026-04-18,EMERGENCY_RESPONSE,4,5.36
INC-0325-143,P-0325,2026-05-23,HIGH_INTENSITY_OPERATION,5,5.74
INC-0326-001,P-0326,2026-01-01,EXTENDED_OPERATION,5,5.33
INC-0326-018,P-0326,2026-01-18,ROUTINE_OPERATION,3,3.96
INC-0326-083,P-0326,2026-03-24,EXTENDED_OPERATION,2,4.21
INC-0326-088,P-0326,2026-03-29,HIGH_INTENSITY_OPERATION,4,4.58
INC-0326-092,P-0326,2026-04-02,ROUTINE_OPERATION,4,5.48
INC-0326-093,P-0326,2026-04-03,HIGH_INTENSITY_OPERATION,5,6.21
INC-0326-094,P-0326,2026-04-04,ROUTINE_OPERATION,4,5.38
INC-0326-099,P-0326,2026-04-09,ROUTINE_OPERATION,5,5.01
INC-0326-109,P-0326,2026-04-19,HIGH_INTENSITY_OPERATION,4,4.67
INC-0326-129,P-0326,2026-05-09,HIGH_INTENSITY_OPERATION,5,6.7
INC-0326-133,P-0326,2026-05-13,EMERGENCY_RESPONSE,4,4.45
INC-0326-134,P-0326,2026-05-14,EMERGENCY_RESPONSE,5,6.59
INC-0326-148,P-0326,2026-05-28,ROUTINE_OPERATION,4,5.18
INC-0326-164,P-0326,2026-06-13,EMERGENCY_RESPONSE,4,4.64
INC-0326-169,P-0326,2026-06-18,HIGH_INTENSITY_OPERATION,5,5.15
INC-0327-008,P-0327,2026-01-08,ROUTINE_OPERATION,5,7.26
INC-0327-028,P-0327,2026-01-28,EMERGENCY_RESPONSE,4,6.14
INC-0327-032,P-0327,2026-02-01,EMERGENCY_RESPONSE,5,5.96
INC-0327-036,P-0327,2026-02-05,ROUTINE_OPERATION,5,6.17
INC-0327-047,P-0327,2026-02-16,ROUTINE_OPERATION,3,3.8
INC-0327-059,P-0327,2026-02-28,ROUTINE_OPERATION,4,5.76
INC-0327-061,P-0327,2026-03-02,EXTENDED_OPERATION,4,5.26
INC-0327-077,P-0327,2026-03-18,HIGH_INTENSITY_OPERATION,3,4.36
INC-0327-082,P-0327,2026-03-23,ROUTINE_OPERATION,3,4.4
INC-0327-096,P-0327,2026-04-06,ROUTINE_OPERATION,2,2.78
INC-0327-106,P-0327,2026-04-16,EMERGENCY_RESPONSE,5,5.63
INC-0327-119,P-0327,2026-04-29,EMERGENCY_RESPONSE,4,4.67
INC-0327-123,P-0327,2026-05-03,EXTENDED_OPERATION,4,5.64
INC-0327-167,P-0327,2026-06-16,HIGH_INTENSITY_OPERATION,2,3.92
INC-0327-177,P-0327,2026-06-26,EMERGENCY_RESPONSE,5,6.63
INC-0328-031,P-0328,2026-01-31,EMERGENCY_RESPONSE,4,4.73
INC-0328-032,P-0328,2026-02-01,ROUTINE_OPERATION,5,5.66
INC-0328-033,P-0328,2026-02-02,EMERGENCY_RESPONSE,4,6.31
INC-0328-045,P-0328,2026-02-14,ROUTINE_OPERATION,4,5.78
INC-0328-167,P-0328,2026-06-16,EXTENDED_OPERATION,2,4.11
INC-0329-024,P-0329,2026-01-24,ROUTINE_OPERATION,5,6.46
INC-0329-073,P-0329,2026-03-14,HIGH_INTENSITY_OPERATION,5,5.41
INC-0329-075,P-0329,2026-03-16,EMERGENCY_RESPONSE,5,6.03
INC-0329-110,P-0329,2026-04-20,EXTENDED_OPERATION,4,5.84
INC-0329-120,P-0329,2026-04-30,HIGH_INTENSITY_OPERATION,5,6.88
INC-0329-172,P-0329,2026-06-21,EMERGENCY_RESPONSE,5,6.97
INC-0330-078,P-0330,2026-03-19,HIGH_INTENSITY_OPERATION,5,5.11
INC-0330-092,P-0330,2026-04-02,HIGH_INTENSITY_OPERATION,4,4.94
INC-0330-124,P-0330,2026-05-04,HIGH_INTENSITY_OPERATION,5,6.51
INC-0330-127,P-0330,2026-05-07,EXTENDED_OPERATION,4,5.47
INC-0330-177,P-0330,2026-06-26,EMERGENCY_RESPONSE,3,5.54
INC-0330-178,P-0330,2026-06-27,HIGH_INTENSITY_OPERATION,5,5.1
INC-0331-031,P-0331,2026-01-31,EMERGENCY_RESPONSE,4,4.69
INC-0331-076,P-0331,2026-03-17,ROUTINE_OPERATION,4,5.74
INC-0331-083,P-0331,2026-03-24,ROUTINE_OPERATION,5,6.36
INC-0331-166,P-0331,2026-06-15,ROUTINE_OPERATION,3,4.51
INC-0331-167,P-0331,2026-06-16,ROUTINE_OPERATION,2,3.23
INC-0332-004,P-0332,2026-01-04,EXTENDED_OPERATION,5,5.91
INC-0332-178,P-0332,2026-06-27,EMERGENCY_RESPONSE,1,2.57
INC-0333-026,P-0333,2026-01-26,EXTENDED_OPERATION,3,4.17
INC-0333-048,P-0333,2026-02-17,EXTENDED_OPERATION,1,2.93
INC-0333-055,P-0333,2026-02-24,EMERGENCY_RESPONSE,4,4.68
INC-0333-124,P-0333,2026-05-04,ROUTINE_OPERATION,2,3.11
INC-0333-134,P-0333,2026-05-14,HIGH_INTENSITY_OPERATION,1,4.0
INC-0333-175,P-0333,2026-06-24,HIGH_INTENSITY_OPERATION,3,3.61
INC-0334-041,P-0334,2026-02-10,ROUTINE_OPERATION,5,6.59
INC-0334-043,P-0334,2026-02-12,HIGH_INTENSITY_OPERATION,3,3.51
INC-0334-049,P-0334,2026-02-18,EXTENDED_OPERATION,5,6.3
INC-0334-083,P-0334,2026-03-24,ROUTINE_OPERATION,4,5.68
INC-0334-090,P-0334,2026-03-31,ROUTINE_OPERATION,2,3.63
INC-0334-092,P-0334,2026-04-02,ROUTINE_OPERATION,5,6.53
INC-0334-138,P-0334,2026-05-18,ROUTINE_OPERATION,3,4.86
INC-0334-178,P-0334,2026-06-27,ROUTINE_OPERATION,4,4.62
INC-0335-025,P-0335,2026-01-25,ROUTINE_OPERATION,2,3.86
INC-0335-075,P-0335,2026-03-16,EMERGENCY_RESPONSE,5,5.57
INC-0335-114,P-0335,2026-04-24,HIGH_INTENSITY_OPERATION,4,4.33
INC-0335-144,P-0335,2026-05-24,ROUTINE_OPERATION,4,5.25
INC-0336-008,P-0336,2026-01-08,HIGH_INTENSITY_OPERATION,5,6.15
INC-0336-010,P-0336,2026-01-10,HIGH_INTENSITY_OPERATION,2,3.44
INC-0336-014,P-0336,2026-01-14,HIGH_INTENSITY_OPERATION,4,4.62
INC-0336-029,P-0336,2026-01-29,EMERGENCY_RESPONSE,5,6.33
INC-0336-031,P-0336,2026-01-31,ROUTINE_OPERATION,5,5.08
INC-0336-038,P-0336,2026-02-07,HIGH_INTENSITY_OPERATION,5,5.41
INC-0336-046,P-0336,2026-02-15,EMERGENCY_RESPONSE,2,4.37
INC-0336-060,P-0336,2026-03-01,HIGH_INTENSITY_OPERATION,4,3.81
INC-0336-078,P-0336,2026-03-19,HIGH_INTENSITY_OPERATION,5,5.57
INC-0336-091,P-0336,2026-04-01,EXTENDED_OPERATION,4,5.42
INC-0336-141,P-0336,2026-05-21,ROUTINE_OPERATION,2,4.04
INC-0336-164,P-0336,2026-06-13,EMERGENCY_RESPONSE,5,6.43
INC-0336-165,P-0336,2026-06-14,ROUTINE_OPERATION,4,4.34
INC-0336-166,P-0336,2026-06-15,ROUTINE_OPERATION,3,5.09
INC-0336-171,P-0336,2026-06-20,ROUTINE_OPERATION,1,3.03
INC-0336-180,P-0336,2026-06-29,EXTENDED_OPERATION,4,4.64
INC-0337-007,P-0337,2026-01-07,ROUTINE_OPERATION,5,6.65
INC-0337-011,P-0337,2026-01-11,ROUTINE_OPERATION,5,6.18
INC-0337-019,P-0337,2026-01-19,EMERGENCY_RESPONSE,3,3.92
INC-0337-020,P-0337,2026-01-20,ROUTINE_OPERATION,5,6.06
INC-0337-054,P-0337,2026-02-23,ROUTINE_OPERATION,4,6.2
INC-0337-114,P-0337,2026-04-24,HIGH_INTENSITY_OPERATION,2,3.4
INC-0337-129,P-0337,2026-05-09,HIGH_INTENSITY_OPERATION,3,4.34
INC-0337-163,P-0337,2026-06-12,HIGH_INTENSITY_OPERATION,3,5.26
INC-0337-168,P-0337,2026-06-17,HIGH_INTENSITY_OPERATION,3,4.09
INC-0338-016,P-0338,2026-01-16,EMERGENCY_RESPONSE,3,5.74
INC-0338-043,P-0338,2026-02-12,EMERGENCY_RESPONSE,4,5.95
INC-0338-049,P-0338,2026-02-18,ROUTINE_OPERATION,3,5.28
INC-0338-052,P-0338,2026-02-21,HIGH_INTENSITY_OPERATION,2,4.22
INC-0338-064,P-0338,2026-03-05,ROUTINE_OPERATION,2,4.15
INC-0338-098,P-0338,2026-04-08,HIGH_INTENSITY_OPERATION,4,4.53
INC-0338-105,P-0338,2026-04-15,EXTENDED_OPERATION,4,4.56
INC-0338-107,P-0338,2026-04-17,EMERGENCY_RESPONSE,4,5.22
INC-0338-108,P-0338,2026-04-18,EMERGENCY_RESPONSE,5,5.01
INC-0338-130,P-0338,2026-05-10,HIGH_INTENSITY_OPERATION,5,5.62
INC-0338-131,P-0338,2026-05-11,EXTENDED_OPERATION,4,4.78
INC-0338-138,P-0338,2026-05-18,HIGH_INTENSITY_OPERATION,5,6.07
INC-0338-141,P-0338,2026-05-21,HIGH_INTENSITY_OPERATION,5,5.43
INC-0338-161,P-0338,2026-06-10,EMERGENCY_RESPONSE,4,5.56
INC-0338-162,P-0338,2026-06-11,HIGH_INTENSITY_OPERATION,5,5.1
INC-0339-002,P-0339,2026-01-02,ROUTINE_OPERATION,2,4.09
INC-0339-017,P-0339,2026-01-17,HIGH_INTENSITY_OPERATION,4,4.53
INC-0339-052,P-0339,2026-02-21,EMERGENCY_RESPONSE,3,4.75
INC-0339-072,P-0339,2026-03-13,EMERGENCY_RESPONSE,3,4.03
INC-0339-087,P-0339,2026-03-28,EMERGENCY_RESPONSE,5,5.32
INC-0339-131,P-0339,2026-05-11,ROUTINE_OPERATION,5,6.65
INC-0339-142,P-0339,2026-05-22,EMERGENCY_RESPONSE,4,5.66
INC-0339-180,P-0339,2026-06-29,ROUTINE_OPERATION,3,4.07
INC-0340-013,P-0340,2026-01-13,HIGH_INTENSITY_OPERATION,5,6.53
INC-0340-021,P-0340,2026-01-21,HIGH_INTENSITY_OPERATION,5,6.31
INC-0340-052,P-0340,2026-02-21,ROUTINE_OPERATION,4,4.68
INC-0340-063,P-0340,2026-03-04,EMERGENCY_RESPONSE,5,5.88
INC-0340-073,P-0340,2026-03-14,HIGH_INTENSITY_OPERATION,3,4.62
INC-0340-076,P-0340,2026-03-17,EMERGENCY_RESPONSE,5,6.06
INC-0340-106,P-0340,2026-04-16,EXTENDED_OPERATION,3,4.77
INC-0340-114,P-0340,2026-04-24,HIGH_INTENSITY_OPERATION,5,4.76
INC-0340-140,P-0340,2026-05-20,ROUTINE_OPERATION,5,5.25
INC-0340-147,P-0340,2026-05-27,EMERGENCY_RESPONSE,5,6.1
INC-0340-148,P-0340,2026-05-28,EXTENDED_OPERATION,3,5.21
INC-0340-169,P-0340,2026-06-18,HIGH_INTENSITY_OPERATION,4,4.22
INC-0340-170,P-0340,2026-06-19,ROUTINE_OPERATION,3,4.58
INC-0340-173,P-0340,2026-06-22,EMERGENCY_RESPONSE,5,5.83
INC-0341-008,P-0341,2026-01-08,EMERGENCY_RESPONSE,5,6.51
INC-0341-025,P-0341,2026-01-25,EMERGENCY_RESPONSE,2,3.0
INC-0341-058,P-0341,2026-02-27,HIGH_INTENSITY_OPERATION,4,5.08
INC-0341-060,P-0341,2026-03-01,HIGH_INTENSITY_OPERATION,4,4.9
INC-0341-072,P-0341,2026-03-13,EMERGENCY_RESPONSE,5,7.03
INC-0341-077,P-0341,2026-03-18,HIGH_INTENSITY_OPERATION,5,5.74
INC-0341-087,P-0341,2026-03-28,EMERGENCY_RESPONSE,4,4.92
INC-0341-115,P-0341,2026-04-25,HIGH_INTENSITY_OPERATION,5,5.51
INC-0341-121,P-0341,2026-05-01,ROUTINE_OPERATION,5,5.42
INC-0341-125,P-0341,2026-05-05,EMERGENCY_RESPONSE,5,6.13
INC-0341-135,P-0341,2026-05-15,EMERGENCY_RESPONSE,4,5.65
INC-0341-137,P-0341,2026-05-17,EXTENDED_OPERATION,4,5.27
INC-0341-152,P-0341,2026-06-01,HIGH_INTENSITY_OPERATION,4,4.06
INC-0341-179,P-0341,2026-06-28,HIGH_INTENSITY_OPERATION,4,5.05
INC-0342-001,P-0342,2026-01-01,HIGH_INTENSITY_OPERATION,5,6.68
INC-0342-002,P-0342,2026-01-02,ROUTINE_OPERATION,5,6.12
INC-0342-023,P-0342,2026-01-23,HIGH_INTENSITY_OPERATION,5,5.94
INC-0342-046,P-0342,2026-02-15,EMERGENCY_RESPONSE,4,4.59
INC-0342-083,P-0342,2026-03-24,HIGH_INTENSITY_OPERATION,5,6.72
INC-0342-086,P-0342,2026-03-27,HIGH_INTENSITY_OPERATION,5,6.21
INC-0342-093,P-0342,2026-04-03,EMERGENCY_RESPONSE,5,6.23
INC-0342-099,P-0342,2026-04-09,ROUTINE_OPERATION,5,6.41
INC-0342-124,P-0342,2026-05-04,ROUTINE_OPERATION,5,6.45
INC-0342-130,P-0342,2026-05-10,HIGH_INTENSITY_OPERATION,5,6.02
INC-0342-136,P-0342,2026-05-16,ROUTINE_OPERATION,5,6.15
INC-0342-148,P-0342,2026-05-28,EMERGENCY_RESPONSE,4,4.2
INC-0342-158,P-0342,2026-06-07,HIGH_INTENSITY_OPERATION,5,6.76
INC-0342-176,P-0342,2026-06-25,EMERGENCY_RESPONSE,5,6.21
INC-0342-179,P-0342,2026-06-28,HIGH_INTENSITY_OPERATION,5,6.52
INC-0342-180,P-0342,2026-06-29,HIGH_INTENSITY_OPERATION,5,5.36
INC-0343-041,P-0343,2026-02-10,ROUTINE_OPERATION,5,4.83
INC-0343-042,P-0343,2026-02-11,HIGH_INTENSITY_OPERATION,5,5.03
INC-0343-059,P-0343,2026-02-28,HIGH_INTENSITY_OPERATION,4,5.12
INC-0343-089,P-0343,2026-03-30,EXTENDED_OPERATION,4,5.11
INC-0343-099,P-0343,2026-04-09,ROUTINE_OPERATION,5,6.1
INC-0343-106,P-0343,2026-04-16,ROUTINE_OPERATION,3,5.03
INC-0343-124,P-0343,2026-05-04,ROUTINE_OPERATION,3,4.92
INC-0343-133,P-0343,2026-05-13,ROUTINE_OPERATION,3,5.36
INC-0343-147,P-0343,2026-05-27,ROUTINE_OPERATION,3,4.38
INC-0343-148,P-0343,2026-05-28,ROUTINE_OPERATION,4,5.93
INC-0344-030,P-0344,2026-01-30,ROUTINE_OPERATION,4,6.11
INC-0344-032,P-0344,2026-02-01,EXTENDED_OPERATION,5,5.9
INC-0344-040,P-0344,2026-02-09,ROUTINE_OPERATION,1,3.52
INC-0344-041,P-0344,2026-02-10,HIGH_INTENSITY_OPERATION,5,5.59
INC-0344-042,P-0344,2026-02-11,ROUTINE_OPERATION,3,4.14
INC-0344-057,P-0344,2026-02-26,EXTENDED_OPERATION,5,4.94
INC-0344-075,P-0344,2026-03-16,ROUTINE_OPERATION,4,6.08
INC-0344-093,P-0344,2026-04-03,HIGH_INTENSITY_OPERATION,2,3.77
INC-0344-103,P-0344,2026-04-13,ROUTINE_OPERATION,5,7.02
INC-0344-106,P-0344,2026-04-16,EXTENDED_OPERATION,5,6.34
INC-0344-107,P-0344,2026-04-17,ROUTINE_OPERATION,5,6.03
INC-0344-108,P-0344,2026-04-18,HIGH_INTENSITY_OPERATION,5,5.72
INC-0344-112,P-0344,2026-04-22,HIGH_INTENSITY_OPERATION,4,5.32
INC-0344-119,P-0344,2026-04-29,HIGH_INTENSITY_OPERATION,2,3.48
INC-0344-121,P-0344,2026-05-01,ROUTINE_OPERATION,2,3.69
INC-0344-134,P-0344,2026-05-14,EMERGENCY_RESPONSE,4,4.51
INC-0344-136,P-0344,2026-05-16,ROUTINE_OPERATION,5,6.42
INC-0344-145,P-0344,2026-05-25,ROUTINE_OPERATION,3,6.72
INC-0344-147,P-0344,2026-05-27,ROUTINE_OPERATION,2,3.06
INC-0344-161,P-0344,2026-06-10,HIGH_INTENSITY_OPERATION,5,4.64
INC-0344-172,P-0344,2026-06-21,EXTENDED_OPERATION,5,6.31
INC-0345-011,P-0345,2026-01-11,EMERGENCY_RESPONSE,4,5.11
INC-0345-026,P-0345,2026-01-26,HIGH_INTENSITY_OPERATION,5,5.43
INC-0345-029,P-0345,2026-01-29,EXTENDED_OPERATION,4,5.68
INC-0345-036,P-0345,2026-02-05,HIGH_INTENSITY_OPERATION,3,3.81
INC-0345-105,P-0345,2026-04-15,HIGH_INTENSITY_OPERATION,4,5.13
INC-0345-115,P-0345,2026-04-25,HIGH_INTENSITY_OPERATION,5,7.24
INC-0345-118,P-0345,2026-04-28,ROUTINE_OPERATION,4,4.9
INC-0346-008,P-0346,2026-01-08,ROUTINE_OPERATION,2,4.38
INC-0346-013,P-0346,2026-01-13,EMERGENCY_RESPONSE,4,5.18
INC-0346-137,P-0346,2026-05-17,EXTENDED_OPERATION,2,4.69
INC-0346-151,P-0346,2026-05-31,ROUTINE_OPERATION,4,4.71
INC-0346-169,P-0346,2026-06-18,ROUTINE_OPERATION,5,7.17
INC-0347-036,P-0347,2026-02-05,EXTENDED_OPERATION,4,5.1
INC-0347-037,P-0347,2026-02-06,ROUTINE_OPERATION,3,4.82
INC-0347-058,P-0347,2026-02-27,HIGH_INTENSITY_OPERATION,5,5.68
INC-0347-128,P-0347,2026-05-08,ROUTINE_OPERATION,4,5.37
INC-0347-172,P-0347,2026-06-21,HIGH_INTENSITY_OPERATION,3,3.99
INC-0348-056,P-0348,2026-02-25,EXTENDED_OPERATION,3,4.08
INC-0348-110,P-0348,2026-04-20,EMERGENCY_RESPONSE,5,7.28
INC-0348-122,P-0348,2026-05-02,ROUTINE_OPERATION,2,3.24
INC-0348-176,P-0348,2026-06-25,ROUTINE_OPERATION,3,4.78
INC-0349-014,P-0349,2026-01-14,ROUTINE_OPERATION,2,4.03
INC-0350-021,P-0350,2026-01-21,EMERGENCY_RESPONSE,4,5.07
INC-0350-023,P-0350,2026-01-23,HIGH_INTENSITY_OPERATION,5,5.96
INC-0350-026,P-0350,2026-01-26,HIGH_INTENSITY_OPERATION,2,3.92
INC-0350-044,P-0350,2026-02-13,HIGH_INTENSITY_OPERATION,5,6.21
INC-0350-048,P-0350,2026-02-17,HIGH_INTENSITY_OPERATION,5,6.09
INC-0350-054,P-0350,2026-02-23,EXTENDED_OPERATION,5,5.86
INC-0350-064,P-0350,2026-03-05,EMERGENCY_RESPONSE,5,5.76
INC-0350-067,P-0350,2026-03-08,EXTENDED_OPERATION,3,4.29
INC-0350-091,P-0350,2026-04-01,EXTENDED_OPERATION,3,4.59
INC-0350-094,P-0350,2026-04-04,ROUTINE_OPERATION,5,5.6
INC-0350-101,P-0350,2026-04-11,ROUTINE_OPERATION,4,4.21
INC-0350-115,P-0350,2026-04-25,ROUTINE_OPERATION,4,4.01
INC-0350-145,P-0350,2026-05-25,EMERGENCY_RESPONSE,2,2.03
INC-0350-167,P-0350,2026-06-16,EMERGENCY_RESPONSE,3,4.14
INC-0351-092,P-0351,2026-04-02,ROUTINE_OPERATION,3,4.74
INC-0351-114,P-0351,2026-04-24,HIGH_INTENSITY_OPERATION,2,3.01
INC-0351-173,P-0351,2026-06-22,HIGH_INTENSITY_OPERATION,2,3.41
INC-0352-008,P-0352,2026-01-08,HIGH_INTENSITY_OPERATION,4,4.78
INC-0352-011,P-0352,2026-01-11,HIGH_INTENSITY_OPERATION,4,5.78
INC-0352-012,P-0352,2026-01-12,EMERGENCY_RESPONSE,4,5.32
INC-0352-014,P-0352,2026-01-14,EMERGENCY_RESPONSE,5,6.38
INC-0352-069,P-0352,2026-03-10,ROUTINE_OPERATION,3,4.42
INC-0352-070,P-0352,2026-03-11,EMERGENCY_RESPONSE,3,4.76
INC-0352-077,P-0352,2026-03-18,HIGH_INTENSITY_OPERATION,3,3.3
INC-0352-080,P-0352,2026-03-21,EMERGENCY_RESPONSE,5,6.82
INC-0352-086,P-0352,2026-03-27,ROUTINE_OPERATION,4,4.98
INC-0352-096,P-0352,2026-04-06,EMERGENCY_RESPONSE,5,5.62
INC-0352-102,P-0352,2026-04-12,HIGH_INTENSITY_OPERATION,4,5.39
INC-0352-120,P-0352,2026-04-30,ROUTINE_OPERATION,3,3.99
INC-0352-143,P-0352,2026-05-23,EMERGENCY_RESPONSE,5,5.55
INC-0352-160,P-0352,2026-06-09,HIGH_INTENSITY_OPERATION,3,3.54
INC-0352-170,P-0352,2026-06-19,HIGH_INTENSITY_OPERATION,3,4.27
INC-0353-046,P-0353,2026-02-15,EMERGENCY_RESPONSE,4,5.14
INC-0353-091,P-0353,2026-04-01,EMERGENCY_RESPONSE,5,6.24
INC-0353-096,P-0353,2026-04-06,EMERGENCY_RESPONSE,4,5.08
INC-0353-115,P-0353,2026-04-25,EMERGENCY_RESPONSE,3,5.32
INC-0353-176,P-0353,2026-06-25,ROUTINE_OPERATION,3,4.39
INC-0354-024,P-0354,2026-01-24,ROUTINE_OPERATION,3,3.19
INC-0354-035,P-0354,2026-02-04,EXTENDED_OPERATION,5,6.06
INC-0354-039,P-0354,2026-02-08,HIGH_INTENSITY_OPERATION,1,2.59
INC-0354-040,P-0354,2026-02-09,HIGH_INTENSITY_OPERATION,4,5.56
INC-0354-092,P-0354,2026-04-02,HIGH_INTENSITY_OPERATION,2,3.98
INC-0354-096,P-0354,2026-04-06,ROUTINE_OPERATION,3,4.36
INC-0354-101,P-0354,2026-04-11,EXTENDED_OPERATION,3,5.2
INC-0354-135,P-0354,2026-05-15,EXTENDED_OPERATION,4,5.97
INC-0355-020,P-0355,2026-01-20,HIGH_INTENSITY_OPERATION,5,5.65
INC-0355-043,P-0355,2026-02-12,ROUTINE_OPERATION,2,3.89
INC-0355-058,P-0355,2026-02-27,ROUTINE_OPERATION,4,5.45
INC-0355-103,P-0355,2026-04-13,EXTENDED_OPERATION,4,5.32
INC-0355-109,P-0355,2026-04-19,ROUTINE_OPERATION,5,5.66
INC-0355-128,P-0355,2026-05-08,EMERGENCY_RESPONSE,4,5.67
INC-0355-141,P-0355,2026-05-21,ROUTINE_OPERATION,3,4.21
INC-0355-154,P-0355,2026-06-03,EMERGENCY_RESPONSE,5,5.29
INC-0355-176,P-0355,2026-06-25,EMERGENCY_RESPONSE,3,4.57
INC-0355-177,P-0355,2026-06-26,HIGH_INTENSITY_OPERATION,5,5.61
INC-0356-028,P-0356,2026-01-28,EXTENDED_OPERATION,5,5.55
INC-0356-035,P-0356,2026-02-04,ROUTINE_OPERATION,4,5.32
INC-0356-043,P-0356,2026-02-12,EXTENDED_OPERATION,2,3.9
INC-0356-052,P-0356,2026-02-21,ROUTINE_OPERATION,5,5.03
INC-0356-072,P-0356,2026-03-13,HIGH_INTENSITY_OPERATION,3,4.83
INC-0356-079,P-0356,2026-03-20,HIGH_INTENSITY_OPERATION,3,4.03
INC-0356-096,P-0356,2026-04-06,ROUTINE_OPERATION,4,5.69
INC-0356-099,P-0356,2026-04-09,EMERGENCY_RESPONSE,4,5.57
INC-0356-112,P-0356,2026-04-22,EMERGENCY_RESPONSE,2,4.65
INC-0356-117,P-0356,2026-04-27,ROUTINE_OPERATION,5,4.93
INC-0356-129,P-0356,2026-05-09,HIGH_INTENSITY_OPERATION,5,6.11
INC-0356-139,P-0356,2026-05-19,HIGH_INTENSITY_OPERATION,5,5.66
INC-0356-142,P-0356,2026-05-22,EMERGENCY_RESPONSE,5,6.4
INC-0356-156,P-0356,2026-06-05,EMERGENCY_RESPONSE,5,6.44
INC-0356-172,P-0356,2026-06-21,ROUTINE_OPERATION,5,5.82
INC-0356-174,P-0356,2026-06-23,EXTENDED_OPERATION,3,4.0
INC-0357-045,P-0357,2026-02-14,ROUTINE_OPERATION,5,4.8
INC-0357-080,P-0357,2026-03-21,ROUTINE_OPERATION,1,2.61
INC-0357-085,P-0357,2026-03-26,EMERGENCY_RESPONSE,3,4.7
INC-0357-098,P-0357,2026-04-08,EMERGENCY_RESPONSE,3,5.4
INC-0357-138,P-0357,2026-05-18,EMERGENCY_RESPONSE,5,5.6
INC-0358-014,P-0358,2026-01-14,ROUTINE_OPERATION,2,3.87
INC-0358-102,P-0358,2026-04-12,EMERGENCY_RESPONSE,5,6.28
INC-0358-113,P-0358,2026-04-23,ROUTINE_OPERATION,4,4.81
INC-0358-171,P-0358,2026-06-20,ROUTINE_OPERATION,2,3.52
INC-0358-172,P-0358,2026-06-21,HIGH_INTENSITY_OPERATION,4,4.62
INC-0359-002,P-0359,2026-01-02,HIGH_INTENSITY_OPERATION,4,4.99
INC-0359-008,P-0359,2026-01-08,ROUTINE_OPERATION,2,3.88
INC-0359-014,P-0359,2026-01-14,ROUTINE_OPERATION,4,4.37
INC-0359-054,P-0359,2026-02-23,HIGH_INTENSITY_OPERATION,5,6.46
INC-0359-074,P-0359,2026-03-15,HIGH_INTENSITY_OPERATION,4,4.76
INC-0359-079,P-0359,2026-03-20,EMERGENCY_RESPONSE,4,5.8
INC-0359-085,P-0359,2026-03-26,HIGH_INTENSITY_OPERATION,5,6.31
INC-0359-086,P-0359,2026-03-27,ROUTINE_OPERATION,5,6.43
INC-0359-091,P-0359,2026-04-01,HIGH_INTENSITY_OPERATION,5,6.04
INC-0359-104,P-0359,2026-04-14,HIGH_INTENSITY_OPERATION,4,4.77
INC-0359-112,P-0359,2026-04-22,EXTENDED_OPERATION,5,6.52
INC-0359-121,P-0359,2026-05-01,EXTENDED_OPERATION,1,2.86
INC-0359-123,P-0359,2026-05-03,EMERGENCY_RESPONSE,4,4.65
INC-0359-127,P-0359,2026-05-07,HIGH_INTENSITY_OPERATION,4,4.9
INC-0359-131,P-0359,2026-05-11,ROUTINE_OPERATION,3,4.47
INC-0359-143,P-0359,2026-05-23,EMERGENCY_RESPONSE,5,6.02
INC-0360-033,P-0360,2026-02-02,ROUTINE_OPERATION,3,4.21
INC-0360-048,P-0360,2026-02-17,EMERGENCY_RESPONSE,5,6.44
INC-0360-060,P-0360,2026-03-01,ROUTINE_OPERATION,4,5.82
INC-0360-074,P-0360,2026-03-15,EXTENDED_OPERATION,4,5.98
INC-0360-115,P-0360,2026-04-25,HIGH_INTENSITY_OPERATION,3,4.6
INC-0360-123,P-0360,2026-05-03,ROUTINE_OPERATION,4,5.2
INC-0360-139,P-0360,2026-05-19,EMERGENCY_RESPONSE,3,4.92
INC-0360-140,P-0360,2026-05-20,EMERGENCY_RESPONSE,5,7.28
INC-0360-147,P-0360,2026-05-27,EMERGENCY_RESPONSE,5,5.98
INC-0360-178,P-0360,2026-06-27,EXTENDED_OPERATION,5,5.58
INC-0361-012,P-0361,2026-01-12,ROUTINE_OPERATION,3,4.49
INC-0361-017,P-0361,2026-01-17,ROUTINE_OPERATION,4,3.71
INC-0361-091,P-0361,2026-04-01,EMERGENCY_RESPONSE,5,5.17
INC-0361-092,P-0361,2026-04-02,HIGH_INTENSITY_OPERATION,5,6.13
INC-0361-143,P-0361,2026-05-23,ROUTINE_OPERATION,2,3.2
INC-0361-171,P-0361,2026-06-20,ROUTINE_OPERATION,2,3.57
INC-0362-003,P-0362,2026-01-03,EMERGENCY_RESPONSE,4,5.21
INC-0362-006,P-0362,2026-01-06,EMERGENCY_RESPONSE,5,4.48
INC-0362-012,P-0362,2026-01-12,HIGH_INTENSITY_OPERATION,5,4.89
INC-0362-051,P-0362,2026-02-20,ROUTINE_OPERATION,3,4.82
INC-0362-059,P-0362,2026-02-28,EXTENDED_OPERATION,4,5.2
INC-0362-069,P-0362,2026-03-10,EXTENDED_OPERATION,4,5.01
INC-0362-071,P-0362,2026-03-12,HIGH_INTENSITY_OPERATION,3,4.96
INC-0362-072,P-0362,2026-03-13,HIGH_INTENSITY_OPERATION,3,3.52
INC-0362-105,P-0362,2026-04-15,EMERGENCY_RESPONSE,4,6.4
INC-0362-116,P-0362,2026-04-26,HIGH_INTENSITY_OPERATION,4,5.45
INC-0362-127,P-0362,2026-05-07,EXTENDED_OPERATION,4,4.73
INC-0363-003,P-0363,2026-01-03,ROUTINE_OPERATION,4,5.06
INC-0363-004,P-0363,2026-01-04,ROUTINE_OPERATION,5,5.87
INC-0363-018,P-0363,2026-01-18,EMERGENCY_RESPONSE,5,4.97
INC-0363-048,P-0363,2026-02-17,EMERGENCY_RESPONSE,5,5.66
INC-0363-062,P-0363,2026-03-03,ROUTINE_OPERATION,3,4.76
INC-0363-076,P-0363,2026-03-17,ROUTINE_OPERATION,3,4.51
INC-0363-101,P-0363,2026-04-11,HIGH_INTENSITY_OPERATION,5,6.05
INC-0363-102,P-0363,2026-04-12,HIGH_INTENSITY_OPERATION,3,4.29
INC-0363-105,P-0363,2026-04-15,EXTENDED_OPERATION,5,6.08
INC-0363-111,P-0363,2026-04-21,HIGH_INTENSITY_OPERATION,5,6.97
INC-0363-121,P-0363,2026-05-01,EXTENDED_OPERATION,5,6.76
INC-0363-124,P-0363,2026-05-04,ROUTINE_OPERATION,2,4.99
INC-0363-135,P-0363,2026-05-15,ROUTINE_OPERATION,2,3.77
INC-0363-137,P-0363,2026-05-17,EMERGENCY_RESPONSE,5,5.43
INC-0363-140,P-0363,2026-05-20,EMERGENCY_RESPONSE,4,4.83
INC-0363-152,P-0363,2026-06-01,ROUTINE_OPERATION,4,5.56
INC-0363-175,P-0363,2026-06-24,EXTENDED_OPERATION,4,6.07
INC-0364-031,P-0364,2026-01-31,ROUTINE_OPERATION,2,4.07
INC-0364-053,P-0364,2026-02-22,EMERGENCY_RESPONSE,4,5.92
INC-0364-079,P-0364,2026-03-20,EMERGENCY_RESPONSE,5,6.36
INC-0364-118,P-0364,2026-04-28,HIGH_INTENSITY_OPERATION,3,3.99
INC-0364-152,P-0364,2026-06-01,HIGH_INTENSITY_OPERATION,3,4.57
INC-0365-004,P-0365,2026-01-04,ROUTINE_OPERATION,4,4.09
INC-0365-010,P-0365,2026-01-10,EXTENDED_OPERATION,4,5.75
INC-0365-011,P-0365,2026-01-11,EMERGENCY_RESPONSE,5,6.06
INC-0365-039,P-0365,2026-02-08,EXTENDED_OPERATION,5,5.29
INC-0365-047,P-0365,2026-02-16,EMERGENCY_RESPONSE,5,6.05
INC-0365-055,P-0365,2026-02-24,EXTENDED_OPERATION,5,5.9
INC-0365-065,P-0365,2026-03-06,ROUTINE_OPERATION,5,7.06
INC-0365-073,P-0365,2026-03-14,ROUTINE_OPERATION,5,5.2
INC-0365-074,P-0365,2026-03-15,HIGH_INTENSITY_OPERATION,5,5.97
INC-0365-087,P-0365,2026-03-28,HIGH_INTENSITY_OPERATION,5,7.94
INC-0365-098,P-0365,2026-04-08,HIGH_INTENSITY_OPERATION,5,6.1
INC-0365-113,P-0365,2026-04-23,EMERGENCY_RESPONSE,4,4.93
INC-0365-119,P-0365,2026-04-29,EXTENDED_OPERATION,5,4.3
INC-0365-127,P-0365,2026-05-07,EMERGENCY_RESPONSE,4,6.08
INC-0365-138,P-0365,2026-05-18,EXTENDED_OPERATION,5,6.12
INC-0365-143,P-0365,2026-05-23,EXTENDED_OPERATION,5,5.82
INC-0365-147,P-0365,2026-05-27,HIGH_INTENSITY_OPERATION,5,6.65
INC-0365-149,P-0365,2026-05-29,EXTENDED_OPERATION,5,6.23
INC-0365-157,P-0365,2026-06-06,ROUTINE_OPERATION,5,5.32
INC-0365-164,P-0365,2026-06-13,EXTENDED_OPERATION,5,6.21
INC-0365-180,P-0365,2026-06-29,ROUTINE_OPERATION,5,5.61
INC-0366-091,P-0366,2026-04-01,HIGH_INTENSITY_OPERATION,3,4.45
INC-0366-140,P-0366,2026-05-20,ROUTINE_OPERATION,3,4.7
INC-0367-010,P-0367,2026-01-10,EXTENDED_OPERATION,5,4.83
INC-0367-024,P-0367,2026-01-24,HIGH_INTENSITY_OPERATION,5,5.61
INC-0367-037,P-0367,2026-02-06,HIGH_INTENSITY_OPERATION,5,6.49
INC-0367-039,P-0367,2026-02-08,ROUTINE_OPERATION,5,4.73
INC-0367-047,P-0367,2026-02-16,ROUTINE_OPERATION,5,5.8
INC-0367-051,P-0367,2026-02-20,EXTENDED_OPERATION,5,5.9
INC-0367-058,P-0367,2026-02-27,ROUTINE_OPERATION,4,5.8
INC-0367-119,P-0367,2026-04-29,EMERGENCY_RESPONSE,3,3.88
INC-0367-120,P-0367,2026-04-30,EMERGENCY_RESPONSE,4,6.1
INC-0367-154,P-0367,2026-06-03,HIGH_INTENSITY_OPERATION,4,5.81
INC-0367-162,P-0367,2026-06-11,EXTENDED_OPERATION,5,5.51
INC-0367-165,P-0367,2026-06-14,EMERGENCY_RESPONSE,4,5.71
INC-0367-170,P-0367,2026-06-19,ROUTINE_OPERATION,4,4.73
INC-0368-007,P-0368,2026-01-07,EXTENDED_OPERATION,4,6.2
INC-0368-031,P-0368,2026-01-31,HIGH_INTENSITY_OPERATION,4,4.5
INC-0368-048,P-0368,2026-02-17,HIGH_INTENSITY_OPERATION,4,5.18
INC-0368-148,P-0368,2026-05-28,EMERGENCY_RESPONSE,4,5.47
INC-0368-158,P-0368,2026-06-07,ROUTINE_OPERATION,2,3.59
INC-0368-169,P-0368,2026-06-18,ROUTINE_OPERATION,3,4.1
INC-0369-009,P-0369,2026-01-09,HIGH_INTENSITY_OPERATION,4,5.04
INC-0369-064,P-0369,2026-03-05,EMERGENCY_RESPONSE,4,6.25
INC-0369-103,P-0369,2026-04-13,HIGH_INTENSITY_OPERATION,5,6.25
INC-0369-106,P-0369,2026-04-16,EXTENDED_OPERATION,5,6.3
INC-0369-126,P-0369,2026-05-06,ROUTINE_OPERATION,4,5.99
INC-0369-143,P-0369,2026-05-23,ROUTINE_OPERATION,3,5.21
INC-0369-173,P-0369,2026-06-22,ROUTINE_OPERATION,4,3.68
INC-0369-180,P-0369,2026-06-29,ROUTINE_OPERATION,3,4.14
INC-0370-015,P-0370,2026-01-15,HIGH_INTENSITY_OPERATION,3,4.23
INC-0370-020,P-0370,2026-01-20,ROUTINE_OPERATION,3,3.14
INC-0370-057,P-0370,2026-02-26,HIGH_INTENSITY_OPERATION,4,5.5
INC-0370-063,P-0370,2026-03-04,ROUTINE_OPERATION,3,3.2
INC-0370-064,P-0370,2026-03-05,ROUTINE_OPERATION,5,6.33
INC-0370-099,P-0370,2026-04-09,ROUTINE_OPERATION,3,3.51
INC-0370-102,P-0370,2026-04-12,ROUTINE_OPERATION,2,4.32
INC-0370-115,P-0370,2026-04-25,HIGH_INTENSITY_OPERATION,5,5.84
INC-0370-124,P-0370,2026-05-04,HIGH_INTENSITY_OPERATION,4,5.28
INC-0370-127,P-0370,2026-05-07,EMERGENCY_RESPONSE,5,5.97
INC-0370-135,P-0370,2026-05-15,HIGH_INTENSITY_OPERATION,5,6.09
INC-0370-149,P-0370,2026-05-29,HIGH_INTENSITY_OPERATION,3,4.43
INC-0371-014,P-0371,2026-01-14,ROUTINE_OPERATION,2,2.88
INC-0371-091,P-0371,2026-04-01,ROUTINE_OPERATION,3,3.92
INC-0371-165,P-0371,2026-06-14,HIGH_INTENSITY_OPERATION,2,3.1
INC-0372-013,P-0372,2026-01-13,EXTENDED_OPERATION,5,5.93
INC-0372-095,P-0372,2026-04-05,ROUTINE_OPERATION,4,5.58
INC-0372-136,P-0372,2026-05-16,ROUTINE_OPERATION,2,3.63
INC-0372-162,P-0372,2026-06-11,ROUTINE_OPERATION,2,3.52
INC-0373-001,P-0373,2026-01-01,HIGH_INTENSITY_OPERATION,4,5.5
INC-0373-010,P-0373,2026-01-10,HIGH_INTENSITY_OPERATION,2,4.27
INC-0373-054,P-0373,2026-02-23,EMERGENCY_RESPONSE,2,4.49
INC-0373-063,P-0373,2026-03-04,EXTENDED_OPERATION,2,3.59
INC-0373-097,P-0373,2026-04-07,HIGH_INTENSITY_OPERATION,5,5.41
INC-0373-100,P-0373,2026-04-10,HIGH_INTENSITY_OPERATION,4,5.55
INC-0373-153,P-0373,2026-06-02,EMERGENCY_RESPONSE,4,6.26
INC-0374-003,P-0374,2026-01-03,EMERGENCY_RESPONSE,5,6.12
INC-0374-015,P-0374,2026-01-15,HIGH_INTENSITY_OPERATION,5,6.87
INC-0374-027,P-0374,2026-01-27,EMERGENCY_RESPONSE,5,5.98
INC-0374-034,P-0374,2026-02-03,ROUTINE_OPERATION,4,5.4
INC-0374-044,P-0374,2026-02-13,EXTENDED_OPERATION,4,5.19
INC-0374-066,P-0374,2026-03-07,EMERGENCY_RESPONSE,5,5.15
INC-0374-073,P-0374,2026-03-14,HIGH_INTENSITY_OPERATION,5,5.91
INC-0374-081,P-0374,2026-03-22,EXTENDED_OPERATION,5,6.26
INC-0374-086,P-0374,2026-03-27,ROUTINE_OPERATION,5,6.34
INC-0374-088,P-0374,2026-03-29,ROUTINE_OPERATION,4,4.86
INC-0374-110,P-0374,2026-04-20,EMERGENCY_RESPONSE,5,6.0
INC-0374-111,P-0374,2026-04-21,HIGH_INTENSITY_OPERATION,5,5.52
INC-0374-114,P-0374,2026-04-24,HIGH_INTENSITY_OPERATION,5,6.68
INC-0374-128,P-0374,2026-05-08,EXTENDED_OPERATION,4,4.85
INC-0374-143,P-0374,2026-05-23,EMERGENCY_RESPONSE,4,5.35
INC-0374-169,P-0374,2026-06-18,HIGH_INTENSITY_OPERATION,5,6.06
INC-0374-177,P-0374,2026-06-26,EXTENDED_OPERATION,5,6.17
INC-0374-178,P-0374,2026-06-27,EXTENDED_OPERATION,4,5.67
INC-0374-179,P-0374,2026-06-28,EMERGENCY_RESPONSE,5,5.55
INC-0375-010,P-0375,2026-01-10,EMERGENCY_RESPONSE,5,6.16
INC-0375-016,P-0375,2026-01-16,EMERGENCY_RESPONSE,5,6.06
INC-0375-017,P-0375,2026-01-17,EXTENDED_OPERATION,5,6.4
INC-0375-018,P-0375,2026-01-18,ROUTINE_OPERATION,2,2.82
INC-0375-117,P-0375,2026-04-27,ROUTINE_OPERATION,3,4.54
INC-0375-154,P-0375,2026-06-03,HIGH_INTENSITY_OPERATION,5,6.41
INC-0375-158,P-0375,2026-06-07,HIGH_INTENSITY_OPERATION,3,4.79
INC-0375-161,P-0375,2026-06-10,HIGH_INTENSITY_OPERATION,5,6.0
INC-0375-174,P-0375,2026-06-23,EMERGENCY_RESPONSE,4,5.26
INC-0376-015,P-0376,2026-01-15,HIGH_INTENSITY_OPERATION,5,5.41
INC-0376-023,P-0376,2026-01-23,ROUTINE_OPERATION,5,4.59
INC-0376-085,P-0376,2026-03-26,EXTENDED_OPERATION,5,5.77
INC-0376-101,P-0376,2026-04-11,HIGH_INTENSITY_OPERATION,2,4.39
INC-0376-133,P-0376,2026-05-13,ROUTINE_OPERATION,2,3.76
INC-0376-147,P-0376,2026-05-27,ROUTINE_OPERATION,3,4.53
INC-0376-174,P-0376,2026-06-23,EMERGENCY_RESPONSE,2,4.0
INC-0377-004,P-0377,2026-01-04,EMERGENCY_RESPONSE,5,5.21
INC-0377-017,P-0377,2026-01-17,ROUTINE_OPERATION,4,5.17
INC-0377-020,P-0377,2026-01-20,EMERGENCY_RESPONSE,4,5.69
INC-0377-034,P-0377,2026-02-03,HIGH_INTENSITY_OPERATION,4,5.16
INC-0377-035,P-0377,2026-02-04,HIGH_INTENSITY_OPERATION,5,5.35
INC-0377-037,P-0377,2026-02-06,EMERGENCY_RESPONSE,5,5.54
INC-0377-044,P-0377,2026-02-13,HIGH_INTENSITY_OPERATION,5,6.8
INC-0377-085,P-0377,2026-03-26,EXTENDED_OPERATION,4,4.95
INC-0377-094,P-0377,2026-04-04,EMERGENCY_RESPONSE,4,5.96
INC-0377-095,P-0377,2026-04-05,EMERGENCY_RESPONSE,5,6.23
INC-0377-098,P-0377,2026-04-08,ROUTINE_OPERATION,3,4.08
INC-0377-100,P-0377,2026-04-10,EMERGENCY_RESPONSE,3,4.23
INC-0377-118,P-0377,2026-04-28,EMERGENCY_RESPONSE,3,4.27
INC-0377-135,P-0377,2026-05-15,EMERGENCY_RESPONSE,4,5.23
INC-0377-158,P-0377,2026-06-07,EXTENDED_OPERATION,5,5.92
INC-0377-159,P-0377,2026-06-08,ROUTINE_OPERATION,3,4.8
INC-0377-177,P-0377,2026-06-26,EXTENDED_OPERATION,3,3.66
INC-0378-048,P-0378,2026-02-17,HIGH_INTENSITY_OPERATION,5,6.28
INC-0378-084,P-0378,2026-03-25,ROUTINE_OPERATION,5,6.74
INC-0378-165,P-0378,2026-06-14,EMERGENCY_RESPONSE,4,5.77
INC-0378-173,P-0378,2026-06-22,ROUTINE_OPERATION,4,4.58
INC-0379-021,P-0379,2026-01-21,EMERGENCY_RESPONSE,5,5.17
INC-0380-013,P-0380,2026-01-13,ROUTINE_OPERATION,2,3.72
INC-0380-021,P-0380,2026-01-21,ROUTINE_OPERATION,5,5.83
INC-0380-072,P-0380,2026-03-13,ROUTINE_OPERATION,2,3.12
INC-0380-086,P-0380,2026-03-27,EXTENDED_OPERATION,5,5.96
INC-0380-123,P-0380,2026-05-03,ROUTINE_OPERATION,3,4.29
INC-0380-158,P-0380,2026-06-07,HIGH_INTENSITY_OPERATION,5,6.51
INC-0381-119,P-0381,2026-04-29,EXTENDED_OPERATION,2,3.62
INC-0381-132,P-0381,2026-05-12,ROUTINE_OPERATION,2,3.26
INC-0381-136,P-0381,2026-05-16,ROUTINE_OPERATION,3,3.9
INC-0382-024,P-0382,2026-01-24,ROUTINE_OPERATION,3,5.75
INC-0382-045,P-0382,2026-02-14,EMERGENCY_RESPONSE,4,5.68
INC-0382-087,P-0382,2026-03-28,HIGH_INTENSITY_OPERATION,5,6.06
INC-0382-091,P-0382,2026-04-01,HIGH_INTENSITY_OPERATION,3,4.16
INC-0382-138,P-0382,2026-05-18,ROUTINE_OPERATION,4,4.4
INC-0382-164,P-0382,2026-06-13,EMERGENCY_RESPONSE,4,5.44
INC-0383-044,P-0383,2026-02-13,ROUTINE_OPERATION,4,5.14
INC-0383-058,P-0383,2026-02-27,ROUTINE_OPERATION,5,6.17
INC-0383-064,P-0383,2026-03-05,EMERGENCY_RESPONSE,5,6.15
INC-0383-125,P-0383,2026-05-05,EMERGENCY_RESPONSE,5,5.74
INC-0383-148,P-0383,2026-05-28,HIGH_INTENSITY_OPERATION,5,6.03
INC-0383-151,P-0383,2026-05-31,ROUTINE_OPERATION,3,4.16
INC-0383-156,P-0383,2026-06-05,EMERGENCY_RESPONSE,5,5.62
INC-0383-162,P-0383,2026-06-11,EMERGENCY_RESPONSE,4,5.91
INC-0383-167,P-0383,2026-06-16,HIGH_INTENSITY_OPERATION,4,5.33
INC-0383-169,P-0383,2026-06-18,HIGH_INTENSITY_OPERATION,5,5.35
INC-0383-174,P-0383,2026-06-23,EMERGENCY_RESPONSE,4,4.96
INC-0384-046,P-0384,2026-02-15,EMERGENCY_RESPONSE,3,4.78
INC-0384-065,P-0384,2026-03-06,HIGH_INTENSITY_OPERATION,3,3.98
INC-0384-087,P-0384,2026-03-28,ROUTINE_OPERATION,5,6.43
INC-0384-090,P-0384,2026-03-31,HIGH_INTENSITY_OPERATION,4,5.85
INC-0384-102,P-0384,2026-04-12,ROUTINE_OPERATION,4,4.64
INC-0384-105,P-0384,2026-04-15,ROUTINE_OPERATION,1,2.53
INC-0384-107,P-0384,2026-04-17,EXTENDED_OPERATION,4,5.57
INC-0384-148,P-0384,2026-05-28,EMERGENCY_RESPONSE,5,5.28
INC-0384-167,P-0384,2026-06-16,HIGH_INTENSITY_OPERATION,5,6.18
INC-0385-060,P-0385,2026-03-01,HIGH_INTENSITY_OPERATION,5,5.86
INC-0385-158,P-0385,2026-06-07,ROUTINE_OPERATION,3,4.28
INC-0386-033,P-0386,2026-02-02,ROUTINE_OPERATION,4,5.0
INC-0386-039,P-0386,2026-02-08,EMERGENCY_RESPONSE,5,5.81
INC-0386-047,P-0386,2026-02-16,EXTENDED_OPERATION,4,4.76
INC-0386-053,P-0386,2026-02-22,EMERGENCY_RESPONSE,5,5.59
INC-0386-054,P-0386,2026-02-23,EMERGENCY_RESPONSE,5,6.87
INC-0386-062,P-0386,2026-03-03,ROUTINE_OPERATION,3,3.82
INC-0386-064,P-0386,2026-03-05,ROUTINE_OPERATION,5,5.83
INC-0386-096,P-0386,2026-04-06,EXTENDED_OPERATION,5,6.67
INC-0386-110,P-0386,2026-04-20,EMERGENCY_RESPONSE,5,6.7
INC-0386-132,P-0386,2026-05-12,HIGH_INTENSITY_OPERATION,4,4.75
INC-0386-134,P-0386,2026-05-14,HIGH_INTENSITY_OPERATION,5,5.57
INC-0386-146,P-0386,2026-05-26,EXTENDED_OPERATION,5,5.3
INC-0386-163,P-0386,2026-06-12,ROUTINE_OPERATION,4,6.27
INC-0386-179,P-0386,2026-06-28,HIGH_INTENSITY_OPERATION,5,4.63
INC-0387-010,P-0387,2026-01-10,HIGH_INTENSITY_OPERATION,3,3.64
INC-0387-055,P-0387,2026-02-24,ROUTINE_OPERATION,5,5.6
INC-0387-056,P-0387,2026-02-25,HIGH_INTENSITY_OPERATION,4,5.13
INC-0387-072,P-0387,2026-03-13,HIGH_INTENSITY_OPERATION,5,7.03
INC-0387-078,P-0387,2026-03-19,ROUTINE_OPERATION,3,4.27
INC-0387-117,P-0387,2026-04-27,HIGH_INTENSITY_OPERATION,5,5.43
INC-0387-145,P-0387,2026-05-25,HIGH_INTENSITY_OPERATION,3,4.89
INC-0387-172,P-0387,2026-06-21,ROUTINE_OPERATION,4,5.38
INC-0388-112,P-0388,2026-04-22,ROUTINE_OPERATION,3,4.9
INC-0388-115,P-0388,2026-04-25,EMERGENCY_RESPONSE,3,5.51
INC-0388-159,P-0388,2026-06-08,EXTENDED_OPERATION,5,5.92
INC-0389-039,P-0389,2026-02-08,EMERGENCY_RESPONSE,3,3.42
INC-0389-048,P-0389,2026-02-17,ROUTINE_OPERATION,1,1.71
INC-0389-083,P-0389,2026-03-24,HIGH_INTENSITY_OPERATION,3,3.16
INC-0389-084,P-0389,2026-03-25,ROUTINE_OPERATION,4,4.83
INC-0389-095,P-0389,2026-04-05,EMERGENCY_RESPONSE,5,5.95
INC-0389-114,P-0389,2026-04-24,HIGH_INTENSITY_OPERATION,5,6.69
INC-0389-132,P-0389,2026-05-12,EMERGENCY_RESPONSE,5,5.77
INC-0389-149,P-0389,2026-05-29,EXTENDED_OPERATION,4,4.81
INC-0389-168,P-0389,2026-06-17,ROUTINE_OPERATION,5,6.19
INC-0390-001,P-0390,2026-01-01,EMERGENCY_RESPONSE,3,5.8
INC-0390-003,P-0390,2026-01-03,EXTENDED_OPERATION,4,5.57
INC-0390-052,P-0390,2026-02-21,EXTENDED_OPERATION,4,6.06
INC-0390-088,P-0390,2026-03-29,HIGH_INTENSITY_OPERATION,5,6.38
INC-0390-116,P-0390,2026-04-26,ROUTINE_OPERATION,2,2.92
INC-0390-132,P-0390,2026-05-12,ROUTINE_OPERATION,3,4.24
INC-0390-143,P-0390,2026-05-23,EMERGENCY_RESPONSE,4,4.69
INC-0390-148,P-0390,2026-05-28,EMERGENCY_RESPONSE,4,5.08
INC-0390-161,P-0390,2026-06-10,ROUTINE_OPERATION,4,5.81
INC-0390-169,P-0390,2026-06-18,HIGH_INTENSITY_OPERATION,4,4.92
INC-0391-033,P-0391,2026-02-02,ROUTINE_OPERATION,4,4.89
INC-0391-056,P-0391,2026-02-25,ROUTINE_OPERATION,2,2.84
INC-0391-063,P-0391,2026-03-04,ROUTINE_OPERATION,3,5.34
INC-0391-069,P-0391,2026-03-10,ROUTINE_OPERATION,4,4.95
INC-0391-093,P-0391,2026-04-03,ROUTINE_OPERATION,2,3.72
INC-0391-135,P-0391,2026-05-15,HIGH_INTENSITY_OPERATION,5,4.93
INC-0391-143,P-0391,2026-05-23,EMERGENCY_RESPONSE,3,3.7
INC-0391-166,P-0391,2026-06-15,ROUTINE_OPERATION,4,6.02
INC-0391-172,P-0391,2026-06-21,EMERGENCY_RESPONSE,4,6.86
INC-0391-174,P-0391,2026-06-23,HIGH_INTENSITY_OPERATION,3,4.42
INC-0392-004,P-0392,2026-01-04,ROUTINE_OPERATION,2,3.35
INC-0392-023,P-0392,2026-01-23,EXTENDED_OPERATION,4,5.29
INC-0392-070,P-0392,2026-03-11,ROUTINE_OPERATION,1,2.82
INC-0392-178,P-0392,2026-06-27,ROUTINE_OPERATION,4,5.36
INC-0392-179,P-0392,2026-06-28,EMERGENCY_RESPONSE,3,4.51
INC-0393-002,P-0393,2026-01-02,HIGH_INTENSITY_OPERATION,4,5.12
INC-0393-031,P-0393,2026-01-31,EMERGENCY_RESPONSE,5,6.02
INC-0393-035,P-0393,2026-02-04,ROUTINE_OPERATION,5,4.8
INC-0393-054,P-0393,2026-02-23,ROUTINE_OPERATION,5,6.06
INC-0393-072,P-0393,2026-03-13,ROUTINE_OPERATION,5,5.2
INC-0393-104,P-0393,2026-04-14,EXTENDED_OPERATION,5,5.73
INC-0393-107,P-0393,2026-04-17,EMERGENCY_RESPONSE,4,5.13
INC-0393-114,P-0393,2026-04-24,HIGH_INTENSITY_OPERATION,5,5.75
INC-0393-115,P-0393,2026-04-25,EMERGENCY_RESPONSE,3,3.79
INC-0393-118,P-0393,2026-04-28,EXTENDED_OPERATION,4,5.97
INC-0393-123,P-0393,2026-05-03,HIGH_INTENSITY_OPERATION,3,3.85
INC-0393-124,P-0393,2026-05-04,EMERGENCY_RESPONSE,4,4.46
INC-0393-129,P-0393,2026-05-09,HIGH_INTENSITY_OPERATION,5,5.24
INC-0393-132,P-0393,2026-05-12,HIGH_INTENSITY_OPERATION,5,5.66
INC-0393-134,P-0393,2026-05-14,EMERGENCY_RESPONSE,5,6.72
INC-0393-138,P-0393,2026-05-18,EXTENDED_OPERATION,5,5.6
INC-0393-139,P-0393,2026-05-19,EXTENDED_OPERATION,3,4.64
INC-0393-141,P-0393,2026-05-21,EMERGENCY_RESPONSE,4,4.82
INC-0393-152,P-0393,2026-06-01,EMERGENCY_RESPONSE,5,5.6
INC-0393-167,P-0393,2026-06-16,ROUTINE_OPERATION,4,5.1
INC-0394-005,P-0394,2026-01-05,ROUTINE_OPERATION,5,5.33
INC-0394-011,P-0394,2026-01-11,ROUTINE_OPERATION,1,2.28
INC-0394-012,P-0394,2026-01-12,HIGH_INTENSITY_OPERATION,3,4.58
INC-0394-017,P-0394,2026-01-17,ROUTINE_OPERATION,4,4.98
INC-0394-031,P-0394,2026-01-31,ROUTINE_OPERATION,2,3.54
INC-0394-033,P-0394,2026-02-02,EMERGENCY_RESPONSE,4,4.74
INC-0394-048,P-0394,2026-02-17,ROUTINE_OPERATION,4,4.58
INC-0394-122,P-0394,2026-05-02,HIGH_INTENSITY_OPERATION,4,5.68
INC-0394-134,P-0394,2026-05-14,HIGH_INTENSITY_OPERATION,4,6.31
INC-0395-033,P-0395,2026-02-02,ROUTINE_OPERATION,5,5.32
INC-0395-055,P-0395,2026-02-24,EXTENDED_OPERATION,3,4.19
INC-0395-096,P-0395,2026-04-06,HIGH_INTENSITY_OPERATION,3,3.87
INC-0396-010,P-0396,2026-01-10,ROUTINE_OPERATION,5,5.73
INC-0396-028,P-0396,2026-01-28,EMERGENCY_RESPONSE,4,5.32
INC-0396-050,P-0396,2026-02-19,EMERGENCY_RESPONSE,5,6.14
INC-0396-051,P-0396,2026-02-20,ROUTINE_OPERATION,2,2.71
INC-0396-068,P-0396,2026-03-09,HIGH_INTENSITY_OPERATION,4,5.48
INC-0396-082,P-0396,2026-03-23,EMERGENCY_RESPONSE,4,6.05
INC-0396-114,P-0396,2026-04-24,HIGH_INTENSITY_OPERATION,2,3.15
INC-0397-018,P-0397,2026-01-18,EMERGENCY_RESPONSE,3,4.54
INC-0397-087,P-0397,2026-03-28,HIGH_INTENSITY_OPERATION,2,3.63
INC-0397-098,P-0397,2026-04-08,ROUTINE_OPERATION,2,3.43
INC-0397-103,P-0397,2026-04-13,HIGH_INTENSITY_OPERATION,2,3.13
INC-0397-122,P-0397,2026-05-02,ROUTINE_OPERATION,2,2.59
INC-0397-147,P-0397,2026-05-27,ROUTINE_OPERATION,2,3.29
INC-0397-156,P-0397,2026-06-05,EMERGENCY_RESPONSE,3,3.83
INC-0398-080,P-0398,2026-03-21,ROUTINE_OPERATION,4,3.6
INC-0398-086,P-0398,2026-03-27,HIGH_INTENSITY_OPERATION,5,6.08
INC-0398-095,P-0398,2026-04-05,ROUTINE_OPERATION,3,4.36
INC-0398-109,P-0398,2026-04-19,EMERGENCY_RESPONSE,4,5.17
INC-0398-124,P-0398,2026-05-04,ROUTINE_OPERATION,5,5.59
INC-0398-127,P-0398,2026-05-07,ROUTINE_OPERATION,3,4.4
INC-0398-132,P-0398,2026-05-12,ROUTINE_OPERATION,5,5.43
INC-0398-154,P-0398,2026-06-03,ROUTINE_OPERATION,4,5.96
INC-0398-161,P-0398,2026-06-10,ROUTINE_OPERATION,5,6.21
INC-0398-164,P-0398,2026-06-13,HIGH_INTENSITY_OPERATION,5,6.39
INC-0398-171,P-0398,2026-06-20,ROUTINE_OPERATION,3,3.96
INC-0398-175,P-0398,2026-06-24,HIGH_INTENSITY_OPERATION,4,5.34
INC-0399-045,P-0399,2026-02-14,HIGH_INTENSITY_OPERATION,5,5.33
INC-0399-062,P-0399,2026-03-03,EMERGENCY_RESPONSE,4,5.35
INC-0399-074,P-0399,2026-03-15,ROUTINE_OPERATION,4,5.68
INC-0399-089,P-0399,2026-03-30,HIGH_INTENSITY_OPERATION,5,5.65
INC-0400-018,P-0400,2026-01-18,ROUTINE_OPERATION,1,3.0
INC-0400-032,P-0400,2026-02-01,EMERGENCY_RESPONSE,2,3.5
INC-0400-094,P-0400,2026-04-04,EXTENDED_OPERATION,3,4.22
INC-0400-097,P-0400,2026-04-07,EMERGENCY_RESPONSE,5,6.09
INC-0400-112,P-0400,2026-04-22,ROUTINE_OPERATION,3,4.16
INC-0400-113,P-0400,2026-04-23,EMERGENCY_RESPONSE,5,5.56
INC-0400-136,P-0400,2026-05-16,HIGH_INTENSITY_OPERATION,4,5.62
INC-0400-149,P-0400,2026-05-29,EMERGENCY_RESPONSE,4,5.56
INC-0400-155,P-0400,2026-06-04,EXTENDED_OPERATION,3,4.46
INC-0400-177,P-0400,2026-06-26,EXTENDED_OPERATION,3,5.16
INC-0401-036,P-0401,2026-02-05,HIGH_INTENSITY_OPERATION,2,3.29
INC-0401-039,P-0401,2026-02-08,ROUTINE_OPERATION,4,4.4
INC-0401-062,P-0401,2026-03-03,HIGH_INTENSITY_OPERATION,5,5.58
INC-0401-089,P-0401,2026-03-30,ROUTINE_OPERATION,3,3.94
INC-0401-090,P-0401,2026-03-31,ROUTINE_OPERATION,4,5.12
INC-0401-100,P-0401,2026-04-10,HIGH_INTENSITY_OPERATION,5,6.03
INC-0401-123,P-0401,2026-05-03,EXTENDED_OPERATION,5,5.41
INC-0401-134,P-0401,2026-05-14,HIGH_INTENSITY_OPERATION,5,5.52
INC-0401-140,P-0401,2026-05-20,EMERGENCY_RESPONSE,4,4.88
INC-0401-152,P-0401,2026-06-01,EXTENDED_OPERATION,4,4.77
INC-0401-173,P-0401,2026-06-22,ROUTINE_OPERATION,4,4.89
INC-0402-048,P-0402,2026-02-17,ROUTINE_OPERATION,3,4.2
INC-0402-080,P-0402,2026-03-21,EXTENDED_OPERATION,4,5.62
INC-0402-091,P-0402,2026-04-01,ROUTINE_OPERATION,5,7.28
INC-0402-110,P-0402,2026-04-20,HIGH_INTENSITY_OPERATION,4,5.67
INC-0402-130,P-0402,2026-05-10,HIGH_INTENSITY_OPERATION,4,5.54
INC-0402-173,P-0402,2026-06-22,EMERGENCY_RESPONSE,5,5.41
INC-0402-176,P-0402,2026-06-25,ROUTINE_OPERATION,5,6.19
INC-0403-006,P-0403,2026-01-06,HIGH_INTENSITY_OPERATION,4,5.58
INC-0403-033,P-0403,2026-02-02,ROUTINE_OPERATION,3,4.89
INC-0403-046,P-0403,2026-02-15,HIGH_INTENSITY_OPERATION,5,5.35
INC-0403-053,P-0403,2026-02-22,EXTENDED_OPERATION,5,5.83
INC-0403-055,P-0403,2026-02-24,HIGH_INTENSITY_OPERATION,4,5.59
INC-0403-080,P-0403,2026-03-21,HIGH_INTENSITY_OPERATION,4,6.07
INC-0403-091,P-0403,2026-04-01,ROUTINE_OPERATION,4,5.0
INC-0403-092,P-0403,2026-04-02,ROUTINE_OPERATION,2,2.93
INC-0403-095,P-0403,2026-04-05,HIGH_INTENSITY_OPERATION,4,4.33
INC-0403-133,P-0403,2026-05-13,HIGH_INTENSITY_OPERATION,4,6.35
INC-0403-134,P-0403,2026-05-14,ROUTINE_OPERATION,5,6.44
INC-0403-137,P-0403,2026-05-17,ROUTINE_OPERATION,2,3.87
INC-0403-165,P-0403,2026-06-14,HIGH_INTENSITY_OPERATION,5,6.81
INC-0404-002,P-0404,2026-01-02,ROUTINE_OPERATION,5,6.17
INC-0404-008,P-0404,2026-01-08,EXTENDED_OPERATION,4,4.12
INC-0404-017,P-0404,2026-01-17,HIGH_INTENSITY_OPERATION,5,6.43
INC-0404-024,P-0404,2026-01-24,EXTENDED_OPERATION,5,5.97
INC-0404-027,P-0404,2026-01-27,ROUTINE_OPERATION,4,5.16
INC-0404-033,P-0404,2026-02-02,ROUTINE_OPERATION,5,5.91
INC-0404-038,P-0404,2026-02-07,EXTENDED_OPERATION,4,4.8
INC-0404-047,P-0404,2026-02-16,HIGH_INTENSITY_OPERATION,3,4.61
INC-0404-069,P-0404,2026-03-10,EXTENDED_OPERATION,5,6.33
INC-0404-076,P-0404,2026-03-17,HIGH_INTENSITY_OPERATION,4,5.39
INC-0404-080,P-0404,2026-03-21,ROUTINE_OPERATION,2,3.36
INC-0404-116,P-0404,2026-04-26,ROUTINE_OPERATION,5,6.0
INC-0404-136,P-0404,2026-05-16,ROUTINE_OPERATION,5,6.86
INC-0404-139,P-0404,2026-05-19,HIGH_INTENSITY_OPERATION,5,6.27
INC-0404-149,P-0404,2026-05-29,EXTENDED_OPERATION,5,6.34
INC-0404-155,P-0404,2026-06-04,EMERGENCY_RESPONSE,5,5.66
INC-0404-162,P-0404,2026-06-11,HIGH_INTENSITY_OPERATION,4,4.33
INC-0404-174,P-0404,2026-06-23,ROUTINE_OPERATION,4,5.2
INC-0405-005,P-0405,2026-01-05,HIGH_INTENSITY_OPERATION,5,7.18
INC-0405-010,P-0405,2026-01-10,ROUTINE_OPERATION,4,4.89
INC-0405-015,P-0405,2026-01-15,HIGH_INTENSITY_OPERATION,5,6.65
INC-0405-027,P-0405,2026-01-27,EMERGENCY_RESPONSE,4,4.64
INC-0405-044,P-0405,2026-02-13,ROUTINE_OPERATION,5,5.64
INC-0405-065,P-0405,2026-03-06,EMERGENCY_RESPONSE,4,4.7
INC-0405-066,P-0405,2026-03-07,HIGH_INTENSITY_OPERATION,2,4.37
INC-0405-075,P-0405,2026-03-16,ROUTINE_OPERATION,5,5.72
INC-0405-078,P-0405,2026-03-19,EMERGENCY_RESPONSE,5,5.76
INC-0405-091,P-0405,2026-04-01,EMERGENCY_RESPONSE,3,4.5
INC-0405-121,P-0405,2026-05-01,EMERGENCY_RESPONSE,2,3.34
INC-0405-128,P-0405,2026-05-08,HIGH_INTENSITY_OPERATION,4,5.14
INC-0405-130,P-0405,2026-05-10,ROUTINE_OPERATION,3,3.56
INC-0405-144,P-0405,2026-05-24,ROUTINE_OPERATION,2,4.22
INC-0405-146,P-0405,2026-05-26,ROUTINE_OPERATION,4,4.27
INC-0405-150,P-0405,2026-05-30,ROUTINE_OPERATION,4,5.41
INC-0405-165,P-0405,2026-06-14,HIGH_INTENSITY_OPERATION,4,5.54
INC-0405-167,P-0405,2026-06-16,EMERGENCY_RESPONSE,5,6.86
INC-0405-168,P-0405,2026-06-17,EMERGENCY_RESPONSE,4,5.09
INC-0405-172,P-0405,2026-06-21,HIGH_INTENSITY_OPERATION,4,5.64
INC-0405-175,P-0405,2026-06-24,EXTENDED_OPERATION,5,6.21
INC-0406-018,P-0406,2026-01-18,ROUTINE_OPERATION,3,4.78
INC-0406-053,P-0406,2026-02-22,ROUTINE_OPERATION,4,5.76
INC-0406-066,P-0406,2026-03-07,ROUTINE_OPERATION,3,5.07
INC-0406-067,P-0406,2026-03-08,ROUTINE_OPERATION,1,3.23
INC-0406-077,P-0406,2026-03-18,ROUTINE_OPERATION,2,3.7
INC-0406-078,P-0406,2026-03-19,HIGH_INTENSITY_OPERATION,4,5.61
INC-0406-079,P-0406,2026-03-20,EMERGENCY_RESPONSE,5,6.34
INC-0406-105,P-0406,2026-04-15,ROUTINE_OPERATION,3,3.62
INC-0406-151,P-0406,2026-05-31,HIGH_INTENSITY_OPERATION,3,4.32
INC-0407-007,P-0407,2026-01-07,EMERGENCY_RESPONSE,5,6.09
INC-0407-120,P-0407,2026-04-30,ROUTINE_OPERATION,5,5.04
INC-0407-127,P-0407,2026-05-07,ROUTINE_OPERATION,2,3.86
INC-0408-053,P-0408,2026-02-22,ROUTINE_OPERATION,2,3.71
INC-0408-095,P-0408,2026-04-05,EMERGENCY_RESPONSE,4,5.91
INC-0408-163,P-0408,2026-06-12,ROUTINE_OPERATION,3,5.34
INC-0408-172,P-0408,2026-06-21,HIGH_INTENSITY_OPERATION,4,5.99
INC-0409-004,P-0409,2026-01-04,EMERGENCY_RESPONSE,5,5.94
INC-0409-027,P-0409,2026-01-27,EMERGENCY_RESPONSE,5,6.33
INC-0409-032,P-0409,2026-02-01,ROUTINE_OPERATION,4,5.0
INC-0409-045,P-0409,2026-02-14,HIGH_INTENSITY_OPERATION,5,6.61
INC-0409-051,P-0409,2026-02-20,EMERGENCY_RESPONSE,3,5.21
INC-0409-055,P-0409,2026-02-24,HIGH_INTENSITY_OPERATION,4,5.88
INC-0409-093,P-0409,2026-04-03,EXTENDED_OPERATION,5,7.61
INC-0409-098,P-0409,2026-04-08,EMERGENCY_RESPONSE,5,7.18
INC-0409-102,P-0409,2026-04-12,EXTENDED_OPERATION,3,4.12
INC-0409-107,P-0409,2026-04-17,EMERGENCY_RESPONSE,3,4.33
INC-0409-111,P-0409,2026-04-21,EMERGENCY_RESPONSE,3,4.61
INC-0409-144,P-0409,2026-05-24,ROUTINE_OPERATION,3,4.48
INC-0409-168,P-0409,2026-06-17,ROUTINE_OPERATION,3,4.09
INC-0409-174,P-0409,2026-06-23,HIGH_INTENSITY_OPERATION,4,4.94
INC-0410-026,P-0410,2026-01-26,HIGH_INTENSITY_OPERATION,5,5.31
INC-0410-046,P-0410,2026-02-15,ROUTINE_OPERATION,3,3.73
INC-0410-065,P-0410,2026-03-06,EXTENDED_OPERATION,5,5.6
INC-0410-075,P-0410,2026-03-16,HIGH_INTENSITY_OPERATION,5,5.38
INC-0410-091,P-0410,2026-04-01,ROUTINE_OPERATION,4,5.31
INC-0410-096,P-0410,2026-04-06,HIGH_INTENSITY_OPERATION,5,6.3
INC-0410-099,P-0410,2026-04-09,HIGH_INTENSITY_OPERATION,5,5.35
INC-0410-139,P-0410,2026-05-19,HIGH_INTENSITY_OPERATION,4,6.62
INC-0410-177,P-0410,2026-06-26,EMERGENCY_RESPONSE,5,6.25
INC-0410-179,P-0410,2026-06-28,ROUTINE_OPERATION,4,5.12
INC-0411-046,P-0411,2026-02-15,ROUTINE_OPERATION,3,3.67
INC-0411-152,P-0411,2026-06-01,HIGH_INTENSITY_OPERATION,3,3.66
INC-0412-006,P-0412,2026-01-06,HIGH_INTENSITY_OPERATION,5,5.52
INC-0412-017,P-0412,2026-01-17,HIGH_INTENSITY_OPERATION,5,6.08
INC-0412-026,P-0412,2026-01-26,ROUTINE_OPERATION,4,5.34
INC-0412-061,P-0412,2026-03-02,HIGH_INTENSITY_OPERATION,5,6.21
INC-0412-063,P-0412,2026-03-04,HIGH_INTENSITY_OPERATION,3,4.53
INC-0412-087,P-0412,2026-03-28,ROUTINE_OPERATION,1,3.74
INC-0413-039,P-0413,2026-02-08,HIGH_INTENSITY_OPERATION,4,5.86
INC-0413-047,P-0413,2026-02-16,HIGH_INTENSITY_OPERATION,5,6.14
INC-0413-065,P-0413,2026-03-06,HIGH_INTENSITY_OPERATION,4,5.27
INC-0413-072,P-0413,2026-03-13,EMERGENCY_RESPONSE,5,5.83
INC-0413-076,P-0413,2026-03-17,EXTENDED_OPERATION,5,6.11
INC-0413-091,P-0413,2026-04-01,HIGH_INTENSITY_OPERATION,3,4.73
INC-0413-099,P-0413,2026-04-09,EMERGENCY_RESPONSE,5,6.6
INC-0413-152,P-0413,2026-06-01,EMERGENCY_RESPONSE,5,5.92
INC-0413-156,P-0413,2026-06-05,HIGH_INTENSITY_OPERATION,5,5.31
INC-0413-166,P-0413,2026-06-15,HIGH_INTENSITY_OPERATION,5,6.32
INC-0414-068,P-0414,2026-03-09,ROUTINE_OPERATION,3,4.59
INC-0415-068,P-0415,2026-03-09,EMERGENCY_RESPONSE,4,4.39
INC-0415-105,P-0415,2026-04-15,HIGH_INTENSITY_OPERATION,4,5.69
INC-0415-129,P-0415,2026-05-09,ROUTINE_OPERATION,2,3.5
INC-0415-153,P-0415,2026-06-02,EXTENDED_OPERATION,3,4.35
INC-0415-155,P-0415,2026-06-04,EMERGENCY_RESPONSE,4,4.91
INC-0415-167,P-0415,2026-06-16,EMERGENCY_RESPONSE,4,5.98
INC-0416-015,P-0416,2026-01-15,ROUTINE_OPERATION,4,4.96
INC-0416-091,P-0416,2026-04-01,EMERGENCY_RESPONSE,4,4.28
INC-0416-129,P-0416,2026-05-09,EMERGENCY_RESPONSE,5,5.6
INC-0417-015,P-0417,2026-01-15,HIGH_INTENSITY_OPERATION,5,6.93
INC-0417-025,P-0417,2026-01-25,ROUTINE_OPERATION,3,4.09
INC-0417-030,P-0417,2026-01-30,EMERGENCY_RESPONSE,4,5.68
INC-0417-039,P-0417,2026-02-08,EMERGENCY_RESPONSE,4,4.96
INC-0417-062,P-0417,2026-03-03,HIGH_INTENSITY_OPERATION,5,6.03
INC-0417-066,P-0417,2026-03-07,EMERGENCY_RESPONSE,4,5.0
INC-0417-089,P-0417,2026-03-30,ROUTINE_OPERATION,5,6.17
INC-0417-096,P-0417,2026-04-06,ROUTINE_OPERATION,2,4.41
INC-0417-110,P-0417,2026-04-20,ROUTINE_OPERATION,4,4.76
INC-0417-143,P-0417,2026-05-23,HIGH_INTENSITY_OPERATION,3,5.37
INC-0417-170,P-0417,2026-06-19,EMERGENCY_RESPONSE,4,4.74
INC-0417-171,P-0417,2026-06-20,HIGH_INTENSITY_OPERATION,5,6.38
INC-0418-001,P-0418,2026-01-01,HIGH_INTENSITY_OPERATION,1,3.02
INC-0418-022,P-0418,2026-01-22,ROUTINE_OPERATION,3,3.23
INC-0418-025,P-0418,2026-01-25,HIGH_INTENSITY_OPERATION,5,5.23
INC-0418-029,P-0418,2026-01-29,EXTENDED_OPERATION,4,5.75
INC-0418-043,P-0418,2026-02-12,ROUTINE_OPERATION,2,4.14
INC-0418-057,P-0418,2026-02-26,EXTENDED_OPERATION,4,4.72
INC-0418-058,P-0418,2026-02-27,EMERGENCY_RESPONSE,5,5.57
INC-0418-083,P-0418,2026-03-24,ROUTINE_OPERATION,4,5.72
INC-0418-123,P-0418,2026-05-03,ROUTINE_OPERATION,4,4.47
INC-0418-169,P-0418,2026-06-18,ROUTINE_OPERATION,3,4.19
INC-0418-179,P-0418,2026-06-28,ROUTINE_OPERATION,2,4.14
INC-0419-020,P-0419,2026-01-20,ROUTINE_OPERATION,3,4.75
INC-0419-041,P-0419,2026-02-10,ROUTINE_OPERATION,2,3.99
INC-0419-062,P-0419,2026-03-03,ROUTINE_OPERATION,2,2.75
INC-0419-069,P-0419,2026-03-10,HIGH_INTENSITY_OPERATION,4,4.92
INC-0419-072,P-0419,2026-03-13,EMERGENCY_RESPONSE,2,4.02
INC-0419-084,P-0419,2026-03-25,HIGH_INTENSITY_OPERATION,4,4.57
INC-0419-161,P-0419,2026-06-10,HIGH_INTENSITY_OPERATION,5,6.38
INC-0419-178,P-0419,2026-06-27,EXTENDED_OPERATION,5,5.89
INC-0420-030,P-0420,2026-01-30,HIGH_INTENSITY_OPERATION,3,3.88
INC-0420-033,P-0420,2026-02-02,ROUTINE_OPERATION,4,5.8
INC-0420-044,P-0420,2026-02-13,EMERGENCY_RESPONSE,3,4.87
INC-0420-085,P-0420,2026-03-26,HIGH_INTENSITY_OPERATION,5,5.53
INC-0420-088,P-0420,2026-03-29,HIGH_INTENSITY_OPERATION,5,6.87
INC-0420-099,P-0420,2026-04-09,EMERGENCY_RESPONSE,4,4.79
INC-0420-102,P-0420,2026-04-12,EMERGENCY_RESPONSE,5,6.87
INC-0420-120,P-0420,2026-04-30,EMERGENCY_RESPONSE,5,6.69
INC-0420-134,P-0420,2026-05-14,EMERGENCY_RESPONSE,5,4.99
INC-0420-137,P-0420,2026-05-17,EMERGENCY_RESPONSE,5,6.84
INC-0420-142,P-0420,2026-05-22,ROUTINE_OPERATION,5,6.31
INC-0420-146,P-0420,2026-05-26,EMERGENCY_RESPONSE,4,5.5
INC-0421-064,P-0421,2026-03-05,ROUTINE_OPERATION,2,3.82
INC-0421-146,P-0421,2026-05-26,HIGH_INTENSITY_OPERATION,1,3.05
INC-0422-049,P-0422,2026-02-18,EXTENDED_OPERATION,5,5.24
INC-0422-061,P-0422,2026-03-02,EXTENDED_OPERATION,3,4.15
INC-0422-079,P-0422,2026-03-20,ROUTINE_OPERATION,3,4.05
INC-0422-105,P-0422,2026-04-15,ROUTINE_OPERATION,4,5.9
INC-0422-109,P-0422,2026-04-19,EMERGENCY_RESPONSE,5,5.37
INC-0422-120,P-0422,2026-04-30,EXTENDED_OPERATION,3,5.25
INC-0422-121,P-0422,2026-05-01,ROUTINE_OPERATION,5,5.24
INC-0422-144,P-0422,2026-05-24,EMERGENCY_RESPONSE,5,6.32
INC-0422-152,P-0422,2026-06-01,EXTENDED_OPERATION,5,6.46
INC-0423-009,P-0423,2026-01-09,HIGH_INTENSITY_OPERATION,5,6.33
INC-0423-050,P-0423,2026-02-19,EMERGENCY_RESPONSE,5,6.6
INC-0423-075,P-0423,2026-03-16,EXTENDED_OPERATION,5,6.24
INC-0423-107,P-0423,2026-04-17,HIGH_INTENSITY_OPERATION,4,5.3
INC-0423-119,P-0423,2026-04-29,EMERGENCY_RESPONSE,5,6.32
INC-0423-121,P-0423,2026-05-01,ROUTINE_OPERATION,5,6.41
INC-0423-155,P-0423,2026-06-04,ROUTINE_OPERATION,5,6.61
INC-0423-180,P-0423,2026-06-29,ROUTINE_OPERATION,2,4.47
INC-0424-032,P-0424,2026-02-01,ROUTINE_OPERATION,5,5.35
INC-0424-036,P-0424,2026-02-05,HIGH_INTENSITY_OPERATION,5,6.52
INC-0424-043,P-0424,2026-02-12,EMERGENCY_RESPONSE,5,6.56
INC-0424-050,P-0424,2026-02-19,HIGH_INTENSITY_OPERATION,5,6.71
INC-0424-052,P-0424,2026-02-21,HIGH_INTENSITY_OPERATION,4,4.76
INC-0424-057,P-0424,2026-02-26,ROUTINE_OPERATION,5,6.54
INC-0424-066,P-0424,2026-03-07,HIGH_INTENSITY_OPERATION,5,6.47
INC-0424-068,P-0424,2026-03-09,EXTENDED_OPERATION,5,6.73
INC-0424-076,P-0424,2026-03-17,EMERGENCY_RESPONSE,4,5.74
INC-0424-077,P-0424,2026-03-18,ROUTINE_OPERATION,5,6.47
INC-0424-079,P-0424,2026-03-20,ROUTINE_OPERATION,5,6.46
INC-0424-104,P-0424,2026-04-14,ROUTINE_OPERATION,4,5.19
INC-0424-120,P-0424,2026-04-30,HIGH_INTENSITY_OPERATION,5,6.24
INC-0424-140,P-0424,2026-05-20,ROUTINE_OPERATION,5,5.16
INC-0424-152,P-0424,2026-06-01,HIGH_INTENSITY_OPERATION,5,6.6
INC-0424-154,P-0424,2026-06-03,ROUTINE_OPERATION,5,6.09
INC-0424-168,P-0424,2026-06-17,HIGH_INTENSITY_OPERATION,3,4.87
INC-0424-170,P-0424,2026-06-19,HIGH_INTENSITY_OPERATION,5,5.48
INC-0424-175,P-0424,2026-06-24,EMERGENCY_RESPONSE,5,5.88
INC-0425-017,P-0425,2026-01-17,HIGH_INTENSITY_OPERATION,2,2.44
INC-0425-058,P-0425,2026-02-27,EMERGENCY_RESPONSE,4,5.43
INC-0425-062,P-0425,2026-03-03,ROUTINE_OPERATION,3,4.0
INC-0425-069,P-0425,2026-03-10,EMERGENCY_RESPONSE,4,5.27
INC-0425-076,P-0425,2026-03-17,ROUTINE_OPERATION,3,4.43
INC-0425-126,P-0425,2026-05-06,EMERGENCY_RESPONSE,5,6.34
INC-0425-162,P-0425,2026-06-11,ROUTINE_OPERATION,4,5.13
INC-0425-163,P-0425,2026-06-12,HIGH_INTENSITY_OPERATION,4,6.05
INC-0425-178,P-0425,2026-06-27,ROUTINE_OPERATION,3,4.14
INC-0426-006,P-0426,2026-01-06,HIGH_INTENSITY_OPERATION,4,3.52
INC-0426-013,P-0426,2026-01-13,EXTENDED_OPERATION,4,4.65
INC-0426-028,P-0426,2026-01-28,ROUTINE_OPERATION,3,3.93
INC-0426-045,P-0426,2026-02-14,EMERGENCY_RESPONSE,5,6.31
INC-0426-047,P-0426,2026-02-16,HIGH_INTENSITY_OPERATION,5,5.73
INC-0426-067,P-0426,2026-03-08,HIGH_INTENSITY_OPERATION,3,4.6
INC-0426-074,P-0426,2026-03-15,ROUTINE_OPERATION,4,6.02
INC-0426-088,P-0426,2026-03-29,EXTENDED_OPERATION,4,5.09
INC-0426-106,P-0426,2026-04-16,ROUTINE_OPERATION,2,2.29
INC-0426-113,P-0426,2026-04-23,ROUTINE_OPERATION,2,4.53
INC-0426-133,P-0426,2026-05-13,ROUTINE_OPERATION,2,4.69
INC-0426-138,P-0426,2026-05-18,HIGH_INTENSITY_OPERATION,2,3.12
INC-0426-146,P-0426,2026-05-26,ROUTINE_OPERATION,5,6.58
INC-0426-151,P-0426,2026-05-31,ROUTINE_OPERATION,2,3.21
INC-0426-157,P-0426,2026-06-06,ROUTINE_OPERATION,5,6.3
INC-0426-167,P-0426,2026-06-16,ROUTINE_OPERATION,4,5.12
INC-0426-178,P-0426,2026-06-27,EMERGENCY_RESPONSE,4,5.81
INC-0427-004,P-0427,2026-01-04,EMERGENCY_RESPONSE,3,5.78
INC-0427-011,P-0427,2026-01-11,ROUTINE_OPERATION,5,4.81
INC-0427-042,P-0427,2026-02-11,ROUTINE_OPERATION,3,3.42
INC-0427-043,P-0427,2026-02-12,HIGH_INTENSITY_OPERATION,5,5.14
INC-0427-046,P-0427,2026-02-15,HIGH_INTENSITY_OPERATION,5,6.16
INC-0427-059,P-0427,2026-02-28,ROUTINE_OPERATION,5,5.84
INC-0427-064,P-0427,2026-03-05,EMERGENCY_RESPONSE,3,5.32
INC-0427-076,P-0427,2026-03-17,HIGH_INTENSITY_OPERATION,5,6.18
INC-0427-081,P-0427,2026-03-22,EMERGENCY_RESPONSE,5,6.02
INC-0427-086,P-0427,2026-03-27,HIGH_INTENSITY_OPERATION,3,3.91
INC-0427-101,P-0427,2026-04-11,EMERGENCY_RESPONSE,5,6.95
INC-0427-139,P-0427,2026-05-19,ROUTINE_OPERATION,4,5.17
INC-0427-141,P-0427,2026-05-21,EMERGENCY_RESPONSE,4,6.09
INC-0427-172,P-0427,2026-06-21,EMERGENCY_RESPONSE,5,5.6
INC-0427-176,P-0427,2026-06-25,EXTENDED_OPERATION,3,3.87
INC-0428-003,P-0428,2026-01-03,HIGH_INTENSITY_OPERATION,2,3.67
INC-0428-036,P-0428,2026-02-05,HIGH_INTENSITY_OPERATION,3,4.51
INC-0428-075,P-0428,2026-03-16,ROUTINE_OPERATION,4,5.22
INC-0428-077,P-0428,2026-03-18,HIGH_INTENSITY_OPERATION,3,4.57
INC-0428-096,P-0428,2026-04-06,EMERGENCY_RESPONSE,3,4.37
INC-0428-100,P-0428,2026-04-10,HIGH_INTENSITY_OPERATION,5,6.41
INC-0429-008,P-0429,2026-01-08,EMERGENCY_RESPONSE,3,4.12
INC-0429-010,P-0429,2026-01-10,EMERGENCY_RESPONSE,3,3.32
INC-0429-014,P-0429,2026-01-14,ROUTINE_OPERATION,5,5.57
INC-0429-018,P-0429,2026-01-18,HIGH_INTENSITY_OPERATION,1,2.43
INC-0429-032,P-0429,2026-02-01,ROUTINE_OPERATION,5,4.89
INC-0429-035,P-0429,2026-02-04,EXTENDED_OPERATION,5,7.07
INC-0429-073,P-0429,2026-03-14,ROUTINE_OPERATION,4,6.43
INC-0429-084,P-0429,2026-03-25,ROUTINE_OPERATION,5,5.26
INC-0429-096,P-0429,2026-04-06,HIGH_INTENSITY_OPERATION,5,6.7
INC-0429-121,P-0429,2026-05-01,ROUTINE_OPERATION,2,3.59
INC-0429-129,P-0429,2026-05-09,HIGH_INTENSITY_OPERATION,2,2.74
INC-0429-133,P-0429,2026-05-13,ROUTINE_OPERATION,4,4.34
INC-0429-167,P-0429,2026-06-16,HIGH_INTENSITY_OPERATION,5,5.36
INC-0430-009,P-0430,2026-01-09,HIGH_INTENSITY_OPERATION,3,3.77
INC-0430-018,P-0430,2026-01-18,HIGH_INTENSITY_OPERATION,4,5.27
INC-0430-024,P-0430,2026-01-24,EMERGENCY_RESPONSE,4,6.43
INC-0431-008,P-0431,2026-01-08,EMERGENCY_RESPONSE,4,5.42
INC-0431-028,P-0431,2026-01-28,HIGH_INTENSITY_OPERATION,4,5.58
INC-0431-040,P-0431,2026-02-09,EXTENDED_OPERATION,5,6.05
INC-0431-070,P-0431,2026-03-11,EXTENDED_OPERATION,3,4.3
INC-0431-074,P-0431,2026-03-15,EXTENDED_OPERATION,4,5.35
INC-0431-080,P-0431,2026-03-21,ROUTINE_OPERATION,4,5.02
INC-0431-142,P-0431,2026-05-22,ROUTINE_OPERATION,2,3.63
INC-0431-148,P-0431,2026-05-28,HIGH_INTENSITY_OPERATION,4,5.61
INC-0431-177,P-0431,2026-06-26,HIGH_INTENSITY_OPERATION,2,3.69
INC-0432-012,P-0432,2026-01-12,EMERGENCY_RESPONSE,3,4.43
INC-0432-013,P-0432,2026-01-13,ROUTINE_OPERATION,4,4.77
INC-0432-029,P-0432,2026-01-29,ROUTINE_OPERATION,5,5.02
INC-0432-040,P-0432,2026-02-09,ROUTINE_OPERATION,3,4.94
INC-0432-043,P-0432,2026-02-12,ROUTINE_OPERATION,1,3.34
INC-0432-060,P-0432,2026-03-01,EMERGENCY_RESPONSE,5,5.33
INC-0432-064,P-0432,2026-03-05,ROUTINE_OPERATION,4,5.51
INC-0432-077,P-0432,2026-03-18,EMERGENCY_RESPONSE,5,7.17
INC-0432-134,P-0432,2026-05-14,HIGH_INTENSITY_OPERATION,4,4.96
INC-0433-005,P-0433,2026-01-05,ROUTINE_OPERATION,5,5.63
INC-0433-020,P-0433,2026-01-20,ROUTINE_OPERATION,5,5.16
INC-0433-021,P-0433,2026-01-21,EMERGENCY_RESPONSE,2,3.23
INC-0433-030,P-0433,2026-01-30,ROUTINE_OPERATION,5,5.07
INC-0433-053,P-0433,2026-02-22,EMERGENCY_RESPONSE,4,5.05
INC-0433-059,P-0433,2026-02-28,EXTENDED_OPERATION,3,4.21
INC-0433-062,P-0433,2026-03-03,HIGH_INTENSITY_OPERATION,4,5.16
INC-0433-069,P-0433,2026-03-10,HIGH_INTENSITY_OPERATION,4,5.96
INC-0433-087,P-0433,2026-03-28,HIGH_INTENSITY_OPERATION,3,4.62
INC-0433-088,P-0433,2026-03-29,HIGH_INTENSITY_OPERATION,4,5.01
INC-0433-123,P-0433,2026-05-03,ROUTINE_OPERATION,4,5.77
INC-0434-019,P-0434,2026-01-19,ROUTINE_OPERATION,4,5.32
INC-0434-030,P-0434,2026-01-30,HIGH_INTENSITY_OPERATION,5,5.95
INC-0434-056,P-0434,2026-02-25,HIGH_INTENSITY_OPERATION,4,5.29
INC-0434-060,P-0434,2026-03-01,HIGH_INTENSITY_OPERATION,4,5.54
INC-0434-063,P-0434,2026-03-04,HIGH_INTENSITY_OPERATION,5,6.15
INC-0434-066,P-0434,2026-03-07,EXTENDED_OPERATION,5,6.86
INC-0434-091,P-0434,2026-04-01,EXTENDED_OPERATION,2,3.99
INC-0434-096,P-0434,2026-04-06,EMERGENCY_RESPONSE,5,5.7
INC-0434-112,P-0434,2026-04-22,HIGH_INTENSITY_OPERATION,5,6.68
INC-0434-117,P-0434,2026-04-27,EMERGENCY_RESPONSE,4,5.23
INC-0434-133,P-0434,2026-05-13,EMERGENCY_RESPONSE,3,3.73
INC-0434-139,P-0434,2026-05-19,HIGH_INTENSITY_OPERATION,5,7.05
INC-0434-145,P-0434,2026-05-25,EMERGENCY_RESPONSE,4,5.6
INC-0434-147,P-0434,2026-05-27,EXTENDED_OPERATION,4,5.65
INC-0434-155,P-0434,2026-06-04,EMERGENCY_RESPONSE,5,6.28
INC-0434-173,P-0434,2026-06-22,HIGH_INTENSITY_OPERATION,5,6.02
INC-0434-176,P-0434,2026-06-25,HIGH_INTENSITY_OPERATION,4,5.49
INC-0435-021,P-0435,2026-01-21,ROUTINE_OPERATION,2,3.81
INC-0435-041,P-0435,2026-02-10,HIGH_INTENSITY_OPERATION,3,3.75
INC-0435-056,P-0435,2026-02-25,EXTENDED_OPERATION,2,3.4
INC-0435-064,P-0435,2026-03-05,EMERGENCY_RESPONSE,3,5.11
INC-0435-070,P-0435,2026-03-11,HIGH_INTENSITY_OPERATION,3,5.05
INC-0435-094,P-0435,2026-04-04,EMERGENCY_RESPONSE,2,3.72
INC-0435-102,P-0435,2026-04-12,EXTENDED_OPERATION,2,3.26
INC-0435-128,P-0435,2026-05-08,HIGH_INTENSITY_OPERATION,4,5.66
INC-0435-170,P-0435,2026-06-19,ROUTINE_OPERATION,3,4.53
INC-0436-022,P-0436,2026-01-22,HIGH_INTENSITY_OPERATION,4,6.54
INC-0436-034,P-0436,2026-02-03,ROUTINE_OPERATION,5,5.17
INC-0436-094,P-0436,2026-04-04,EMERGENCY_RESPONSE,5,4.76
INC-0436-104,P-0436,2026-04-14,EXTENDED_OPERATION,5,6.21
INC-0436-106,P-0436,2026-04-16,ROUTINE_OPERATION,5,6.88
INC-0436-136,P-0436,2026-05-16,HIGH_INTENSITY_OPERATION,5,6.38
INC-0436-144,P-0436,2026-05-24,EMERGENCY_RESPONSE,3,4.92
INC-0436-159,P-0436,2026-06-08,HIGH_INTENSITY_OPERATION,4,6.33
INC-0436-170,P-0436,2026-06-19,HIGH_INTENSITY_OPERATION,5,5.13
INC-0436-171,P-0436,2026-06-20,ROUTINE_OPERATION,4,5.81
INC-0437-009,P-0437,2026-01-09,ROUTINE_OPERATION,5,6.32
INC-0437-014,P-0437,2026-01-14,ROUTINE_OPERATION,4,5.27
INC-0437-017,P-0437,2026-01-17,ROUTINE_OPERATION,3,4.86
INC-0437-020,P-0437,2026-01-20,HIGH_INTENSITY_OPERATION,4,5.41
INC-0437-021,P-0437,2026-01-21,HIGH_INTENSITY_OPERATION,4,5.23
INC-0437-026,P-0437,2026-01-26,ROUTINE_OPERATION,3,4.09
INC-0437-066,P-0437,2026-03-07,ROUTINE_OPERATION,5,6.21
INC-0437-084,P-0437,2026-03-25,EXTENDED_OPERATION,4,5.63
INC-0437-087,P-0437,2026-03-28,ROUTINE_OPERATION,3,4.03
INC-0437-089,P-0437,2026-03-30,ROUTINE_OPERATION,4,5.57
INC-0437-096,P-0437,2026-04-06,HIGH_INTENSITY_OPERATION,4,4.75
INC-0437-138,P-0437,2026-05-18,EXTENDED_OPERATION,4,5.45
INC-0437-142,P-0437,2026-05-22,EMERGENCY_RESPONSE,5,6.05
INC-0438-008,P-0438,2026-01-08,HIGH_INTENSITY_OPERATION,3,4.28
INC-0438-011,P-0438,2026-01-11,HIGH_INTENSITY_OPERATION,3,3.82
INC-0438-021,P-0438,2026-01-21,HIGH_INTENSITY_OPERATION,5,5.46
INC-0438-040,P-0438,2026-02-09,ROUTINE_OPERATION,4,6.51
INC-0438-065,P-0438,2026-03-06,EXTENDED_OPERATION,5,5.21
INC-0438-072,P-0438,2026-03-13,ROUTINE_OPERATION,2,3.62
INC-0438-077,P-0438,2026-03-18,EMERGENCY_RESPONSE,5,7.48
INC-0438-103,P-0438,2026-04-13,EMERGENCY_RESPONSE,3,4.49
INC-0438-131,P-0438,2026-05-11,ROUTINE_OPERATION,3,4.24
INC-0438-140,P-0438,2026-05-20,EXTENDED_OPERATION,4,5.73
INC-0439-004,P-0439,2026-01-04,HIGH_INTENSITY_OPERATION,5,6.58
INC-0439-012,P-0439,2026-01-12,HIGH_INTENSITY_OPERATION,3,3.16
INC-0439-023,P-0439,2026-01-23,EMERGENCY_RESPONSE,4,5.51
INC-0439-048,P-0439,2026-02-17,EMERGENCY_RESPONSE,5,6.38
INC-0439-052,P-0439,2026-02-21,HIGH_INTENSITY_OPERATION,5,5.8
INC-0439-054,P-0439,2026-02-23,EXTENDED_OPERATION,5,5.48
INC-0439-060,P-0439,2026-03-01,EXTENDED_OPERATION,5,5.58
INC-0439-097,P-0439,2026-04-07,EXTENDED_OPERATION,4,5.51
INC-0439-105,P-0439,2026-04-15,HIGH_INTENSITY_OPERATION,3,4.15
INC-0439-120,P-0439,2026-04-30,ROUTINE_OPERATION,4,5.03
INC-0439-123,P-0439,2026-05-03,EMERGENCY_RESPONSE,5,6.36
INC-0439-130,P-0439,2026-05-10,HIGH_INTENSITY_OPERATION,4,5.17
INC-0439-134,P-0439,2026-05-14,EMERGENCY_RESPONSE,5,6.21
INC-0439-159,P-0439,2026-06-08,ROUTINE_OPERATION,4,6.2
INC-0440-009,P-0440,2026-01-09,ROUTINE_OPERATION,5,5.86
INC-0440-013,P-0440,2026-01-13,ROUTINE_OPERATION,5,5.26
INC-0440-015,P-0440,2026-01-15,ROUTINE_OPERATION,5,6.62
INC-0440-035,P-0440,2026-02-04,EMERGENCY_RESPONSE,4,6.68
INC-0440-036,P-0440,2026-02-05,EMERGENCY_RESPONSE,5,5.37
INC-0440-037,P-0440,2026-02-06,EXTENDED_OPERATION,5,6.7
INC-0440-050,P-0440,2026-02-19,EXTENDED_OPERATION,5,7.09
INC-0440-080,P-0440,2026-03-21,HIGH_INTENSITY_OPERATION,5,5.39
INC-0440-109,P-0440,2026-04-19,EXTENDED_OPERATION,5,5.98
INC-0440-125,P-0440,2026-05-05,HIGH_INTENSITY_OPERATION,5,6.51
INC-0440-126,P-0440,2026-05-06,EMERGENCY_RESPONSE,5,6.43
INC-0440-144,P-0440,2026-05-24,ROUTINE_OPERATION,5,6.08
INC-0440-155,P-0440,2026-06-04,ROUTINE_OPERATION,5,5.04
INC-0440-170,P-0440,2026-06-19,HIGH_INTENSITY_OPERATION,5,6.04
INC-0440-175,P-0440,2026-06-24,ROUTINE_OPERATION,3,3.52
INC-0441-001,P-0441,2026-01-01,HIGH_INTENSITY_OPERATION,5,6.02
INC-0441-003,P-0441,2026-01-03,HIGH_INTENSITY_OPERATION,4,4.46
INC-0441-008,P-0441,2026-01-08,HIGH_INTENSITY_OPERATION,5,6.55
INC-0441-039,P-0441,2026-02-08,HIGH_INTENSITY_OPERATION,5,5.84
INC-0441-095,P-0441,2026-04-05,ROUTINE_OPERATION,3,4.29
INC-0441-100,P-0441,2026-04-10,EMERGENCY_RESPONSE,4,3.55
INC-0441-102,P-0441,2026-04-12,HIGH_INTENSITY_OPERATION,4,5.8
INC-0441-107,P-0441,2026-04-17,EXTENDED_OPERATION,5,6.51
INC-0441-134,P-0441,2026-05-14,HIGH_INTENSITY_OPERATION,5,6.38
INC-0441-148,P-0441,2026-05-28,EMERGENCY_RESPONSE,4,3.92
INC-0441-160,P-0441,2026-06-09,ROUTINE_OPERATION,4,4.88
INC-0441-164,P-0441,2026-06-13,EXTENDED_OPERATION,3,5.13
INC-0441-170,P-0441,2026-06-19,EMERGENCY_RESPONSE,5,5.69
INC-0442-005,P-0442,2026-01-05,ROUTINE_OPERATION,5,6.02
INC-0442-012,P-0442,2026-01-12,ROUTINE_OPERATION,5,5.21
INC-0442-036,P-0442,2026-02-05,HIGH_INTENSITY_OPERATION,5,6.96
INC-0442-040,P-0442,2026-02-09,EMERGENCY_RESPONSE,5,4.63
INC-0442-041,P-0442,2026-02-10,HIGH_INTENSITY_OPERATION,4,5.83
INC-0442-051,P-0442,2026-02-20,ROUTINE_OPERATION,5,5.85
INC-0442-076,P-0442,2026-03-17,EMERGENCY_RESPONSE,5,6.15
INC-0442-093,P-0442,2026-04-03,EMERGENCY_RESPONSE,5,5.84
INC-0442-096,P-0442,2026-04-06,HIGH_INTENSITY_OPERATION,5,6.29
INC-0442-097,P-0442,2026-04-07,HIGH_INTENSITY_OPERATION,5,6.15
INC-0442-115,P-0442,2026-04-25,EMERGENCY_RESPONSE,4,4.31
INC-0442-137,P-0442,2026-05-17,HIGH_INTENSITY_OPERATION,5,5.53
INC-0442-155,P-0442,2026-06-04,EMERGENCY_RESPONSE,5,6.13
INC-0442-158,P-0442,2026-06-07,ROUTINE_OPERATION,4,6.02
INC-0443-002,P-0443,2026-01-02,HIGH_INTENSITY_OPERATION,4,4.79
INC-0443-011,P-0443,2026-01-11,EMERGENCY_RESPONSE,4,5.06
INC-0443-045,P-0443,2026-02-14,EMERGENCY_RESPONSE,2,3.85
INC-0443-072,P-0443,2026-03-13,EMERGENCY_RESPONSE,4,7.09
INC-0443-174,P-0443,2026-06-23,HIGH_INTENSITY_OPERATION,4,5.55
INC-0444-114,P-0444,2026-04-24,EMERGENCY_RESPONSE,2,2.57
INC-0444-155,P-0444,2026-06-04,ROUTINE_OPERATION,5,5.69
INC-0445-044,P-0445,2026-02-13,HIGH_INTENSITY_OPERATION,5,6.23
INC-0445-045,P-0445,2026-02-14,HIGH_INTENSITY_OPERATION,5,5.84
INC-0445-053,P-0445,2026-02-22,HIGH_INTENSITY_OPERATION,4,5.16
INC-0445-057,P-0445,2026-02-26,ROUTINE_OPERATION,5,5.42
INC-0445-058,P-0445,2026-02-27,ROUTINE_OPERATION,4,6.07
INC-0445-067,P-0445,2026-03-08,EXTENDED_OPERATION,5,6.04
INC-0445-074,P-0445,2026-03-15,HIGH_INTENSITY_OPERATION,5,5.61
INC-0445-106,P-0445,2026-04-16,EXTENDED_OPERATION,5,5.47
INC-0445-163,P-0445,2026-06-12,ROUTINE_OPERATION,4,5.67
INC-0445-166,P-0445,2026-06-15,EXTENDED_OPERATION,5,5.49
INC-0446-003,P-0446,2026-01-03,EMERGENCY_RESPONSE,5,6.28
INC-0446-006,P-0446,2026-01-06,ROUTINE_OPERATION,5,5.72
INC-0446-011,P-0446,2026-01-11,EMERGENCY_RESPONSE,5,6.36
INC-0446-045,P-0446,2026-02-14,ROUTINE_OPERATION,4,3.78
INC-0446-117,P-0446,2026-04-27,ROUTINE_OPERATION,3,4.51
INC-0446-140,P-0446,2026-05-20,ROUTINE_OPERATION,3,4.27
INC-0447-010,P-0447,2026-01-10,HIGH_INTENSITY_OPERATION,2,3.06
INC-0447-113,P-0447,2026-04-23,HIGH_INTENSITY_OPERATION,4,3.62
INC-0447-125,P-0447,2026-05-05,HIGH_INTENSITY_OPERATION,3,3.6
INC-0447-130,P-0447,2026-05-10,ROUTINE_OPERATION,4,4.72
INC-0447-135,P-0447,2026-05-15,HIGH_INTENSITY_OPERATION,3,4.77
INC-0447-154,P-0447,2026-06-03,HIGH_INTENSITY_OPERATION,5,6.38
INC-0448-018,P-0448,2026-01-18,EMERGENCY_RESPONSE,5,5.0
INC-0448-037,P-0448,2026-02-06,EMERGENCY_RESPONSE,5,5.63
INC-0448-052,P-0448,2026-02-21,EXTENDED_OPERATION,5,5.47
INC-0448-083,P-0448,2026-03-24,HIGH_INTENSITY_OPERATION,5,5.21
INC-0448-087,P-0448,2026-03-28,ROUTINE_OPERATION,4,6.45
INC-0448-094,P-0448,2026-04-04,EMERGENCY_RESPONSE,4,4.15
INC-0448-099,P-0448,2026-04-09,HIGH_INTENSITY_OPERATION,3,3.89
INC-0448-168,P-0448,2026-06-17,EXTENDED_OPERATION,5,5.8
INC-0449-012,P-0449,2026-01-12,EMERGENCY_RESPONSE,5,6.48
INC-0449-013,P-0449,2026-01-13,EMERGENCY_RESPONSE,5,5.91
INC-0449-016,P-0449,2026-01-16,EXTENDED_OPERATION,5,5.2
INC-0449-017,P-0449,2026-01-17,ROUTINE_OPERATION,5,5.9
INC-0449-029,P-0449,2026-01-29,EXTENDED_OPERATION,4,4.31
INC-0449-037,P-0449,2026-02-06,HIGH_INTENSITY_OPERATION,4,5.06
INC-0449-038,P-0449,2026-02-07,HIGH_INTENSITY_OPERATION,5,5.94
INC-0449-056,P-0449,2026-02-25,ROUTINE_OPERATION,5,5.03
INC-0449-058,P-0449,2026-02-27,HIGH_INTENSITY_OPERATION,5,5.83
INC-0449-062,P-0449,2026-03-03,ROUTINE_OPERATION,5,5.59
INC-0449-071,P-0449,2026-03-12,HIGH_INTENSITY_OPERATION,5,6.81
INC-0449-084,P-0449,2026-03-25,EXTENDED_OPERATION,5,6.65
INC-0449-097,P-0449,2026-04-07,ROUTINE_OPERATION,4,5.44
INC-0449-102,P-0449,2026-04-12,ROUTINE_OPERATION,3,4.48
INC-0449-134,P-0449,2026-05-14,ROUTINE_OPERATION,4,4.25
INC-0449-147,P-0449,2026-05-27,ROUTINE_OPERATION,5,5.97
INC-0450-016,P-0450,2026-01-16,HIGH_INTENSITY_OPERATION,5,5.43
INC-0450-049,P-0450,2026-02-18,HIGH_INTENSITY_OPERATION,4,5.47
INC-0450-109,P-0450,2026-04-19,ROUTINE_OPERATION,5,5.92
INC-0451-023,P-0451,2026-01-23,ROUTINE_OPERATION,5,5.97
INC-0451-031,P-0451,2026-01-31,HIGH_INTENSITY_OPERATION,3,5.14
INC-0451-055,P-0451,2026-02-24,EMERGENCY_RESPONSE,5,5.25
INC-0451-101,P-0451,2026-04-11,ROUTINE_OPERATION,2,3.94
INC-0451-116,P-0451,2026-04-26,HIGH_INTENSITY_OPERATION,5,6.45
INC-0451-170,P-0451,2026-06-19,EXTENDED_OPERATION,3,4.61
INC-0452-009,P-0452,2026-01-09,HIGH_INTENSITY_OPERATION,5,6.17
INC-0452-034,P-0452,2026-02-03,EMERGENCY_RESPONSE,4,6.56
INC-0452-109,P-0452,2026-04-19,ROUTINE_OPERATION,5,5.21
INC-0453-002,P-0453,2026-01-02,ROUTINE_OPERATION,5,6.15
INC-0453-003,P-0453,2026-01-03,EXTENDED_OPERATION,5,6.11
INC-0453-016,P-0453,2026-01-16,ROUTINE_OPERATION,4,4.28
INC-0453-023,P-0453,2026-01-23,EXTENDED_OPERATION,3,4.85
INC-0453-024,P-0453,2026-01-24,HIGH_INTENSITY_OPERATION,5,5.41
INC-0453-034,P-0453,2026-02-03,ROUTINE_OPERATION,5,6.11
INC-0453-043,P-0453,2026-02-12,EMERGENCY_RESPONSE,5,6.49
INC-0453-062,P-0453,2026-03-03,HIGH_INTENSITY_OPERATION,4,4.94
INC-0453-083,P-0453,2026-03-24,EXTENDED_OPERATION,4,5.03
INC-0453-126,P-0453,2026-05-06,EMERGENCY_RESPONSE,4,3.62
INC-0453-130,P-0453,2026-05-10,HIGH_INTENSITY_OPERATION,5,6.09
INC-0453-133,P-0453,2026-05-13,HIGH_INTENSITY_OPERATION,5,6.94
INC-0453-140,P-0453,2026-05-20,ROUTINE_OPERATION,4,5.38
INC-0453-141,P-0453,2026-05-21,ROUTINE_OPERATION,4,5.61
INC-0453-145,P-0453,2026-05-25,ROUTINE_OPERATION,5,6.01
INC-0453-146,P-0453,2026-05-26,HIGH_INTENSITY_OPERATION,5,6.17
INC-0453-148,P-0453,2026-05-28,EMERGENCY_RESPONSE,5,7.04
INC-0453-154,P-0453,2026-06-03,ROUTINE_OPERATION,4,5.17
INC-0453-164,P-0453,2026-06-13,EXTENDED_OPERATION,5,6.63
INC-0453-167,P-0453,2026-06-16,HIGH_INTENSITY_OPERATION,5,6.26
INC-0453-171,P-0453,2026-06-20,ROUTINE_OPERATION,5,6.28
INC-0453-175,P-0453,2026-06-24,EMERGENCY_RESPONSE,5,5.69
INC-0454-014,P-0454,2026-01-14,EXTENDED_OPERATION,3,4.76
INC-0454-026,P-0454,2026-01-26,HIGH_INTENSITY_OPERATION,4,5.19
INC-0454-122,P-0454,2026-05-02,ROUTINE_OPERATION,2,3.44
INC-0454-162,P-0454,2026-06-11,ROUTINE_OPERATION,3,4.61
INC-0455-008,P-0455,2026-01-08,EXTENDED_OPERATION,5,5.64
INC-0455-017,P-0455,2026-01-17,EMERGENCY_RESPONSE,5,6.4
INC-0455-029,P-0455,2026-01-29,HIGH_INTENSITY_OPERATION,4,5.83
INC-0455-038,P-0455,2026-02-07,EMERGENCY_RESPONSE,3,3.96
INC-0455-045,P-0455,2026-02-14,HIGH_INTENSITY_OPERATION,3,5.05
INC-0455-069,P-0455,2026-03-10,EXTENDED_OPERATION,3,3.14
INC-0455-088,P-0455,2026-03-29,EMERGENCY_RESPONSE,4,6.09
INC-0455-098,P-0455,2026-04-08,EXTENDED_OPERATION,3,4.3
INC-0455-104,P-0455,2026-04-14,EXTENDED_OPERATION,2,4.44
INC-0455-142,P-0455,2026-05-22,EMERGENCY_RESPONSE,4,4.58
INC-0455-146,P-0455,2026-05-26,EXTENDED_OPERATION,3,3.94
INC-0455-174,P-0455,2026-06-23,ROUTINE_OPERATION,4,4.87
INC-0456-035,P-0456,2026-02-04,EMERGENCY_RESPONSE,4,5.58
INC-0457-002,P-0457,2026-01-02,ROUTINE_OPERATION,2,3.99
INC-0457-009,P-0457,2026-01-09,ROUTINE_OPERATION,5,6.79
INC-0457-037,P-0457,2026-02-06,ROUTINE_OPERATION,4,5.49
INC-0457-061,P-0457,2026-03-02,ROUTINE_OPERATION,3,4.24
INC-0457-077,P-0457,2026-03-18,ROUTINE_OPERATION,4,4.81
INC-0457-078,P-0457,2026-03-19,EMERGENCY_RESPONSE,5,6.24
INC-0457-080,P-0457,2026-03-21,EXTENDED_OPERATION,5,7.13
INC-0457-082,P-0457,2026-03-23,HIGH_INTENSITY_OPERATION,4,5.71
INC-0457-083,P-0457,2026-03-24,EXTENDED_OPERATION,5,5.5
INC-0457-089,P-0457,2026-03-30,ROUTINE_OPERATION,5,5.49
INC-0457-101,P-0457,2026-04-11,HIGH_INTENSITY_OPERATION,5,6.27
INC-0457-103,P-0457,2026-04-13,EMERGENCY_RESPONSE,4,6.03
INC-0457-127,P-0457,2026-05-07,HIGH_INTENSITY_OPERATION,4,5.08
INC-0457-138,P-0457,2026-05-18,EXTENDED_OPERATION,4,4.83
INC-0457-144,P-0457,2026-05-24,HIGH_INTENSITY_OPERATION,4,4.51
INC-0457-172,P-0457,2026-06-21,EMERGENCY_RESPONSE,5,6.2
INC-0458-002,P-0458,2026-01-02,EXTENDED_OPERATION,4,4.72
INC-0458-006,P-0458,2026-01-06,ROUTINE_OPERATION,5,5.25
INC-0458-086,P-0458,2026-03-27,ROUTINE_OPERATION,5,5.84
INC-0459-009,P-0459,2026-01-09,HIGH_INTENSITY_OPERATION,2,3.68
INC-0459-025,P-0459,2026-01-25,EMERGENCY_RESPONSE,4,5.52
INC-0459-036,P-0459,2026-02-05,ROUTINE_OPERATION,4,4.73
INC-0459-038,P-0459,2026-02-07,ROUTINE_OPERATION,4,5.86
INC-0460-003,P-0460,2026-01-03,HIGH_INTENSITY_OPERATION,5,6.43
INC-0460-023,P-0460,2026-01-23,EMERGENCY_RESPONSE,4,5.89
INC-0460-024,P-0460,2026-01-24,ROUTINE_OPERATION,5,5.67
INC-0460-050,P-0460,2026-02-19,EMERGENCY_RESPONSE,4,6.21
INC-0460-055,P-0460,2026-02-24,HIGH_INTENSITY_OPERATION,4,5.85
INC-0460-078,P-0460,2026-03-19,EMERGENCY_RESPONSE,3,3.92
INC-0460-092,P-0460,2026-04-02,HIGH_INTENSITY_OPERATION,4,5.51
INC-0460-096,P-0460,2026-04-06,ROUTINE_OPERATION,4,5.72
INC-0460-099,P-0460,2026-04-09,HIGH_INTENSITY_OPERATION,5,4.34
INC-0460-105,P-0460,2026-04-15,EMERGENCY_RESPONSE,3,4.7
INC-0460-110,P-0460,2026-04-20,HIGH_INTENSITY_OPERATION,5,5.87
INC-0460-116,P-0460,2026-04-26,ROUTINE_OPERATION,3,4.33
INC-0460-118,P-0460,2026-04-28,HIGH_INTENSITY_OPERATION,5,6.94
INC-0460-133,P-0460,2026-05-13,EMERGENCY_RESPONSE,5,5.92
INC-0460-147,P-0460,2026-05-27,HIGH_INTENSITY_OPERATION,3,3.29
INC-0460-158,P-0460,2026-06-07,EMERGENCY_RESPONSE,5,6.14
INC-0460-166,P-0460,2026-06-15,HIGH_INTENSITY_OPERATION,2,3.55
INC-0460-169,P-0460,2026-06-18,ROUTINE_OPERATION,4,5.53
INC-0460-174,P-0460,2026-06-23,HIGH_INTENSITY_OPERATION,3,4.99
INC-0460-179,P-0460,2026-06-28,ROUTINE_OPERATION,2,2.2
INC-0461-026,P-0461,2026-01-26,HIGH_INTENSITY_OPERATION,5,7.4
INC-0461-068,P-0461,2026-03-09,HIGH_INTENSITY_OPERATION,5,7.35
INC-0461-072,P-0461,2026-03-13,ROUTINE_OPERATION,4,4.56
INC-0461-113,P-0461,2026-04-23,EMERGENCY_RESPONSE,3,4.5
INC-0461-136,P-0461,2026-05-16,HIGH_INTENSITY_OPERATION,5,5.91
INC-0461-163,P-0461,2026-06-12,EXTENDED_OPERATION,5,5.59
INC-0462-029,P-0462,2026-01-29,HIGH_INTENSITY_OPERATION,5,6.79
INC-0462-049,P-0462,2026-02-18,HIGH_INTENSITY_OPERATION,2,3.04
INC-0462-061,P-0462,2026-03-02,HIGH_INTENSITY_OPERATION,3,4.9
INC-0462-064,P-0462,2026-03-05,EMERGENCY_RESPONSE,4,4.6
INC-0462-083,P-0462,2026-03-24,ROUTINE_OPERATION,5,5.62
INC-0462-085,P-0462,2026-03-26,ROUTINE_OPERATION,4,4.7
INC-0462-087,P-0462,2026-03-28,HIGH_INTENSITY_OPERATION,5,6.27
INC-0462-095,P-0462,2026-04-05,ROUTINE_OPERATION,3,4.88
INC-0462-100,P-0462,2026-04-10,ROUTINE_OPERATION,3,4.25
INC-0462-103,P-0462,2026-04-13,EXTENDED_OPERATION,4,5.27
INC-0462-109,P-0462,2026-04-19,EXTENDED_OPERATION,4,4.55
INC-0462-151,P-0462,2026-05-31,HIGH_INTENSITY_OPERATION,4,4.86
INC-0462-167,P-0462,2026-06-16,EXTENDED_OPERATION,3,3.67
INC-0462-178,P-0462,2026-06-27,EXTENDED_OPERATION,4,5.04
INC-0463-022,P-0463,2026-01-22,ROUTINE_OPERATION,2,3.74
INC-0463-070,P-0463,2026-03-11,EMERGENCY_RESPONSE,2,3.67
INC-0464-014,P-0464,2026-01-14,ROUTINE_OPERATION,3,5.51
INC-0464-053,P-0464,2026-02-22,ROUTINE_OPERATION,5,6.56
INC-0464-056,P-0464,2026-02-25,ROUTINE_OPERATION,5,5.72
INC-0464-061,P-0464,2026-03-02,EXTENDED_OPERATION,3,4.0
INC-0464-113,P-0464,2026-04-23,HIGH_INTENSITY_OPERATION,3,4.33
INC-0464-119,P-0464,2026-04-29,HIGH_INTENSITY_OPERATION,3,4.48
INC-0464-123,P-0464,2026-05-03,HIGH_INTENSITY_OPERATION,3,4.64
INC-0464-127,P-0464,2026-05-07,HIGH_INTENSITY_OPERATION,2,2.91
INC-0464-158,P-0464,2026-06-07,EMERGENCY_RESPONSE,5,7.36
INC-0464-162,P-0464,2026-06-11,HIGH_INTENSITY_OPERATION,4,5.42
INC-0464-166,P-0464,2026-06-15,ROUTINE_OPERATION,4,4.84
INC-0465-027,P-0465,2026-01-27,EXTENDED_OPERATION,3,4.47
INC-0465-072,P-0465,2026-03-13,HIGH_INTENSITY_OPERATION,4,5.0
INC-0465-073,P-0465,2026-03-14,ROUTINE_OPERATION,3,5.05
INC-0465-168,P-0465,2026-06-17,HIGH_INTENSITY_OPERATION,5,5.76
INC-0465-173,P-0465,2026-06-22,EMERGENCY_RESPONSE,4,5.06
INC-0466-044,P-0466,2026-02-13,EMERGENCY_RESPONSE,4,5.1
INC-0466-156,P-0466,2026-06-05,HIGH_INTENSITY_OPERATION,3,5.42
INC-0467-012,P-0467,2026-01-12,ROUTINE_OPERATION,5,5.83
INC-0467-053,P-0467,2026-02-22,EXTENDED_OPERATION,4,3.93
INC-0467-057,P-0467,2026-02-26,HIGH_INTENSITY_OPERATION,4,4.55
INC-0468-037,P-0468,2026-02-06,EXTENDED_OPERATION,3,4.52
INC-0468-085,P-0468,2026-03-26,ROUTINE_OPERATION,2,3.11
INC-0468-173,P-0468,2026-06-22,EMERGENCY_RESPONSE,1,2.5
INC-0469-060,P-0469,2026-03-01,ROUTINE_OPERATION,5,6.0
INC-0469-074,P-0469,2026-03-15,EMERGENCY_RESPONSE,4,4.97
INC-0469-087,P-0469,2026-03-28,EMERGENCY_RESPONSE,3,4.24
INC-0469-117,P-0469,2026-04-27,ROUTINE_OPERATION,5,5.77
INC-0469-129,P-0469,2026-05-09,EXTENDED_OPERATION,5,6.58
INC-0469-149,P-0469,2026-05-29,ROUTINE_OPERATION,4,5.18
INC-0469-177,P-0469,2026-06-26,HIGH_INTENSITY_OPERATION,4,4.8
INC-0470-002,P-0470,2026-01-02,ROUTINE_OPERATION,4,5.25
INC-0470-004,P-0470,2026-01-04,ROUTINE_OPERATION,4,6.28
INC-0470-089,P-0470,2026-03-30,ROUTINE_OPERATION,4,4.74
INC-0470-093,P-0470,2026-04-03,ROUTINE_OPERATION,5,5.47
INC-0471-014,P-0471,2026-01-14,HIGH_INTENSITY_OPERATION,2,3.8
INC-0471-031,P-0471,2026-01-31,ROUTINE_OPERATION,5,6.08
INC-0471-048,P-0471,2026-02-17,HIGH_INTENSITY_OPERATION,4,6.07
INC-0471-057,P-0471,2026-02-26,EMERGENCY_RESPONSE,4,4.33
INC-0471-077,P-0471,2026-03-18,HIGH_INTENSITY_OPERATION,5,6.38
INC-0471-118,P-0471,2026-04-28,ROUTINE_OPERATION,2,3.55
INC-0471-149,P-0471,2026-05-29,ROUTINE_OPERATION,5,6.35
INC-0471-156,P-0471,2026-06-05,EMERGENCY_RESPONSE,4,5.08
INC-0472-030,P-0472,2026-01-30,EXTENDED_OPERATION,2,3.01
INC-0472-039,P-0472,2026-02-08,ROUTINE_OPERATION,3,3.65
INC-0472-060,P-0472,2026-03-01,ROUTINE_OPERATION,4,5.32
INC-0472-062,P-0472,2026-03-03,EMERGENCY_RESPONSE,4,5.51
INC-0472-132,P-0472,2026-05-12,ROUTINE_OPERATION,2,3.7
INC-0472-172,P-0472,2026-06-21,HIGH_INTENSITY_OPERATION,2,2.93
INC-0473-002,P-0473,2026-01-02,HIGH_INTENSITY_OPERATION,5,6.24
INC-0473-024,P-0473,2026-01-24,HIGH_INTENSITY_OPERATION,5,5.93
INC-0473-043,P-0473,2026-02-12,EMERGENCY_RESPONSE,4,4.16
INC-0473-058,P-0473,2026-02-27,EMERGENCY_RESPONSE,5,5.9
INC-0473-071,P-0473,2026-03-12,EMERGENCY_RESPONSE,5,5.23
INC-0473-105,P-0473,2026-04-15,EMERGENCY_RESPONSE,4,4.77
INC-0473-126,P-0473,2026-05-06,EMERGENCY_RESPONSE,5,6.52
INC-0473-142,P-0473,2026-05-22,EMERGENCY_RESPONSE,5,5.66
INC-0473-149,P-0473,2026-05-29,HIGH_INTENSITY_OPERATION,5,6.17
INC-0473-153,P-0473,2026-06-02,EMERGENCY_RESPONSE,3,4.16
INC-0473-159,P-0473,2026-06-08,HIGH_INTENSITY_OPERATION,4,4.41
INC-0473-161,P-0473,2026-06-10,ROUTINE_OPERATION,4,5.29
INC-0473-163,P-0473,2026-06-12,HIGH_INTENSITY_OPERATION,4,5.33
INC-0473-167,P-0473,2026-06-16,EMERGENCY_RESPONSE,5,6.3
INC-0473-173,P-0473,2026-06-22,HIGH_INTENSITY_OPERATION,5,6.66
INC-0473-175,P-0473,2026-06-24,HIGH_INTENSITY_OPERATION,5,7.41
INC-0474-033,P-0474,2026-02-02,EXTENDED_OPERATION,4,6.54
INC-0474-052,P-0474,2026-02-21,EMERGENCY_RESPONSE,5,6.29
INC-0474-054,P-0474,2026-02-23,HIGH_INTENSITY_OPERATION,4,2.78
INC-0474-056,P-0474,2026-02-25,HIGH_INTENSITY_OPERATION,5,6.05
INC-0474-059,P-0474,2026-02-28,HIGH_INTENSITY_OPERATION,5,6.51
INC-0474-067,P-0474,2026-03-08,HIGH_INTENSITY_OPERATION,2,3.6
INC-0474-077,P-0474,2026-03-18,ROUTINE_OPERATION,5,7.02
INC-0474-085,P-0474,2026-03-26,ROUTINE_OPERATION,2,3.95
INC-0474-107,P-0474,2026-04-17,EMERGENCY_RESPONSE,5,6.17
INC-0474-108,P-0474,2026-04-18,EXTENDED_OPERATION,4,5.89
INC-0474-119,P-0474,2026-04-29,EMERGENCY_RESPONSE,4,5.87
INC-0474-126,P-0474,2026-05-06,EMERGENCY_RESPONSE,3,4.49
INC-0474-149,P-0474,2026-05-29,HIGH_INTENSITY_OPERATION,5,7.16
INC-0475-003,P-0475,2026-01-03,EMERGENCY_RESPONSE,5,6.96
INC-0475-004,P-0475,2026-01-04,EMERGENCY_RESPONSE,2,3.44
INC-0475-033,P-0475,2026-02-02,HIGH_INTENSITY_OPERATION,5,6.73
INC-0475-039,P-0475,2026-02-08,HIGH_INTENSITY_OPERATION,4,4.68
INC-0475-051,P-0475,2026-02-20,EMERGENCY_RESPONSE,3,3.81
INC-0475-052,P-0475,2026-02-21,EMERGENCY_RESPONSE,5,6.06
INC-0475-056,P-0475,2026-02-25,EXTENDED_OPERATION,4,5.46
INC-0475-089,P-0475,2026-03-30,HIGH_INTENSITY_OPERATION,5,6.22
INC-0475-090,P-0475,2026-03-31,HIGH_INTENSITY_OPERATION,3,4.83
INC-0475-099,P-0475,2026-04-09,HIGH_INTENSITY_OPERATION,5,6.01
INC-0475-123,P-0475,2026-05-03,EXTENDED_OPERATION,4,4.82
INC-0475-142,P-0475,2026-05-22,HIGH_INTENSITY_OPERATION,4,5.78
INC-0475-145,P-0475,2026-05-25,EMERGENCY_RESPONSE,5,6.44
INC-0475-147,P-0475,2026-05-27,EXTENDED_OPERATION,5,6.05
INC-0475-166,P-0475,2026-06-15,HIGH_INTENSITY_OPERATION,4,5.48
INC-0476-067,P-0476,2026-03-08,HIGH_INTENSITY_OPERATION,5,5.56
INC-0476-147,P-0476,2026-05-27,ROUTINE_OPERATION,2,4.33
INC-0477-043,P-0477,2026-02-12,HIGH_INTENSITY_OPERATION,1,3.4
INC-0477-058,P-0477,2026-02-27,EMERGENCY_RESPONSE,5,5.85
INC-0477-083,P-0477,2026-03-24,EMERGENCY_RESPONSE,5,6.96
INC-0477-084,P-0477,2026-03-25,ROUTINE_OPERATION,3,4.07
INC-0477-093,P-0477,2026-04-03,ROUTINE_OPERATION,1,3.48
INC-0477-174,P-0477,2026-06-23,ROUTINE_OPERATION,3,4.07
INC-0478-007,P-0478,2026-01-07,HIGH_INTENSITY_OPERATION,5,7.04
INC-0478-085,P-0478,2026-03-26,HIGH_INTENSITY_OPERATION,4,5.12
INC-0478-127,P-0478,2026-05-07,ROUTINE_OPERATION,4,5.31
INC-0478-132,P-0478,2026-05-12,EXTENDED_OPERATION,5,6.79
INC-0479-019,P-0479,2026-01-19,HIGH_INTENSITY_OPERATION,5,5.12
INC-0479-021,P-0479,2026-01-21,HIGH_INTENSITY_OPERATION,3,3.89
INC-0479-027,P-0479,2026-01-27,ROUTINE_OPERATION,5,5.73
INC-0479-044,P-0479,2026-02-13,HIGH_INTENSITY_OPERATION,4,6.63
INC-0479-050,P-0479,2026-02-19,EXTENDED_OPERATION,4,5.41
INC-0479-052,P-0479,2026-02-21,EMERGENCY_RESPONSE,5,6.41
INC-0479-053,P-0479,2026-02-22,EXTENDED_OPERATION,4,5.28
INC-0479-060,P-0479,2026-03-01,EXTENDED_OPERATION,5,5.99
INC-0479-065,P-0479,2026-03-06,HIGH_INTENSITY_OPERATION,5,6.69
INC-0479-131,P-0479,2026-05-11,HIGH_INTENSITY_OPERATION,4,5.23
INC-0479-137,P-0479,2026-05-17,HIGH_INTENSITY_OPERATION,5,6.12
INC-0479-164,P-0479,2026-06-13,EXTENDED_OPERATION,4,5.29
INC-0479-169,P-0479,2026-06-18,EMERGENCY_RESPONSE,5,6.22
INC-0480-002,P-0480,2026-01-02,EXTENDED_OPERATION,5,5.93
INC-0480-010,P-0480,2026-01-10,HIGH_INTENSITY_OPERATION,3,4.56
INC-0480-011,P-0480,2026-01-11,ROUTINE_OPERATION,3,5.17
INC-0480-015,P-0480,2026-01-15,ROUTINE_OPERATION,3,3.56
INC-0480-054,P-0480,2026-02-23,ROUTINE_OPERATION,5,5.57
INC-0480-055,P-0480,2026-02-24,HIGH_INTENSITY_OPERATION,3,4.33
INC-0480-059,P-0480,2026-02-28,HIGH_INTENSITY_OPERATION,5,5.84
INC-0480-067,P-0480,2026-03-08,HIGH_INTENSITY_OPERATION,3,4.83
INC-0480-074,P-0480,2026-03-15,ROUTINE_OPERATION,5,6.76
INC-0480-113,P-0480,2026-04-23,ROUTINE_OPERATION,3,5.47
INC-0480-152,P-0480,2026-06-01,EXTENDED_OPERATION,4,5.23
INC-0480-154,P-0480,2026-06-03,HIGH_INTENSITY_OPERATION,4,4.81
INC-0480-177,P-0480,2026-06-26,ROUTINE_OPERATION,3,4.31
INC-0481-009,P-0481,2026-01-09,EMERGENCY_RESPONSE,5,6.47
INC-0481-025,P-0481,2026-01-25,ROUTINE_OPERATION,2,2.88
INC-0481-056,P-0481,2026-02-25,HIGH_INTENSITY_OPERATION,4,5.42
INC-0481-092,P-0481,2026-04-02,HIGH_INTENSITY_OPERATION,5,6.26
INC-0481-154,P-0481,2026-06-03,HIGH_INTENSITY_OPERATION,4,6.03
INC-0482-008,P-0482,2026-01-08,ROUTINE_OPERATION,4,4.38
INC-0482-015,P-0482,2026-01-15,ROUTINE_OPERATION,3,5.15
INC-0482-026,P-0482,2026-01-26,EMERGENCY_RESPONSE,3,4.13
INC-0482-064,P-0482,2026-03-05,ROUTINE_OPERATION,3,3.6
INC-0482-108,P-0482,2026-04-18,EXTENDED_OPERATION,5,6.26
INC-0482-142,P-0482,2026-05-22,EMERGENCY_RESPONSE,2,3.17
INC-0482-144,P-0482,2026-05-24,HIGH_INTENSITY_OPERATION,2,3.55
INC-0482-146,P-0482,2026-05-26,ROUTINE_OPERATION,4,4.73
INC-0482-152,P-0482,2026-06-01,EMERGENCY_RESPONSE,3,3.89
INC-0482-159,P-0482,2026-06-08,HIGH_INTENSITY_OPERATION,5,6.21
INC-0482-166,P-0482,2026-06-15,HIGH_INTENSITY_OPERATION,3,4.23
INC-0482-179,P-0482,2026-06-28,ROUTINE_OPERATION,4,4.77
INC-0483-011,P-0483,2026-01-11,ROUTINE_OPERATION,4,6.09
INC-0483-041,P-0483,2026-02-10,HIGH_INTENSITY_OPERATION,4,4.42
INC-0483-053,P-0483,2026-02-22,HIGH_INTENSITY_OPERATION,5,6.13
INC-0483-085,P-0483,2026-03-26,HIGH_INTENSITY_OPERATION,3,3.67
INC-0483-123,P-0483,2026-05-03,HIGH_INTENSITY_OPERATION,5,6.2
INC-0484-013,P-0484,2026-01-13,EMERGENCY_RESPONSE,5,5.98
INC-0484-026,P-0484,2026-01-26,ROUTINE_OPERATION,3,3.6
INC-0484-096,P-0484,2026-04-06,HIGH_INTENSITY_OPERATION,4,5.0
INC-0485-025,P-0485,2026-01-25,HIGH_INTENSITY_OPERATION,5,5.61
INC-0485-042,P-0485,2026-02-11,HIGH_INTENSITY_OPERATION,4,5.4
INC-0485-053,P-0485,2026-02-22,HIGH_INTENSITY_OPERATION,5,6.47
INC-0485-062,P-0485,2026-03-03,EMERGENCY_RESPONSE,4,5.88
INC-0485-072,P-0485,2026-03-13,ROUTINE_OPERATION,5,5.19
INC-0485-087,P-0485,2026-03-28,ROUTINE_OPERATION,5,5.91
INC-0485-090,P-0485,2026-03-31,EMERGENCY_RESPONSE,5,5.68
INC-0485-093,P-0485,2026-04-03,HIGH_INTENSITY_OPERATION,4,5.52
INC-0485-096,P-0485,2026-04-06,ROUTINE_OPERATION,5,7.11
INC-0485-098,P-0485,2026-04-08,EMERGENCY_RESPONSE,4,4.6
INC-0485-101,P-0485,2026-04-11,EXTENDED_OPERATION,5,6.88
INC-0485-133,P-0485,2026-05-13,HIGH_INTENSITY_OPERATION,4,4.76
INC-0486-017,P-0486,2026-01-17,EXTENDED_OPERATION,4,5.49
INC-0486-050,P-0486,2026-02-19,ROUTINE_OPERATION,4,4.93
INC-0486-128,P-0486,2026-05-08,EMERGENCY_RESPONSE,2,3.54
INC-0487-006,P-0487,2026-01-06,ROUTINE_OPERATION,5,6.41
INC-0487-046,P-0487,2026-02-15,EMERGENCY_RESPONSE,3,4.07
INC-0487-054,P-0487,2026-02-23,ROUTINE_OPERATION,4,5.4
INC-0487-071,P-0487,2026-03-12,HIGH_INTENSITY_OPERATION,5,5.24
INC-0487-082,P-0487,2026-03-23,EXTENDED_OPERATION,4,4.78
INC-0487-083,P-0487,2026-03-24,EMERGENCY_RESPONSE,5,7.07
INC-0487-086,P-0487,2026-03-27,EMERGENCY_RESPONSE,5,5.8
INC-0487-099,P-0487,2026-04-09,EMERGENCY_RESPONSE,3,4.71
INC-0488-090,P-0488,2026-03-31,ROUTINE_OPERATION,5,6.12
INC-0488-094,P-0488,2026-04-04,HIGH_INTENSITY_OPERATION,5,6.72
INC-0488-095,P-0488,2026-04-05,ROUTINE_OPERATION,5,5.86
INC-0488-111,P-0488,2026-04-21,EMERGENCY_RESPONSE,2,2.76
INC-0488-148,P-0488,2026-05-28,HIGH_INTENSITY_OPERATION,1,3.25
INC-0488-153,P-0488,2026-06-02,ROUTINE_OPERATION,2,3.51
INC-0489-003,P-0489,2026-01-03,ROUTINE_OPERATION,4,5.06
INC-0489-054,P-0489,2026-02-23,HIGH_INTENSITY_OPERATION,3,5.19
INC-0489-082,P-0489,2026-03-23,EMERGENCY_RESPONSE,4,5.03
INC-0489-098,P-0489,2026-04-08,HIGH_INTENSITY_OPERATION,5,6.07
INC-0489-113,P-0489,2026-04-23,EMERGENCY_RESPONSE,4,4.55
INC-0490-002,P-0490,2026-01-02,ROUTINE_OPERATION,1,1.96
INC-0490-094,P-0490,2026-04-04,HIGH_INTENSITY_OPERATION,3,4.39
INC-0490-107,P-0490,2026-04-17,ROUTINE_OPERATION,3,4.65
INC-0490-125,P-0490,2026-05-05,EMERGENCY_RESPONSE,4,5.86
INC-0490-130,P-0490,2026-05-10,ROUTINE_OPERATION,2,4.09
INC-0490-136,P-0490,2026-05-16,ROUTINE_OPERATION,4,4.67
INC-0490-145,P-0490,2026-05-25,ROUTINE_OPERATION,2,2.78
INC-0491-025,P-0491,2026-01-25,EMERGENCY_RESPONSE,5,6.05
INC-0491-037,P-0491,2026-02-06,ROUTINE_OPERATION,5,5.19
INC-0491-040,P-0491,2026-02-09,ROUTINE_OPERATION,5,5.35
INC-0491-064,P-0491,2026-03-05,HIGH_INTENSITY_OPERATION,5,5.93
INC-0491-119,P-0491,2026-04-29,ROUTINE_OPERATION,1,2.58
INC-0491-134,P-0491,2026-05-14,EMERGENCY_RESPONSE,5,6.36
INC-0491-137,P-0491,2026-05-17,ROUTINE_OPERATION,3,4.57
INC-0491-139,P-0491,2026-05-19,ROUTINE_OPERATION,3,3.76
INC-0491-147,P-0491,2026-05-27,ROUTINE_OPERATION,3,4.07
INC-0492-007,P-0492,2026-01-07,EMERGENCY_RESPONSE,5,5.81
INC-0492-050,P-0492,2026-02-19,EMERGENCY_RESPONSE,5,7.27
INC-0492-052,P-0492,2026-02-21,EXTENDED_OPERATION,4,5.71
INC-0492-073,P-0492,2026-03-14,HIGH_INTENSITY_OPERATION,5,5.22
INC-0492-088,P-0492,2026-03-29,ROUTINE_OPERATION,4,5.16
INC-0492-098,P-0492,2026-04-08,ROUTINE_OPERATION,2,3.38
INC-0492-147,P-0492,2026-05-27,ROUTINE_OPERATION,2,3.03
INC-0493-022,P-0493,2026-01-22,ROUTINE_OPERATION,5,5.13
INC-0493-025,P-0493,2026-01-25,HIGH_INTENSITY_OPERATION,4,4.6
INC-0493-026,P-0493,2026-01-26,EMERGENCY_RESPONSE,3,5.48
INC-0493-033,P-0493,2026-02-02,ROUTINE_OPERATION,3,4.33
INC-0493-053,P-0493,2026-02-22,EMERGENCY_RESPONSE,5,6.77
INC-0493-068,P-0493,2026-03-09,ROUTINE_OPERATION,4,5.37
INC-0493-069,P-0493,2026-03-10,HIGH_INTENSITY_OPERATION,5,5.82
INC-0493-108,P-0493,2026-04-18,ROUTINE_OPERATION,3,4.34
INC-0493-126,P-0493,2026-05-06,EXTENDED_OPERATION,5,5.97
INC-0493-128,P-0493,2026-05-08,ROUTINE_OPERATION,4,4.89
INC-0493-149,P-0493,2026-05-29,EXTENDED_OPERATION,5,5.45
INC-0494-017,P-0494,2026-01-17,HIGH_INTENSITY_OPERATION,5,5.6
INC-0494-050,P-0494,2026-02-19,ROUTINE_OPERATION,5,5.84
INC-0494-077,P-0494,2026-03-18,EMERGENCY_RESPONSE,5,6.66
INC-0494-084,P-0494,2026-03-25,EXTENDED_OPERATION,5,7.07
INC-0494-085,P-0494,2026-03-26,HIGH_INTENSITY_OPERATION,5,5.88
INC-0494-086,P-0494,2026-03-27,EMERGENCY_RESPONSE,5,6.18
INC-0494-096,P-0494,2026-04-06,HIGH_INTENSITY_OPERATION,4,5.48
INC-0494-101,P-0494,2026-04-11,HIGH_INTENSITY_OPERATION,3,3.28
INC-0494-106,P-0494,2026-04-16,EMERGENCY_RESPONSE,5,5.89
INC-0494-120,P-0494,2026-04-30,EXTENDED_OPERATION,5,6.32
INC-0494-176,P-0494,2026-06-25,ROUTINE_OPERATION,3,4.43
INC-0495-051,P-0495,2026-02-20,EMERGENCY_RESPONSE,4,4.86
INC-0495-053,P-0495,2026-02-22,ROUTINE_OPERATION,4,4.93
INC-0495-077,P-0495,2026-03-18,EXTENDED_OPERATION,2,3.21
INC-0495-169,P-0495,2026-06-18,HIGH_INTENSITY_OPERATION,4,4.62
INC-0495-175,P-0495,2026-06-24,ROUTINE_OPERATION,1,3.28
INC-0496-036,P-0496,2026-02-05,HIGH_INTENSITY_OPERATION,3,4.89
INC-0496-099,P-0496,2026-04-09,ROUTINE_OPERATION,3,4.76
INC-0496-123,P-0496,2026-05-03,ROUTINE_OPERATION,2,3.84
INC-0497-024,P-0497,2026-01-24,ROUTINE_OPERATION,4,4.74
INC-0497-025,P-0497,2026-01-25,EMERGENCY_RESPONSE,4,5.9
INC-0497-056,P-0497,2026-02-25,EXTENDED_OPERATION,5,5.82
INC-0497-061,P-0497,2026-03-02,ROUTINE_OPERATION,5,4.69
INC-0497-102,P-0497,2026-04-12,HIGH_INTENSITY_OPERATION,4,6.2
INC-0497-113,P-0497,2026-04-23,EMERGENCY_RESPONSE,5,5.0
INC-0497-141,P-0497,2026-05-21,ROUTINE_OPERATION,4,5.69
INC-0497-148,P-0497,2026-05-28,HIGH_INTENSITY_OPERATION,5,6.03
INC-0497-167,P-0497,2026-06-16,ROUTINE_OPERATION,4,5.73
INC-0497-175,P-0497,2026-06-24,ROUTINE_OPERATION,5,7.09
INC-0497-180,P-0497,2026-06-29,ROUTINE_OPERATION,5,6.85
INC-0498-008,P-0498,2026-01-08,EMERGENCY_RESPONSE,4,4.17
INC-0498-010,P-0498,2026-01-10,ROUTINE_OPERATION,4,4.37
INC-0498-029,P-0498,2026-01-29,EMERGENCY_RESPONSE,5,7.03
INC-0498-056,P-0498,2026-02-25,ROUTINE_OPERATION,5,6.11
INC-0498-118,P-0498,2026-04-28,EMERGENCY_RESPONSE,5,6.65
INC-0498-172,P-0498,2026-06-21,ROUTINE_OPERATION,2,3.69
INC-0498-179,P-0498,2026-06-28,ROUTINE_OPERATION,3,4.07
INC-0499-011,P-0499,2026-01-11,HIGH_INTENSITY_OPERATION,3,4.75
INC-0499-016,P-0499,2026-01-16,HIGH_INTENSITY_OPERATION,3,4.14
INC-0499-114,P-0499,2026-04-24,HIGH_INTENSITY_OPERATION,3,4.08
INC-0499-140,P-0499,2026-05-20,ROUTINE_OPERATION,3,4.9
INC-0499-152,P-0499,2026-06-01,EMERGENCY_RESPONSE,5,5.55
INC-0499-157,P-0499,2026-06-06,ROUTINE_OPERATION,4,3.75
INC-0499-159,P-0499,2026-06-08,EMERGENCY_RESPONSE,1,3.25
INC-0499-163,P-0499,2026-06-12,ROUTINE_OPERATION,3,4.03
INC-0499-175,P-0499,2026-06-24,ROUTINE_OPERATION,2,2.76
INC-0500-010,P-0500,2026-01-10,HIGH_INTENSITY_OPERATION,3,4.93
INC-0500-050,P-0500,2026-02-19,EXTENDED_OPERATION,4,5.61
INC-0500-090,P-0500,2026-03-31,ROUTINE_OPERATION,1,2.85
INC-0500-094,P-0500,2026-04-04,HIGH_INTENSITY_OPERATION,1,2.08
INC-0500-103,P-0500,2026-04-13,ROUTINE_OPERATION,2,4.56
INC-0500-108,P-0500,2026-04-18,ROUTINE_OPERATION,3,5.59
INC-0500-110,P-0500,2026-04-20,HIGH_INTENSITY_OPERATION,4,5.52
INC-0500-115,P-0500,2026-04-25,HIGH_INTENSITY_OPERATION,3,2.98
INC-0500-151,P-0500,2026-05-31,HIGH_INTENSITY_OPERATION,1,3.85
INC-0500-170,P-0500,2026-06-19,HIGH_INTENSITY_OPERATION,2,4.06
